net,mu,bwd,tree,B_e,alloc,T
NN1,1,R,0,1000000000.0,"[500, 125, 10]",0.00024664486557539886
NN1,1,R,0,1333521432.163324,"[500, 125, 10]",0.000198816635014463
NN1,1,R,0,1778279410.0389228,"[500, 125, 10]",0.00016295052187419967
NN1,1,R,0,2371373705.6616554,"[500, 125, 10]",0.00013605473131905347
NN1,1,R,0,3162277660.1683793,"[512, 167, 10]",0.00011390185103698949
NN1,1,R,0,4216965034.2858224,"[512, 167, 10]",9.807061130505203e-05
NN1,1,R,0,5623413251.903491,"[512, 167, 10]",8.619885630351822e-05
NN1,1,R,0,7498942093.324558,"[512, 167, 10]",7.72962959732544e-05
NN1,1,R,0,10000000000.0,"[512, 167, 10]",7.062031753335672e-05
NN1,1,R,0,13335214321.63324,"[512, 167, 10]",6.561403995964913e-05
NN1,1,R,0,17782794100.38923,"[512, 167, 10]",6.185986139681486e-05
NN1,1,R,0,23713737056.61655,"[512, 167, 10]",5.904462463174541e-05
NN1,1,R,0,31622776601.683792,"[512, 167, 10]",5.6933494883719994e-05
NN1,1,R,0,42169650342.85822,"[512, 167, 10]",5.535037091052624e-05
NN1,1,R,0,56234132519.034904,"[500, 250, 10]",5.3829685786294095e-05
NN1,1,R,0,74989420933.24557,"[500, 250, 10]",5.2658086530655074e-05
NN1,1,R,0,100000000000.0,"[500, 250, 10]",5.177951103319316e-05
NN1,1,R,0,133352143216.3324,"[500, 250, 10]",5.112067235518509e-05
NN1,1,R,0,177827941003.89227,"[500, 500, 10]",5.054991180352005e-05
NN1,1,R,0,237137370566.16553,"[500, 500, 10]",4.9898399982776584e-05
NN1,1,R,0,316227766016.83795,"[500, 500, 10]",4.940983504108941e-05
NN1,1,R,0,421696503428.5823,"[500, 500, 10]",4.904346302043535e-05
NN1,1,R,0,562341325190.3491,"[1000, 500, 10]",4.847663022398437e-05
NN1,1,R,0,749894209332.4558,"[1000, 500, 10]",4.787893243074073e-05
NN1,1,R,0,1000000000000.0,"[1000, 500, 10]",4.7430722316656545e-05
NN1,1,R,0,1333521432163.324,"[1000, 500, 10]",4.709461214754057e-05
NN1,1,R,0,1778279410038.9229,"[1000, 500, 10]",4.684256507802275e-05
NN1,1,R,0,2371373705661.6553,"[1000, 500, 10]",4.6653556440112115e-05
NN1,1,R,0,3162277660168.3794,"[1000, 500, 10]",4.651181995702912e-05
NN1,1,R,0,4216965034285.8223,"[1000, 500, 10]",4.640553258911404e-05
NN1,1,R,0,5623413251903.491,"[1000, 500, 10]",4.632582830738933e-05
NN1,1,R,0,7498942093324.559,"[1000, 500, 10]",4.6266058528064963e-05
NN1,1,R,0,10000000000000.0,"[1000, 500, 10]",4.622123751665654e-05
NN1,1,R,0,1e+18,"[1000, 500, 10]",4.6086851660528544e-05
NN1,1,R,0,435200000000.0,"[500, 500, 10]",4.9009378600720176e-05
NN1,1,R,1,1000000000.0,"[500, 125, 10]",0.00024664486557539886
NN1,1,R,1,1333521432.163324,"[512, 167, 10]",0.00019740536761374812
NN1,1,R,1,1778279410.0389228,"[512, 167, 10]",0.00016068941484486006
NN1,1,R,1,2371373705.6616554,"[512, 167, 10]",0.00013315633447334694
NN1,1,R,1,3162277660.1683793,"[512, 167, 10]",0.00011250943693766417
NN1,1,R,1,4216965034.2858224,"[512, 167, 10]",9.702644803497509e-05
NN1,1,R,1,5623413251.903491,"[512, 167, 10]",8.541584431368988e-05
NN1,1,R,1,7498942093.324558,"[512, 167, 10]",7.670911981624423e-05
NN1,1,R,1,10000000000.0,"[512, 167, 10]",7.017999753335672e-05
NN1,1,R,1,13335214321.63324,"[512, 167, 10]",6.528384654139585e-05
NN1,1,R,1,17782794100.38923,"[512, 167, 10]",6.161225126450705e-05
NN1,1,R,1,23713737056.61655,"[500, 250, 10]",5.873701102157832e-05
NN1,1,R,1,31622776601.683792,"[500, 250, 10]",5.633806130790575e-05
NN1,1,R,1,42169650342.85822,"[500, 250, 10]",5.4539102809142934e-05
NN1,1,R,1,56234132519.034904,"[500, 250, 10]",5.3190074248091295e-05
NN1,1,R,1,74989420933.24557,"[500, 250, 10]",5.217844554193457e-05
NN1,1,R,1,100000000000.0,"[500, 500, 10]",5.121920683601429e-05
NN1,1,R,1,133352143216.3324,"[500, 500, 10]",5.040030045197899e-05
NN1,1,R,1,177827941003.89227,"[500, 500, 10]",4.978620729660554e-05
NN1,1,R,1,237137370566.16553,"[1000, 250, 10]",4.923881600711918e-05
NN1,1,R,1,316227766016.83795,"[1000, 500, 10]",4.8514872402355106e-05
NN1,1,R,1,421696503428.5823,"[1000, 500, 10]",4.790761001885321e-05
NN1,1,R,1,562341325190.3491,"[1000, 500, 10]",4.745222747391971e-05
NN1,1,R,1,749894209332.4558,"[1000, 500, 10]",4.7110738740443e-05
NN1,1,R,1,1000000000000.0,"[1000, 500, 10]",4.685465831665654e-05
NN1,1,R,1,1333521432163.324,"[1000, 500, 10]",4.666262508973568e-05
NN1,1,R,1,1778279410038.9229,"[1000, 500, 10]",4.65186204848683e-05
NN1,1,R,1,2371373705661.6553,"[1000, 500, 10]",4.641063226556104e-05
NN1,1,R,1,3162277660168.3794,"[1000, 500, 10]",4.63296525252264e-05
NN1,1,R,1,4216965034285.8223,"[1000, 500, 10]",4.6268926286876206e-05
NN1,1,R,1,5623413251903.491,"[1000, 500, 10]",4.622338803238286e-05
NN1,1,R,1,7498942093324.559,"[1000, 500, 10]",4.618923915903519e-05
NN1,1,R,1,10000000000000.0,"[1000, 500, 10]",4.616363111665654e-05
NN1,1,R,1,1e+18,"[1000, 500, 10]",4.608685108446454e-05
NN1,1,R,1,435200000000.0,"[1000, 500, 10]",4.78511150225389e-05
NN1,1,T,1,1000000000.0,"[1000, 500, 10]",0.00017144689960541987
NN1,1,T,1,1333521432.163324,"[1000, 500, 10]",0.00013930530423515242
NN1,1,T,1,1778279410.0389228,"[1000, 500, 10]",0.00011520250798828201
NN1,1,T,1,2371373705.6616554,"[1000, 500, 10]",9.712796065403383e-05
NN1,1,T,1,3162277660.1683793,"[1000, 500, 10]",8.357396227177574e-05
NN1,1,T,1,4216965034.2858224,"[1000, 500, 10]",7.340989737161892e-05
NN1,1,T,1,5623413251.903491,"[1000, 500, 10]",6.578792395971206e-05
NN1,1,T,1,7498942093.324558,"[1000, 500, 10]",6.0072250234437165e-05
NN1,1,T,1,10000000000.0,"[1000, 500, 10]",5.578609960541986e-05
NN1,1,T,1,13335214321.63324,"[1000, 500, 10]",5.257194006839312e-05
NN1,1,T,1,17782794100.38923,"[1000, 500, 10]",5.0161660443706075e-05
NN1,1,T,1,23713737056.61655,"[1000, 500, 10]",4.835420571028126e-05
NN1,1,T,1,31622776601.683792,"[1000, 500, 10]",4.699880587205545e-05
NN1,1,T,1,42169650342.85822,"[1000, 500, 10]",4.598239938203977e-05
NN1,1,T,1,56234132519.034904,"[1000, 500, 10]",4.522020204084908e-05
NN1,1,T,1,74989420933.24557,"[1000, 500, 10]",4.464863466832159e-05
NN1,1,T,1,100000000000.0,"[1000, 500, 10]",4.422001960541986e-05
NN1,1,T,1,133352143216.3324,"[1000, 500, 10]",4.389860365171719e-05
NN1,1,T,1,177827941003.89227,"[1000, 500, 10]",4.365757568924848e-05
NN1,1,T,1,237137370566.16553,"[1000, 500, 10]",4.3476830215906e-05
NN1,1,T,1,316227766016.83795,"[1000, 500, 10]",4.334129023208342e-05
NN1,1,T,1,421696503428.5823,"[1000, 500, 10]",4.3239649583081854e-05
NN1,1,T,1,562341325190.3491,"[1000, 500, 10]",4.316342984896278e-05
NN1,1,T,1,749894209332.4558,"[1000, 500, 10]",4.3106273111710036e-05
NN1,1,T,1,1000000000000.0,"[1000, 500, 10]",4.306341160541986e-05
NN1,1,T,1,1333521432163.324,"[1000, 500, 10]",4.303127001004959e-05
NN1,1,T,1,1778279410038.9229,"[1000, 500, 10]",4.3007167213802724e-05
NN1,1,T,1,2371373705661.6553,"[1000, 500, 10]",4.298909266646848e-05
NN1,1,T,1,3162277660168.3794,"[1000, 500, 10]",4.297553866808622e-05
NN1,1,T,1,4216965034285.8223,"[1000, 500, 10]",4.296537460318606e-05
NN1,1,T,1,5623413251903.491,"[1000, 500, 10]",4.295775262977415e-05
NN1,1,T,1,7498942093324.559,"[1000, 500, 10]",4.2952036956048876e-05
NN1,1,T,1,10000000000000.0,"[1000, 500, 10]",4.294775080541986e-05
NN1,1,T,1,1e+18,"[1000, 500, 10]",4.293489973393186e-05
NN1,1,T,1,435200000000.0,"[1000, 500, 10]",4.3230193723066917e-05
NN1,1,T,0,1000000000.0,"[175, 175, 10]",0.0002031667596647151
NN1,1,T,0,1333521432.163324,"[175, 175, 10]",0.00016620712634302808
NN1,1,T,0,1778279410.0389228,"[175, 175, 10]",0.00013849131133604413
NN1,1,T,0,2371373705.6616554,"[175, 175, 10]",0.00011770738215537727
NN1,1,T,0,3162277660.1683793,"[175, 175, 10]",0.00010212163401561935
NN1,1,T,0,4216965034.2858224,"[250, 175, 10]",9.027441086864234e-05
NN1,1,T,0,5623413251.903491,"[250, 175, 10]",8.062168258852325e-05
NN1,1,T,0,7498942093.324558,"[250, 175, 10]",7.33831575470023e-05
NN1,1,T,0,10000000000.0,"[350, 175, 10]",6.775772687339997e-05
NN1,1,T,0,13335214321.63324,"[350, 175, 10]",6.31877938663226e-05
NN1,1,T,0,17782794100.38923,"[350, 175, 10]",5.976082756727803e-05
NN1,1,T,0,23713737056.61655,"[500, 175, 10]",5.7041945367613515e-05
NN1,1,T,0,31622776601.683792,"[500, 250, 10]",5.472090791724787e-05
NN1,1,T,0,42169650342.85822,"[500, 250, 10]",5.2763515538318276e-05
NN1,1,T,0,56234132519.034904,"[500, 250, 10]",5.129567832796749e-05
NN1,1,T,0,74989420933.24557,"[500, 500, 10]",5.002204509029966e-05
NN1,1,T,0,100000000000.0,"[500, 500, 10]",4.881005488753271e-05
NN1,1,T,0,133352143216.3324,"[500, 500, 10]",4.790119045271011e-05
NN1,1,T,0,177827941003.89227,"[500, 500, 10]",4.7219638275968425e-05
NN1,1,T,0,237137370566.16553,"[500, 500, 10]",4.67085462452719e-05
NN1,1,T,0,316227766016.83795,"[500, 500, 10]",4.632528129101662e-05
NN1,1,T,0,421696503428.5823,"[500, 500, 10]",4.603787312118051e-05
NN1,1,T,0,562341325190.3491,"[1000, 500, 10]",4.532467951274769e-05
NN1,1,T,0,749894209332.4558,"[1000, 500, 10]",4.472698171950405e-05
NN1,1,T,0,1000000000000.0,"[1000, 500, 10]",4.427877160541986e-05
NN1,1,T,0,1333521432163.324,"[1000, 500, 10]",4.394266143630389e-05
NN1,1,T,0,1778279410038.9229,"[1000, 500, 10]",4.3690614366786066e-05
NN1,1,T,0,2371373705661.6553,"[1000, 500, 10]",4.350160572887543e-05
NN1,1,T,0,3162277660168.3794,"[1000, 500, 10]",4.335986924579244e-05
NN1,1,T,0,4216965034285.8223,"[1000, 500, 10]",4.325358187787736e-05
NN1,1,T,0,5623413251903.491,"[1000, 500, 10]",4.3173877596152644e-05
NN1,1,T,0,7498942093324.559,"[1000, 500, 10]",4.311410781682828e-05
NN1,1,T,0,10000000000000.0,"[1000, 500, 10]",4.306928680541986e-05
NN1,1,T,0,1e+18,"[1000, 500, 10]",4.293490094929186e-05
NN1,1,T,0,435200000000.0,"[500, 500, 10]",4.601113488753271e-05
NN1,8,R,1,1000000000.0,"[500, 125, 10]",0.0016721954534253702
NN1,8,R,1,1333521432.163324,"[500, 125, 10]",0.0012895696089378836
NN1,8,R,1,1778279410.0389228,"[500, 125, 10]",0.0010026407038157769
NN1,8,R,1,2371373705.6616554,"[500, 125, 10]",0.0007874743793746073
NN1,8,R,1,3162277660.1683793,"[500, 125, 10]",0.0006261223986328258
NN1,8,R,1,4216965034.2858224,"[500, 125, 10]",0.0005051254826102418
NN1,8,R,1,5623413251.903491,"[500, 125, 10]",0.00041439059593782073
NN1,8,R,1,7498942093.324558,"[512, 167, 10]",0.00034425427749180975
NN1,8,R,1,10000000000.0,"[512, 167, 10]",0.0002920212992287096
NN1,8,R,1,13335214321.63324,"[512, 167, 10]",0.0002528520912930227
NN1,8,R,1,17782794100.38923,"[512, 167, 10]",0.00022347932907791222
NN1,8,R,1,23713737056.61655,"[512, 167, 10]",0.00020145286478070177
NN1,8,R,1,31622776601.683792,"[512, 167, 10]",0.00018493534675215553
NN1,8,R,1,42169650342.85822,"[512, 167, 10]",0.00017254895563000426
NN1,8,R,1,56234132519.034904,"[500, 250, 10]",0.00016178075116501337
NN1,8,R,1,74989420933.24557,"[500, 250, 10]",0.0001536877215157596
NN1,8,R,1,100000000000.0,"[500, 250, 10]",0.00014761880544582833
NN1,8,R,1,133352143216.3324,"[500, 500, 10]",0.00014202478546208137
NN1,8,R,1,177827941003.89227,"[500, 500, 10]",0.00013711204021909376
NN1,8,R,1,237137370566.16553,"[500, 500, 10]",0.00013342800100945177
NN1,8,R,1,316227766016.83795,"[500, 500, 10]",0.00013066536133918754
NN1,8,R,1,421696503428.5823,"[500, 500, 10]",0.00012859367384798425
NN1,8,R,1,562341325190.3491,"[500, 500, 10]",0.00012704012739478445
NN1,8,R,1,749894209332.4558,"[1000, 500, 10]",0.00012530237796652216
NN1,8,R,1,1000000000000.0,"[1000, 500, 10]",0.00012325373457623053
NN1,8,R,1,1333521432163.324,"[1000, 500, 10]",0.00012171746876086358
NN1,8,R,1,1778279410038.9229,"[1000, 500, 10]",0.00012056543192192453
NN1,8,R,1,2371373705661.6553,"[1000, 500, 10]",0.00011970152616746646
NN1,8,R,1,3162277660168.3794,"[1000, 500, 10]",0.00011905368824478937
NN1,8,R,1,4216965034285.8223,"[1000, 500, 10]",0.00011856787833798785
NN1,8,R,1,5623413251903.491,"[1000, 500, 10]",0.00011820357230204105
NN1,8,R,1,7498942093324.559,"[1000, 500, 10]",0.00011793038131525967
NN1,8,R,1,10000000000000.0,"[1000, 500, 10]",0.00011772551697623052
NN1,8,R,1,1e+18,"[1000, 500, 10]",0.00011711127671869452
NN1,8,R,1,435200000000.0,"[500, 500, 10]",0.00012840094006377552
NN1,8,R,0,1000000000.0,"[500, 125, 10]",0.0016721954534253702
NN1,8,R,0,1333521432.163324,"[500, 125, 10]",0.0012895696089378836
NN1,8,R,0,1778279410.0389228,"[500, 125, 10]",0.0010026407038157769
NN1,8,R,0,2371373705.6616554,"[500, 125, 10]",0.0007874743793746073
NN1,8,R,0,3162277660.1683793,"[500, 125, 10]",0.0006261223986328258
NN1,8,R,0,4216965034.2858224,"[500, 125, 10]",0.0005051254826102418
NN1,8,R,0,5623413251.903491,"[500, 125, 10]",0.00041439059593782073
NN1,8,R,0,7498942093.324558,"[500, 125, 10]",0.00034634902983773555
NN1,8,R,0,10000000000.0,"[500, 125, 10]",0.0002953250534253701
NN1,8,R,0,13335214321.63324,"[500, 125, 10]",0.0002570624689766215
NN1,8,R,0,17782794100.38923,"[512, 167, 10]",0.00022546021013637474
NN1,8,R,0,23713737056.61655,"[512, 167, 10]",0.00020293831601581915
NN1,8,R,0,31622776601.683792,"[512, 167, 10]",0.00018604927803161578
NN1,8,R,0,42169650342.85822,"[512, 167, 10]",0.0001733842862460658
NN1,8,R,0,56234132519.034904,"[512, 167, 10]",0.00016388688224483876
NN1,8,R,0,74989420933.24557,"[512, 167, 10]",0.0001567648339806277
NN1,8,R,0,100000000000.0,"[500, 250, 10]",0.0001504962454458283
NN1,8,R,0,133352143216.3324,"[500, 250, 10]",0.00014522553602176375
NN1,8,R,0,177827941003.89227,"[500, 250, 10]",0.00014127306154558373
NN1,8,R,0,237137370566.16553,"[500, 500, 10]",0.00013800958170846208
NN1,8,R,0,316227766016.83795,"[500, 500, 10]",0.00013410106217496472
NN1,8,R,0,421696503428.5823,"[500, 500, 10]",0.00013117008600973225
NN1,8,R,0,562341325190.3491,"[500, 500, 10]",0.00012897216395573295
NN1,8,R,0,749894209332.4558,"[500, 500, 10]",0.00012732395493487481
NN1,8,R,0,1000000000000.0,"[500, 500, 10]",0.00012608797253436377
NN1,8,R,0,1333521432163.324,"[500, 500, 10]",0.0001251611164893837
NN1,8,R,0,1778279410038.9229,"[1000, 500, 10]",0.00012315698866716016
NN1,8,R,0,2371373705661.6553,"[1000, 500, 10]",0.00012164491956387512
NN1,8,R,0,3162277660168.3794,"[1000, 500, 10]",0.00012051102769921116
NN1,8,R,0,4216965034285.8223,"[1000, 500, 10]",0.00011966072875589046
NN1,8,R,0,5623413251903.491,"[1000, 500, 10]",0.00011902309450209277
NN1,8,R,0,7498942093324.559,"[1000, 500, 10]",0.00011854493626749787
NN1,8,R,0,10000000000000.0,"[1000, 500, 10]",0.00011818636817623051
NN1,8,R,0,1e+18,"[1000, 500, 10]",0.00011711128132720651
NN1,8,R,0,435200000000.0,"[500, 500, 10]",0.0001308974106520108
NN1,8,T,1,1000000000.0,"[1000, 500, 10]",0.0011369787711884754
NN1,8,T,1,1333521432.163324,"[1000, 500, 10]",0.0008798460082263358
NN1,8,T,1,1778279410.0389228,"[1000, 500, 10]",0.0006870236382513726
NN1,8,T,1,2371373705.6616554,"[1000, 500, 10]",0.0005424272595773871
NN1,8,T,1,3162277660.1683793,"[1000, 500, 10]",0.00043399527251932244
NN1,8,T,1,4216965034.2858224,"[1000, 500, 10]",0.0003526827533180679
NN1,8,T,1,5623413251.903491,"[1000, 500, 10]",0.00029170696602281304
NN1,8,T,1,7498942093.324558,"[1000, 500, 10]",0.00024598157622061386
NN1,8,T,1,10000000000.0,"[1000, 500, 10]",0.0002116923711884754
NN1,8,T,1,13335214321.63324,"[1000, 500, 10]",0.00018597909489226144
NN1,8,T,1,17782794100.38923,"[1000, 500, 10]",0.0001666968578947651
NN1,8,T,1,23713737056.61655,"[1000, 500, 10]",0.00015223722002736658
NN1,8,T,1,31622776601.683792,"[1000, 500, 10]",0.0001413940213215601
NN1,8,T,1,42169650342.85822,"[1000, 500, 10]",0.00013326276940143467
NN1,8,T,1,56234132519.034904,"[1000, 500, 10]",0.00012716519067190916
NN1,8,T,1,74989420933.24557,"[1000, 500, 10]",0.00012259265169168925
NN1,8,T,1,100000000000.0,"[1000, 500, 10]",0.0001191637311884754
NN1,8,T,1,133352143216.3324,"[1000, 500, 10]",0.000116592403558854
NN1,8,T,1,177827941003.89227,"[1000, 500, 10]",0.00011466417985910437
NN1,8,T,1,237137370566.16553,"[1000, 500, 10]",0.00011321821607236452
NN1,8,T,1,316227766016.83795,"[1000, 500, 10]",0.00011213389620178388
NN1,8,T,1,421696503428.5823,"[1000, 500, 10]",0.00011132077100977133
NN1,8,T,1,562341325190.3491,"[1000, 500, 10]",0.00011071101313681879
NN1,8,T,1,749894209332.4558,"[1000, 500, 10]",0.00011025375923879678
NN1,8,T,1,1000000000000.0,"[1000, 500, 10]",0.0001099108671884754
NN1,8,T,1,1333521432163.324,"[1000, 500, 10]",0.00010965373442551326
NN1,8,T,1,1778279410038.9229,"[1000, 500, 10]",0.0001094609120555383
NN1,8,T,1,2371373705661.6553,"[1000, 500, 10]",0.00010931631567686431
NN1,8,T,1,3162277660168.3794,"[1000, 500, 10]",0.00010920788368980625
NN1,8,T,1,4216965034285.8223,"[1000, 500, 10]",0.00010912657117060499
NN1,8,T,1,5623413251903.491,"[1000, 500, 10]",0.00010906559538330974
NN1,8,T,1,7498942093324.559,"[1000, 500, 10]",0.00010901986999350754
NN1,8,T,1,10000000000000.0,"[1000, 500, 10]",0.0001089855807884754
NN1,8,T,1,1e+18,"[1000, 500, 10]",0.0001088827722165714
NN1,8,T,1,435200000000.0,"[1000, 500, 10]",0.00011124512412965188
NN1,8,T,0,1000000000.0,"[175, 175, 10]",0.0013354879955804447
NN1,8,T,0,1333521432.163324,"[175, 175, 10]",0.0010398109290069486
NN1,8,T,0,1778279410.0389228,"[175, 175, 10]",0.0008180844089510768
NN1,8,T,0,2371373705.6616554,"[175, 175, 10]",0.000651812975505742
NN1,8,T,0,3162277660.1683793,"[175, 175, 10]",0.0005271269903876786
NN1,8,T,0,4216965034.2858224,"[175, 175, 10]",0.0004336256921627301
NN1,8,T,0,5623413251.903491,"[175, 175, 10]",0.00036350961005877415
NN1,8,T,0,7498942093.324558,"[175, 175, 10]",0.0003109299661079386
NN1,8,T,0,10000000000.0,"[250, 175, 10]",0.0002702333922861399
NN1,8,T,0,13335214321.63324,"[250, 175, 10]",0.00023766921817196062
NN1,8,T,0,17782794100.38923,"[250, 175, 10]",0.00021324953257204367
NN1,8,T,0,23713737056.61655,"[350, 175, 10]",0.00019476351558311538
NN1,8,T,0,31622776601.683792,"[350, 175, 10]",0.00017934651742321624
NN1,8,T,0,42169650342.85822,"[350, 175, 10]",0.00016778539977781875
NN1,8,T,0,56234132519.034904,"[500, 250, 10]",0.0001577667999964674
NN1,8,T,0,74989420933.24557,"[500, 250, 10]",0.0001489610190021893
NN1,8,T,0,100000000000.0,"[500, 250, 10]",0.00014235761482593037
NN1,8,T,0,133352143216.3324,"[500, 500, 10]",0.00013679322405323193
NN1,8,T,0,177827941003.89227,"[500, 500, 10]",0.00013134080663929846
NN1,8,T,0,237137370566.16553,"[500, 500, 10]",0.00012725207039372628
NN1,8,T,0,316227766016.83795,"[500, 500, 10]",0.000124185950759684
NN1,8,T,0,421696503428.5823,"[500, 500, 10]",0.00012188668540099515
NN1,8,T,0,562341325190.3491,"[500, 500, 10]",0.00012016247962279565
NN1,8,T,0,749894209332.4558,"[500, 500, 10]",0.0001188695076940263
NN1,8,T,0,1000000000000.0,"[500, 500, 10]",0.00011789991553181275
NN1,8,T,0,1333521432163.324,"[1000, 500, 10]",0.00011694486583554761
NN1,8,T,0,1778279410038.9229,"[1000, 500, 10]",0.00011492848927940504
NN1,8,T,0,2371373705661.6553,"[1000, 500, 10]",0.00011341642017612001
NN1,8,T,0,3162277660168.3794,"[1000, 500, 10]",0.00011228252831145605
NN1,8,T,0,4216965034285.8223,"[1000, 500, 10]",0.00011143222936813535
NN1,8,T,0,5623413251903.491,"[1000, 500, 10]",0.00011079459511433766
NN1,8,T,0,7498942093324.559,"[1000, 500, 10]",0.00011031643687974276
NN1,8,T,0,10000000000000.0,"[1000, 500, 10]",0.0001099578687884754
NN1,8,T,0,1e+18,"[1000, 500, 10]",0.0001088827819394514
NN1,8,T,0,435200000000.0,"[500, 500, 10]",0.00012167277953181274
NN1,16,R,1,1000000000.0,"[500, 125, 10]",0.003303855328068225
NN1,16,R,1,1333521432.163324,"[500, 125, 10]",0.002538603639093252
NN1,16,R,1,1778279410.0389228,"[500, 125, 10]",0.0019647458288490384
NN1,16,R,1,2371373705.6616554,"[500, 125, 10]",0.0015344131799666992
NN1,16,R,1,3162277660.1683793,"[500, 125, 10]",0.0012117092184831361
NN1,16,R,1,4216965034.2858224,"[500, 125, 10]",0.0009697153864379684
NN1,16,R,1,5623413251.903491,"[500, 125, 10]",0.0007882456130931262
NN1,16,R,1,7498942093.324558,"[512, 167, 10]",0.0006466421458538773
NN1,16,R,1,10000000000.0,"[512, 167, 10]",0.0005421761893276769
NN1,16,R,1,13335214321.63324,"[512, 167, 10]",0.00046383777345630317
NN1,16,R,1,17782794100.38923,"[512, 167, 10]",0.0004050922490260822
NN1,16,R,1,23713737056.61655,"[512, 167, 10]",0.00036103932043166125
NN1,16,R,1,31622776601.683792,"[512, 167, 10]",0.0003280042843745688
NN1,16,R,1,42169650342.85822,"[500, 250, 10]",0.00029977894849959614
NN1,16,R,1,56234132519.034904,"[500, 250, 10]",0.00027819449152276986
NN1,16,R,1,74989420933.24557,"[500, 250, 10]",0.00026200843222426234
NN1,16,R,1,100000000000.0,"[500, 250, 10]",0.0002498706000843997
NN1,16,R,1,133352143216.3324,"[500, 500, 10]",0.00023969623135408472
NN1,16,R,1,177827941003.89227,"[500, 500, 10]",0.0002298707408681095
NN1,16,R,1,237137370566.16553,"[500, 500, 10]",0.00022250266244882552
NN1,16,R,1,316227766016.83795,"[500, 500, 10]",0.00021697738310829705
NN1,16,R,1,421696503428.5823,"[500, 500, 10]",0.0002128340081258905
NN1,16,R,1,562341325190.3491,"[500, 500, 10]",0.00020972691521949086
NN1,16,R,1,749894209332.4558,"[1000, 500, 10]",0.00020679412035681382
NN1,16,R,1,1000000000000.0,"[1000, 500, 10]",0.0002026968335762305
NN1,16,R,1,1333521432163.324,"[1000, 500, 10]",0.00019962430194549663
NN1,16,R,1,1778279410038.9229,"[1000, 500, 10]",0.00019732022826761853
NN1,16,R,1,2371373705661.6553,"[1000, 500, 10]",0.00019559241675870238
NN1,16,R,1,3162277660168.3794,"[1000, 500, 10]",0.0001942967409133482
NN1,16,R,1,4216965034285.8223,"[1000, 500, 10]",0.00019332512109974516
NN1,16,R,1,5623413251903.491,"[1000, 500, 10]",0.00019259650902785156
NN1,16,R,1,7498942093324.559,"[1000, 500, 10]",0.0001920501270542888
NN1,16,R,1,10000000000000.0,"[1000, 500, 10]",0.0001916403983762305
NN1,16,R,1,1e+18,"[1000, 500, 10]",0.0001904119178611585
NN1,16,R,1,435200000000.0,"[500, 500, 10]",0.00021244854055747303
NN1,16,R,0,1000000000.0,"[500, 125, 10]",0.003303855328068225
NN1,16,R,0,1333521432.163324,"[500, 125, 10]",0.002538603639093252
NN1,16,R,0,1778279410.0389228,"[500, 125, 10]",0.0019647458288490384
NN1,16,R,0,2371373705.6616554,"[500, 125, 10]",0.0015344131799666992
NN1,16,R,0,3162277660.1683793,"[500, 125, 10]",0.0012117092184831361
NN1,16,R,0,4216965034.2858224,"[500, 125, 10]",0.0009697153864379684
NN1,16,R,0,5623413251.903491,"[500, 125, 10]",0.0007882456130931262
NN1,16,R,0,7498942093.324558,"[500, 125, 10]",0.0006521624808929558
NN1,16,R,0,10000000000.0,"[500, 125, 10]",0.000550114528068225
NN1,16,R,0,13335214321.63324,"[512, 167, 10]",0.0004691208681483554
NN1,16,R,0,17782794100.38923,"[512, 167, 10]",0.00040905401114300726
NN1,16,R,0,23713737056.61655,"[512, 167, 10]",0.000364010222901896
NN1,16,R,0,31622776601.683792,"[512, 167, 10]",0.0003302321469334893
NN1,16,R,0,42169650342.85822,"[512, 167, 10]",0.0003049021633623894
NN1,16,R,0,56234132519.034904,"[512, 167, 10]",0.00028590735535993523
NN1,16,R,0,74989420933.24557,"[500, 250, 10]",0.0002696826880437904
NN1,16,R,0,100000000000.0,"[500, 250, 10]",0.00025562548008439974
NN1,16,R,0,133352143216.3324,"[500, 250, 10]",0.00024508406123627057
NN1,16,R,0,177827941003.89227,"[500, 250, 10]",0.00023717911228391054
NN1,16,R,0,237137370566.16553,"[500, 250, 10]",0.00023125123683946706
NN1,16,R,0,316227766016.83795,"[500, 500, 10]",0.00022384878477985142
NN1,16,R,0,421696503428.5823,"[500, 500, 10]",0.00021798683244938648
NN1,16,R,0,562341325190.3491,"[500, 500, 10]",0.00021359098834138792
NN1,16,R,0,749894209332.4558,"[500, 500, 10]",0.0002102945702996716
NN1,16,R,0,1000000000000.0,"[500, 500, 10]",0.00020782260549864951
NN1,16,R,0,1333521432163.324,"[500, 500, 10]",0.0002059688934086894
NN1,16,R,0,1778279410038.9229,"[1000, 500, 10]",0.00020250334175808977
NN1,16,R,0,2371373705661.6553,"[1000, 500, 10]",0.0001994792035515197
NN1,16,R,0,3162277660168.3794,"[1000, 500, 10]",0.00019721141982219177
NN1,16,R,0,4216965034285.8223,"[1000, 500, 10]",0.0001955108219355504
NN1,16,R,0,5623413251903.491,"[1000, 500, 10]",0.000194235553427955
NN1,16,R,0,7498942093324.559,"[1000, 500, 10]",0.0001932792369587652
NN1,16,R,0,10000000000000.0,"[1000, 500, 10]",0.00019256210077623048
NN1,16,R,0,1e+18,"[1000, 500, 10]",0.00019041192707818248
NN1,16,R,0,435200000000.0,"[500, 500, 10]",0.00021744148173394364
NN1,16,T,1,1000000000.0,"[1000, 500, 10]",0.0022336753711884754
NN1,16,T,1,1333521432.163324,"[1000, 500, 10]",0.0017194098452641962
NN1,16,T,1,1778279410.0389228,"[1000, 500, 10]",0.0013337651053142697
NN1,16,T,1,2371373705.6616554,"[1000, 500, 10]",0.0010445723479662987
NN1,16,T,1,3162277660.1683793,"[1000, 500, 10]",0.0008277083738501695
NN1,16,T,1,4216965034.2858224,"[1000, 500, 10]",0.0006650833354476604
NN1,16,T,1,5623413251.903491,"[1000, 500, 10]",0.0005431317608571507
NN1,16,T,1,7498942093.324558,"[1000, 500, 10]",0.0004516809812527523
NN1,16,T,1,10000000000.0,"[1000, 500, 10]",0.0003831025711884754
NN1,16,T,1,13335214321.63324,"[1000, 500, 10]",0.0003316760185960475
NN1,16,T,1,17782794100.38923,"[1000, 500, 10]",0.0002931115446010548
NN1,16,T,1,23713737056.61655,"[1000, 500, 10]",0.00026419226886625777
NN1,16,T,1,31622776601.683792,"[1000, 500, 10]",0.00024250587145464484
NN1,16,T,1,42169650342.85822,"[1000, 500, 10]",0.00022624336761439392
NN1,16,T,1,56234132519.034904,"[1000, 500, 10]",0.00021404821015534294
NN1,16,T,1,74989420933.24557,"[1000, 500, 10]",0.00020490313219490312
NN1,16,T,1,100000000000.0,"[1000, 500, 10]",0.00019804529118847542
NN1,16,T,1,133352143216.3324,"[1000, 500, 10]",0.00019290263592923262
NN1,16,T,1,177827941003.89227,"[1000, 500, 10]",0.00018904618852973336
NN1,16,T,1,237137370566.16553,"[1000, 500, 10]",0.00018615426095625366
NN1,16,T,1,316227766016.83795,"[1000, 500, 10]",0.00018398562121509237
NN1,16,T,1,421696503428.5823,"[1000, 500, 10]",0.00018235937083106726
NN1,16,T,1,562341325190.3491,"[1000, 500, 10]",0.00018113985508516218
NN1,16,T,1,749894209332.4558,"[1000, 500, 10]",0.00018022534728911818
NN1,16,T,1,1000000000000.0,"[1000, 500, 10]",0.00017953956318847542
NN1,16,T,1,1333521432163.324,"[1000, 500, 10]",0.00017902529766255113
NN1,16,T,1,1778279410038.9229,"[1000, 500, 10]",0.0001786396529226012
NN1,16,T,1,2371373705661.6553,"[1000, 500, 10]",0.00017835046016525323
NN1,16,T,1,3162277660168.3794,"[1000, 500, 10]",0.00017813359619113712
NN1,16,T,1,4216965034285.8223,"[1000, 500, 10]",0.0001779709711527346
NN1,16,T,1,5623413251903.491,"[1000, 500, 10]",0.0001778490195781441
NN1,16,T,1,7498942093324.559,"[1000, 500, 10]",0.0001777575687985397
NN1,16,T,1,10000000000000.0,"[1000, 500, 10]",0.00017768899038847542
NN1,16,T,1,1e+18,"[1000, 500, 10]",0.0001774833732446674
NN1,16,T,1,435200000000.0,"[1000, 500, 10]",0.00018220807707082837
NN1,16,T,0,1000000000.0,"[175, 175, 10]",0.002635922538592205
NN1,16,T,0,1333521432.163324,"[175, 175, 10]",0.002044568405445213
NN1,16,T,0,1778279410.0389228,"[175, 175, 10]",0.0016011153653334696
NN1,16,T,0,2371373705.6616554,"[175, 175, 10]",0.0012685724984428
NN1,16,T,0,3162277660.1683793,"[175, 175, 10]",0.0010192005282066731
NN1,16,T,0,4216965034.2858224,"[175, 175, 10]",0.0008321979317567761
NN1,16,T,0,5623413251.903491,"[175, 175, 10]",0.0006919657675488642
NN1,16,T,0,7498942093.324558,"[175, 175, 10]",0.000586806479647193
NN1,16,T,0,10000000000.0,"[250, 175, 10]",0.000503274783210186
NN1,16,T,0,13335214321.63324,"[250, 175, 10]",0.0004381464349818274
NN1,16,T,0,17782794100.38923,"[250, 175, 10]",0.0003893070637819935
NN1,16,T,0,23713737056.61655,"[250, 175, 10]",0.0003526827021317998
NN1,16,T,0,31622776601.683792,"[350, 175, 10]",0.0003248026458633694
NN1,16,T,0,42169650342.85822,"[500, 250, 10]",0.00029587233241833133
NN1,16,T,0,56234132519.034904,"[500, 250, 10]",0.00027238693705271873
NN1,16,T,0,74989420933.24557,"[500, 250, 10]",0.0002547753750641625
NN1,16,T,0,100000000000.0,"[500, 250, 10]",0.00024156856671164463
NN1,16,T,0,133352143216.3324,"[500, 250, 10]",0.00023166485760432796
NN1,16,T,0,177827941003.89227,"[500, 500, 10]",0.00022114006803249846
NN1,16,T,0,237137370566.16553,"[500, 500, 10]",0.00021296259554135416
NN1,16,T,0,316227766016.83795,"[500, 500, 10]",0.00020683035627326956
NN1,16,T,0,421696503428.5823,"[500, 500, 10]",0.00020223182555589186
NN1,16,T,0,562341325190.3491,"[500, 500, 10]",0.00019878341399949287
NN1,16,T,0,749894209332.4558,"[500, 500, 10]",0.00019619747014195415
NN1,16,T,0,1000000000000.0,"[500, 500, 10]",0.00019425828581752706
NN1,16,T,0,1333521432163.324,"[500, 500, 10]",0.00019280410272181088
NN1,16,T,0,1778279410038.9229,"[1000, 500, 10]",0.0001895748073703347
NN1,16,T,0,2371373705661.6553,"[1000, 500, 10]",0.00018655066916376464
NN1,16,T,0,3162277660168.3794,"[1000, 500, 10]",0.0001842828854344367
NN1,16,T,0,4216965034285.8223,"[1000, 500, 10]",0.00018258228754779532
NN1,16,T,0,5623413251903.491,"[1000, 500, 10]",0.00018130701904019994
NN1,16,T,0,7498942093324.559,"[1000, 500, 10]",0.00018035070257101012
NN1,16,T,0,10000000000000.0,"[1000, 500, 10]",0.0001796335663884754
NN1,16,T,0,1e+18,"[1000, 500, 10]",0.0001774833926904274
NN1,16,T,0,435200000000.0,"[500, 500, 10]",0.00020180401381752705
NN1,32,R,1,1000000000.0,"[500, 125, 10]",0.006585505214079757
NN1,32,R,1,1333521432.163324,"[500, 125, 10]",0.00505500183612981
NN1,32,R,1,1778279410.0389228,"[500, 125, 10]",0.0039072862156413835
NN1,32,R,1,2371373705.6616554,"[500, 125, 10]",0.003046620917876705
NN1,32,R,1,3162277660.1683793,"[500, 125, 10]",0.002401212994909579
NN1,32,R,1,4216965034.2858224,"[500, 125, 10]",0.0019172253308192434
NN1,32,R,1,5623413251.903491,"[500, 125, 10]",0.001554285784129559
NN1,32,R,1,7498942093.324558,"[512, 167, 10]",0.0012732831738054107
NN1,32,R,1,10000000000.0,"[512, 167, 10]",0.00106435126075301
NN1,32,R,1,13335214321.63324,"[512, 167, 10]",0.0009076744290102625
NN1,32,R,1,17782794100.38923,"[512, 167, 10]",0.0007901833801498206
NN1,32,R,1,23713737056.61655,"[512, 167, 10]",0.0007020775229609786
NN1,32,R,1,31622776601.683792,"[512, 167, 10]",0.0006360074508467937
NN1,32,R,1,42169650342.85822,"[500, 250, 10]",0.0005778549104342575
NN1,32,R,1,56234132519.034904,"[500, 250, 10]",0.000534685996480605
NN1,32,R,1,74989420933.24557,"[500, 250, 10]",0.0005023138778835899
NN1,32,R,1,100000000000.0,"[500, 250, 10]",0.0004780382136038647
NN1,32,R,1,133352143216.3324,"[500, 500, 10]",0.00045886177008961753
NN1,32,R,1,177827941003.89227,"[500, 500, 10]",0.00043921078911766703
NN1,32,R,1,237137370566.16553,"[500, 500, 10]",0.00042447463227909913
NN1,32,R,1,316227766016.83795,"[500, 500, 10]",0.0004134240735980422
NN1,32,R,1,421696503428.5823,"[500, 500, 10]",0.00040513732363322907
NN1,32,R,1,562341325190.3491,"[500, 500, 10]",0.0003989231378204298
NN1,32,R,1,749894209332.4558,"[1000, 500, 10]",0.00039083607870882574
NN1,32,R,1,1000000000000.0,"[1000, 500, 10]",0.0003826415051476591
NN1,32,R,1,1333521432163.324,"[1000, 500, 10]",0.00037649644188619136
NN1,32,R,1,1778279410038.9229,"[1000, 500, 10]",0.00037188829453043516
NN1,32,R,1,2371373705661.6553,"[1000, 500, 10]",0.0003684326715126029
NN1,32,R,1,3162277660168.3794,"[1000, 500, 10]",0.0003658413198218945
NN1,32,R,1,4216965034285.8223,"[1000, 500, 10]",0.00036389808019468843
NN1,32,R,1,5623413251903.491,"[1000, 500, 10]",0.00036244085605090123
NN1,32,R,1,7498942093324.559,"[1000, 500, 10]",0.0003613480921037757
NN1,32,R,1,10000000000000.0,"[1000, 500, 10]",0.0003605286347476591
NN1,32,R,1,1e+18,"[1000, 500, 10]",0.0003580716737175151
NN1,32,R,1,435200000000.0,"[500, 500, 10]",0.00040436638849639415
NN1,32,R,0,1000000000.0,"[500, 125, 10]",0.006585505214079757
NN1,32,R,0,1333521432.163324,"[500, 125, 10]",0.00505500183612981
NN1,32,R,0,1778279410.0389228,"[500, 125, 10]",0.0039072862156413835
NN1,32,R,0,2371373705.6616554,"[500, 125, 10]",0.003046620917876705
NN1,32,R,0,3162277660.1683793,"[500, 125, 10]",0.002401212994909579
NN1,32,R,0,4216965034.2858224,"[500, 125, 10]",0.0019172253308192434
NN1,32,R,0,5623413251.903491,"[500, 125, 10]",0.001554285784129559
NN1,32,R,0,7498942093.324558,"[500, 125, 10]",0.0012821195197292184
NN1,32,R,0,10000000000.0,"[500, 125, 10]",0.0010780236140797567
NN1,32,R,0,13335214321.63324,"[500, 125, 10]",0.0009249732762847619
NN1,32,R,0,17782794100.38923,"[512, 167, 10]",0.0007981069043836706
NN1,32,R,0,23713737056.61655,"[512, 167, 10]",0.0007080193279014481
NN1,32,R,0,31622776601.683792,"[512, 167, 10]",0.0006404631759646348
NN1,32,R,0,42169650342.85822,"[512, 167, 10]",0.0005898032088224349
NN1,32,R,0,56234132519.034904,"[512, 167, 10]",0.0005518135928175266
NN1,32,R,0,74989420933.24557,"[500, 250, 10]",0.000517662389522646
NN1,32,R,0,100000000000.0,"[500, 250, 10]",0.0004895479736038647
NN1,32,R,0,133352143216.3324,"[500, 250, 10]",0.00046846513590760645
NN1,32,R,0,177827941003.89227,"[500, 250, 10]",0.00045265523800288633
NN1,32,R,0,237137370566.16553,"[500, 250, 10]",0.0004407994871139994
NN1,32,R,0,316227766016.83795,"[500, 500, 10]",0.0004271668769411509
NN1,32,R,0,421696503428.5823,"[500, 500, 10]",0.00041544297228022104
NN1,32,R,0,562341325190.3491,"[500, 500, 10]",0.0004066512840642239
NN1,32,R,0,749894209332.4558,"[500, 500, 10]",0.0004000584479807913
NN1,32,R,0,1000000000000.0,"[500, 500, 10]",0.0003951145183787471
NN1,32,R,0,1333521432163.324,"[1000, 500, 10]",0.0003903200277359479
NN1,32,R,0,1778279410038.9229,"[1000, 500, 10]",0.00038225452151137765
NN1,32,R,0,2371373705661.6553,"[1000, 500, 10]",0.0003762062450982375
NN1,32,R,0,3162277660168.3794,"[1000, 500, 10]",0.00037167067763958165
NN1,32,R,0,4216965034285.8223,"[1000, 500, 10]",0.0003682694818662989
NN1,32,R,0,5623413251903.491,"[1000, 500, 10]",0.0003657189448511081
NN1,32,R,0,7498942093324.559,"[1000, 500, 10]",0.0003638063119127285
NN1,32,R,0,10000000000000.0,"[1000, 500, 10]",0.00036237203954765906
NN1,32,R,0,1e+18,"[1000, 500, 10]",0.00035807169215156307
NN1,32,R,0,435200000000.0,"[500, 500, 10]",0.00041435227084933536
NN1,32,T,1,1000000000.0,"[1000, 500, 10]",0.004444427342617047
NN1,32,T,1,1333521432.163324,"[1000, 500, 10]",0.0034158962907684886
NN1,32,T,1,1778279410.0389228,"[1000, 500, 10]",0.0026446068108686356
NN1,32,T,1,2371373705.6616554,"[1000, 500, 10]",0.0020662212961726936
NN1,32,T,1,3162277660.1683793,"[1000, 500, 10]",0.0016324933479404348
NN1,32,T,1,4216965034.2858224,"[1000, 500, 10]",0.0013072432711354169
NN1,32,T,1,5623413251.903491,"[1000, 500, 10]",0.0010633401219543974
NN1,32,T,1,7498942093.324558,"[1000, 500, 10]",0.0008804385627456006
NN1,32,T,1,10000000000.0,"[1000, 500, 10]",0.0007432817426170468
NN1,32,T,1,13335214321.63324,"[1000, 500, 10]",0.000640428637432191
NN1,32,T,1,17782794100.38923,"[1000, 500, 10]",0.0005632996894422057
NN1,32,T,1,23713737056.61655,"[1000, 500, 10]",0.0005054611379726114
NN1,32,T,1,31622776601.683792,"[1000, 500, 10]",0.00046208834314938557
NN1,32,T,1,42169650342.85822,"[1000, 500, 10]",0.0004295633354688838
NN1,32,T,1,56234132519.034904,"[1000, 500, 10]",0.0004051730205507819
NN1,32,T,1,74989420933.24557,"[1000, 500, 10]",0.0003868828646299022
NN1,32,T,1,100000000000.0,"[1000, 500, 10]",0.0003731671826170468
NN1,32,T,1,133352143216.3324,"[1000, 500, 10]",0.00036288187209856124
NN1,32,T,1,177827941003.89227,"[1000, 500, 10]",0.00035516897729956267
NN1,32,T,1,237137370566.16553,"[1000, 500, 10]",0.00034938512215260326
NN1,32,T,1,316227766016.83795,"[1000, 500, 10]",0.0003450478426702807
NN1,32,T,1,421696503428.5823,"[1000, 500, 10]",0.0003417953419022305
NN1,32,T,1,562341325190.3491,"[1000, 500, 10]",0.0003393563104104203
NN1,32,T,1,749894209332.4558,"[1000, 500, 10]",0.0003375272948183323
NN1,32,T,1,1000000000000.0,"[1000, 500, 10]",0.0003361557266170468
NN1,32,T,1,1333521432163.324,"[1000, 500, 10]",0.0003351271955651982
NN1,32,T,1,1778279410038.9229,"[1000, 500, 10]",0.00033435590608529836
NN1,32,T,1,2371373705661.6553,"[1000, 500, 10]",0.0003337775205706024
NN1,32,T,1,3162277660168.3794,"[1000, 500, 10]",0.0003333437926223702
NN1,32,T,1,4216965034285.8223,"[1000, 500, 10]",0.00033301854254556514
NN1,32,T,1,5623413251903.491,"[1000, 500, 10]",0.00033277463939638413
NN1,32,T,1,7498942093324.559,"[1000, 500, 10]",0.00033259173783717534
NN1,32,T,1,10000000000000.0,"[1000, 500, 10]",0.0003324545810170468
NN1,32,T,1,1e+18,"[1000, 500, 10]",0.0003320433467294308
NN1,32,T,1,435200000000.0,"[1000, 500, 10]",0.0003414927543817527
NN1,32,T,0,1000000000.0,"[175, 175, 10]",0.005241226116702615
NN1,32,T,0,1333521432.163324,"[175, 175, 10]",0.004058517850408632
NN1,32,T,0,1778279410.0389228,"[175, 175, 10]",0.0031716117701851444
NN1,32,T,0,2371373705.6616554,"[175, 175, 10]",0.0025065260364038056
NN1,32,T,0,3162277660.1683793,"[175, 175, 10]",0.0020077820959315514
NN1,32,T,0,4216965034.2858224,"[175, 175, 10]",0.0016337769030317576
NN1,32,T,0,5623413251.903491,"[200, 175, 10]",0.0013482894306256206
NN1,32,T,0,7498942093.324558,"[200, 175, 10]",0.0011308661129805025
NN1,32,T,0,10000000000.0,"[200, 175, 10]",0.0009678216261045769
NN1,32,T,0,13335214321.63324,"[200, 175, 10]",0.0008455555095327389
NN1,32,T,0,17782794100.38923,"[200, 175, 10]",0.0007538688567179505
NN1,32,T,0,23713737056.61655,"[200, 175, 10]",0.0006851135666990655
NN1,32,T,0,31622776601.683792,"[500, 175, 10]",0.0006309696040925896
NN1,32,T,0,42169650342.85822,"[500, 250, 10]",0.0005726982955698912
NN1,32,T,0,56234132519.034904,"[500, 250, 10]",0.000525727504838666
NN1,32,T,0,74989420933.24557,"[500, 250, 10]",0.0004905043808615536
NN1,32,T,0,100000000000.0,"[500, 250, 10]",0.0004640907641565178
NN1,32,T,0,133352143216.3324,"[500, 500, 10]",0.0004441979941480973
NN1,32,T,0,177827941003.89227,"[500, 500, 10]",0.00042238832449236337
NN1,32,T,0,237137370566.16553,"[500, 500, 10]",0.00040603337951007477
NN1,32,T,0,316227766016.83795,"[500, 500, 10]",0.0003937689009739056
NN1,32,T,0,421696503428.5823,"[500, 500, 10]",0.00038457183953915017
NN1,32,T,0,562341325190.3491,"[500, 500, 10]",0.0003776750164263522
NN1,32,T,0,749894209332.4558,"[500, 500, 10]",0.00037250312871127476
NN1,32,T,0,1000000000000.0,"[500, 500, 10]",0.00036862476006242057
NN1,32,T,0,1333521432163.324,"[1000, 500, 10]",0.0003642917212053356
NN1,32,T,0,1778279410038.9229,"[1000, 500, 10]",0.00035622621498076535
NN1,32,T,0,2371373705661.6553,"[1000, 500, 10]",0.0003501779385676252
NN1,32,T,0,3162277660168.3794,"[1000, 500, 10]",0.00034564237110896936
NN1,32,T,0,4216965034285.8223,"[1000, 500, 10]",0.0003422411753356866
NN1,32,T,0,5623413251903.491,"[1000, 500, 10]",0.0003396906383204958
NN1,32,T,0,7498942093324.559,"[1000, 500, 10]",0.0003377780053821162
NN1,32,T,0,10000000000000.0,"[1000, 500, 10]",0.00033634373301704676
NN1,32,T,0,1e+18,"[1000, 500, 10]",0.00033204338562095077
NN1,32,T,0,435200000000.0,"[500, 500, 10]",0.00038371621606242054
NN2,1,R,0,1000000000.0,"[500, 131, 125, 125, 10]",0.0005976240159573067
NN2,1,R,0,1333521432.163324,"[500, 131, 125, 125, 10]",0.0004771570604012147
NN2,1,R,0,1778279410.0389228,"[500, 131, 125, 125, 10]",0.00038681958801379103
NN2,1,R,0,2371373705.6616554,"[500, 131, 125, 125, 10]",0.0003190760405847314
NN2,1,R,0,3162277660.1683793,"[500, 131, 125, 125, 10]",0.00026827554664804096
NN2,1,R,0,4216965034.2858224,"[507, 157, 167, 125, 10]",0.00022233754476810142
NN2,1,R,0,5623413251.903491,"[507, 157, 167, 167, 10]",0.0001930276418743661
NN2,1,R,0,7498942093.324558,"[507, 157, 167, 167, 10]",0.0001708957732825117
NN2,1,R,0,10000000000.0,"[507, 157, 167, 167, 10]",0.00015429921318377325
NN2,1,R,0,13335214321.63324,"[507, 196, 167, 167, 10]",0.00014144540295497166
NN2,1,R,0,17782794100.38923,"[507, 196, 167, 167, 10]",0.00013130590392825036
NN2,1,R,0,23713737056.61655,"[507, 196, 254, 167, 10]",0.0001234127392879794
NN2,1,R,0,31622776601.683792,"[507, 196, 254, 167, 10]",0.0001171317300376513
NN2,1,R,0,42169650342.85822,"[507, 265, 334, 250, 10]",0.00011173368601992663
NN2,1,R,0,56234132519.034904,"[507, 265, 334, 250, 10]",0.00010697325498652287
NN2,1,R,0,74989420933.24557,"[507, 392, 334, 250, 10]",0.00010334639171717531
NN2,1,R,0,100000000000.0,"[507, 392, 500, 250, 10]",0.00010017257090523608
NN2,1,R,0,133352143216.3324,"[507, 392, 500, 250, 10]",9.75360637057204e-05
NN2,1,R,0,177827941003.89227,"[507, 392, 500, 500, 10]",9.529296146016506e-05
NN2,1,R,0,237137370566.16553,"[507, 392, 500, 500, 10]",9.352932490224976e-05
NN2,1,R,0,316227766016.83795,"[507, 392, 500, 500, 10]",9.220678406010206e-05
NN2,1,R,0,421696503428.5823,"[750, 392, 500, 500, 10]",9.115783689089058e-05
NN2,1,R,0,562341325190.3491,"[750, 392, 500, 500, 10]",9.009842813627742e-05
NN2,1,R,0,749894209332.4558,"[750, 784, 500, 500, 10]",8.900286248889507e-05
NN2,1,R,0,1000000000000.0,"[750, 784, 500, 500, 10]",8.812091442271111e-05
NN2,1,R,0,1333521432163.324,"[750, 784, 500, 500, 10]",8.745954667494781e-05
NN2,1,R,0,1778279410038.9229,"[750, 784, 1000, 500, 10]",8.675472082769304e-05
NN2,1,R,0,2371373705661.6553,"[750, 784, 1000, 500, 10]",8.618117799549999e-05
NN2,1,R,0,3162277660168.3794,"[750, 784, 1000, 500, 10]",8.57510815468343e-05
NN2,1,R,0,4216965034285.8223,"[750, 784, 1000, 500, 10]",8.542855471052543e-05
NN2,1,R,0,5623413251903.491,"[750, 784, 1000, 500, 10]",8.51866937036231e-05
NN2,1,R,0,7498942093324.559,"[750, 784, 1000, 500, 10]",8.500532353508374e-05
NN2,1,R,0,10000000000000.0,"[750, 784, 1000, 500, 10]",8.48693150959504e-05
NN2,1,R,0,1e+18,"[750, 784, 1000, 500, 10]",8.446152397390241e-05
NN2,1,R,0,435200000000.0,"[750, 392, 500, 500, 10]",9.102640608759539e-05
NN2,1,R,1,1000000000.0,"[500, 131, 125, 125, 10]",0.0005976240159573067
NN2,1,R,1,1333521432.163324,"[500, 131, 125, 125, 10]",0.0004771570604012147
NN2,1,R,1,1778279410.0389228,"[507, 157, 167, 125, 10]",0.0003796693256002995
NN2,1,R,1,2371373705.6616554,"[507, 157, 167, 125, 10]",0.0003112072519058233
NN2,1,R,1,3162277660.1683793,"[507, 157, 167, 167, 10]",0.00025957776230650854
NN2,1,R,1,4216965034.2858224,"[507, 157, 167, 167, 10]",0.0002208013232249529
NN2,1,R,1,5623413251.903491,"[507, 157, 167, 167, 10]",0.00019172309609916154
NN2,1,R,1,7498942093.324558,"[507, 196, 167, 167, 10]",0.00016911770397023862
NN2,1,R,1,10000000000.0,"[507, 196, 167, 167, 10]",0.0001520572022185037
NN2,1,R,1,13335214321.63324,"[507, 196, 254, 167, 10]",0.00013874130402818566
NN2,1,R,1,17782794100.38923,"[507, 196, 334, 167, 10]",0.00012859467282239014
NN2,1,R,1,23713737056.61655,"[507, 265, 334, 250, 10]",0.00011981449415233825
NN2,1,R,1,31622776601.683792,"[507, 265, 334, 250, 10]",0.00011303300621174496
NN2,1,R,1,42169650342.85822,"[507, 392, 334, 250, 10]",0.0001076677968553146
NN2,1,R,1,56234132519.034904,"[507, 392, 500, 250, 10]",0.00010330252881949756
NN2,1,R,1,74989420933.24557,"[507, 392, 500, 500, 10]",9.982669200757288e-05
NN2,1,R,1,100000000000.0,"[507, 392, 500, 500, 10]",9.692914318642456e-05
NN2,1,R,1,133352143216.3324,"[507, 392, 500, 500, 10]",9.475628810418734e-05
NN2,1,R,1,177827941003.89227,"[507, 392, 500, 500, 10]",9.312687666029906e-05
NN2,1,R,1,237137370566.16553,"[750, 392, 500, 500, 10]",9.170814842964308e-05
NN2,1,R,1,316227766016.83795,"[784, 784, 500, 500, 10]",9.042246587609958e-05
NN2,1,R,1,421696503428.5823,"[784, 784, 500, 500, 10]",8.918546678232452e-05
NN2,1,R,1,562341325190.3491,"[784, 784, 500, 500, 10]",8.825784832495311e-05
NN2,1,R,1,749894209332.4558,"[784, 784, 1000, 500, 10]",8.750322894185766e-05
NN2,1,R,1,1000000000000.0,"[784, 784, 1000, 500, 10]",8.67424798959504e-05
NN2,1,R,1,1333521432163.324,"[784, 784, 1000, 500, 10]",8.617199859166937e-05
NN2,1,R,1,1778279410038.9229,"[784, 784, 1000, 500, 10]",8.574419796505658e-05
NN2,1,R,1,2371373705661.6553,"[784, 784, 1000, 500, 10]",8.542339275241086e-05
NN2,1,R,1,3162277660168.3794,"[784, 784, 1000, 500, 10]",8.518282278112417e-05
NN2,1,R,1,4216965034285.8223,"[784, 784, 1000, 500, 10]",8.500242075271701e-05
NN2,1,R,1,5623413251903.491,"[784, 784, 1000, 500, 10]",8.486713831626264e-05
NN2,1,R,1,7498942093324.559,"[784, 784, 1000, 500, 10]",8.476569080054112e-05
NN2,1,R,1,10000000000000.0,"[784, 784, 1000, 500, 10]",8.46896158959504e-05
NN2,1,R,1,1e+18,"[784, 784, 1000, 500, 10]",8.44615221769104e-05
NN2,1,R,1,435200000000.0,"[784, 784, 500, 500, 10]",8.907038595212288e-05
NN2,1,T,1,1000000000.0,"[784, 784, 1000, 500, 10]",0.00047233341935945696
NN2,1,T,1,1333521432.163324,"[784, 784, 1000, 500, 10]",0.0003751243014891212
NN2,1,T,1,1778279410.0389228,"[784, 784, 1000, 500, 10]",0.0003022277469038403
NN2,1,T,1,2371373705.6616554,"[784, 784, 1000, 500, 10]",0.0002475630427400508
NN2,1,T,1,3162277660.1683793,"[784, 784, 1000, 500, 10]",0.00020657029763275335
NN2,1,T,1,4216965034.2858224,"[784, 784, 1000, 500, 10]",0.00017583007545214963
NN2,1,T,1,5623413251.903491,"[784, 784, 1000, 500, 10]",0.00015277816084532177
NN2,1,T,1,7498942093.324558,"[784, 784, 1000, 500, 10]",0.00013549166356763528
NN2,1,T,1,10000000000.0,"[784, 784, 1000, 500, 10]",0.00012252861935945693
NN2,1,T,1,13335214321.63324,"[784, 784, 1000, 500, 10]",0.00011280770757242336
NN2,1,T,1,17782794100.38923,"[784, 784, 1000, 500, 10]",0.00010551805211389527
NN2,1,T,1,23713737056.61655,"[784, 784, 1000, 500, 10]",0.00010005158169751634
NN2,1,T,1,31622776601.683792,"[784, 784, 1000, 500, 10]",9.595230718678658e-05
NN2,1,T,1,42169650342.85822,"[784, 784, 1000, 500, 10]",9.28782849687262e-05
NN2,1,T,1,56234132519.034904,"[784, 784, 1000, 500, 10]",9.057309350804342e-05
NN2,1,T,1,74989420933.24557,"[784, 784, 1000, 500, 10]",8.884444378027477e-05
NN2,1,T,1,100000000000.0,"[784, 784, 1000, 500, 10]",8.754813935945694e-05
NN2,1,T,1,133352143216.3324,"[784, 784, 1000, 500, 10]",8.657604818075358e-05
NN2,1,T,1,177827941003.89227,"[784, 784, 1000, 500, 10]",8.584708263490077e-05
NN2,1,T,1,237137370566.16553,"[784, 784, 1000, 500, 10]",8.530043559326288e-05
NN2,1,T,1,316227766016.83795,"[784, 784, 1000, 500, 10]",8.48905081421899e-05
NN2,1,T,1,421696503428.5823,"[784, 784, 1000, 500, 10]",8.458310592038386e-05
NN2,1,T,1,562341325190.3491,"[784, 784, 1000, 500, 10]",8.435258677431559e-05
NN2,1,T,1,749894209332.4558,"[784, 784, 1000, 500, 10]",8.417972180153871e-05
NN2,1,T,1,1000000000000.0,"[784, 784, 1000, 500, 10]",8.405009135945693e-05
NN2,1,T,1,1333521432163.324,"[784, 784, 1000, 500, 10]",8.39528822415866e-05
NN2,1,T,1,1778279410038.9229,"[784, 784, 1000, 500, 10]",8.387998568700131e-05
NN2,1,T,1,2371373705661.6553,"[784, 784, 1000, 500, 10]",8.382532098283752e-05
NN2,1,T,1,3162277660168.3794,"[784, 784, 1000, 500, 10]",8.378432823773023e-05
NN2,1,T,1,4216965034285.8223,"[784, 784, 1000, 500, 10]",8.375358801554963e-05
NN2,1,T,1,5623413251903.491,"[784, 784, 1000, 500, 10]",8.37305361009428e-05
NN2,1,T,1,7498942093324.559,"[784, 784, 1000, 500, 10]",8.371324960366512e-05
NN2,1,T,1,10000000000000.0,"[784, 784, 1000, 500, 10]",8.370028655945694e-05
NN2,1,T,1,1e+18,"[784, 784, 1000, 500, 10]",8.366141974812894e-05
NN2,1,T,1,435200000000.0,"[784, 784, 1000, 500, 10]",8.455450759475105e-05
NN2,1,T,0,1000000000.0,"[137, 131, 125, 125, 10]",0.0005443183816868807
NN2,1,T,0,1333521432.163324,"[150, 131, 125, 125, 10]",0.00044452204832397106
NN2,1,T,0,1778279410.0389228,"[150, 131, 125, 125, 10]",0.00036878069159202267
NN2,1,T,0,2371373705.6616554,"[257, 157, 167, 167, 10]",0.00029729679866186956
NN2,1,T,0,3162277660.1683793,"[257, 157, 167, 167, 10]",0.0002511856979154751
NN2,1,T,0,4216965034.2858224,"[257, 157, 167, 167, 10]",0.0002166072504798084
NN2,1,T,0,5623413251.903491,"[257, 157, 167, 167, 10]",0.0001906770729800952
NN2,1,T,0,7498942093.324558,"[257, 157, 167, 167, 10]",0.0001712321830260976
NN2,1,T,0,10000000000.0,"[253, 196, 167, 167, 10]",0.0001562951162364033
NN2,1,T,0,13335214321.63324,"[253, 196, 167, 167, 10]",0.00014441729211065282
NN2,1,T,0,17782794100.38923,"[507, 196, 253, 172, 10]",0.00013436769578320458
NN2,1,T,0,23713737056.61655,"[507, 196, 253, 172, 10]",0.00012594745907811375
NN2,1,T,0,31622776601.683792,"[507, 267, 334, 256, 10]",0.00011864817022999647
NN2,1,T,0,42169650342.85822,"[507, 267, 334, 256, 10]",0.00011269895272080708
NN2,1,T,0,56234132519.034904,"[507, 392, 334, 256, 10]",0.00010804362463059946
NN2,1,T,0,74989420933.24557,"[507, 392, 510, 255, 10]",0.00010399376864905308
NN2,1,T,0,100000000000.0,"[507, 392, 500, 500, 10]",0.00010037280552060823
NN2,1,T,0,133352143216.3324,"[507, 392, 500, 500, 10]",9.76760488365439e-05
NN2,1,T,0,177827941003.89227,"[507, 392, 500, 500, 10]",9.565376661518546e-05
NN2,1,T,0,237137370566.16553,"[507, 392, 500, 500, 10]",9.41372688877528e-05
NN2,1,T,0,316227766016.83795,"[507, 392, 500, 500, 10]",9.300005602348522e-05
NN2,1,T,0,421696503428.5823,"[750, 784, 594, 500, 10]",9.12892315005805e-05
NN2,1,T,0,562341325190.3491,"[750, 784, 594, 500, 10]",8.980700212170951e-05
NN2,1,T,0,749894209332.4558,"[750, 784, 1000, 500, 10]",8.861469403977021e-05
NN2,1,T,0,1000000000000.0,"[750, 784, 1000, 500, 10]",8.737585135945693e-05
NN2,1,T,0,1333521432163.324,"[750, 784, 1000, 500, 10]",8.64468504072161e-05
NN2,1,T,0,1778279410038.9229,"[750, 784, 1000, 500, 10]",8.575019797266637e-05
NN2,1,T,0,2371373705661.6553,"[750, 784, 1000, 500, 10]",8.522778234608017e-05
NN2,1,T,0,3162277660168.3794,"[750, 784, 1000, 500, 10]",8.48360258928384e-05
NN2,1,T,0,4216965034285.8223,"[750, 784, 1000, 500, 10]",8.454224999708376e-05
NN2,1,T,0,5623413251903.491,"[750, 784, 1000, 500, 10]",8.43219491540159e-05
NN2,1,T,0,7498942093324.559,"[750, 784, 1000, 500, 10]",8.415674682748826e-05
NN2,1,T,0,10000000000000.0,"[750, 784, 1000, 500, 10]",8.403286255945694e-05
NN2,1,T,0,1e+18,"[750, 784, 1000, 500, 10]",8.366142307388893e-05
NN2,1,T,0,435200000000.0,"[750, 784, 594, 500, 10]",9.110534534985309e-05
NN2,8,R,0,1000000000.0,"[500, 131, 125, 125, 10]",0.004206121636655406
NN2,8,R,0,1333521432.163324,"[500, 131, 125, 125, 10]",0.0032423859922066697
NN2,8,R,0,1778279410.0389228,"[500, 131, 125, 125, 10]",0.0025196862131072802
NN2,8,R,0,2371373705.6616554,"[500, 131, 125, 125, 10]",0.0019777378336748026
NN2,8,R,0,3162277660.1683793,"[500, 131, 125, 125, 10]",0.0015713338821812797
NN2,8,R,0,4216965034.2858224,"[500, 131, 125, 125, 10]",0.0012665739123064582
NN2,8,R,0,5623413251.903491,"[500, 131, 125, 125, 10]",0.0010380361756609957
NN2,8,R,0,7498942093.324558,"[500, 131, 125, 125, 10]",0.000866657050336618
NN2,8,R,0,10000000000.0,"[507, 157, 167, 167, 10]",0.0007203530419539978
NN2,8,R,0,13335214321.63324,"[507, 157, 167, 167, 10]",0.0006207877274509413
NN2,8,R,0,17782794100.38923,"[507, 157, 167, 167, 10]",0.0005461242746547343
NN2,8,R,0,23713737056.61655,"[507, 196, 167, 167, 10]",0.00048655253382407795
NN2,8,R,0,31622776601.683792,"[507, 196, 167, 167, 10]",0.0004409376592684562
NN2,8,R,0,42169650342.85822,"[507, 196, 254, 167, 10]",0.0004037113578316269
NN2,8,R,0,56234132519.034904,"[507, 196, 254, 167, 10]",0.00037545478930872824
NN2,8,R,0,74989420933.24557,"[507, 265, 334, 167, 10]",0.0003535256139915113
NN2,8,R,0,100000000000.0,"[507, 265, 334, 250, 10]",0.0003329754110895952
NN2,8,R,0,133352143216.3324,"[507, 392, 334, 250, 10]",0.00031656296483706067
NN2,8,R,0,177827941003.89227,"[507, 392, 334, 250, 10]",0.0003022897882404627
NN2,8,R,0,237137370566.16553,"[507, 392, 500, 250, 10]",0.0002915008421002732
NN2,8,R,0,316227766016.83795,"[507, 392, 500, 500, 10]",0.0002815132546937018
NN2,8,R,0,421696503428.5823,"[507, 392, 500, 500, 10]",0.0002735791289406439
NN2,8,R,0,562341325190.3491,"[507, 392, 500, 500, 10]",0.0002676293739823103
NN2,8,R,0,749894209332.4558,"[507, 392, 500, 500, 10]",0.00026316768719210885
NN2,8,R,0,1000000000000.0,"[750, 784, 500, 500, 10]",0.0002584183985354743
NN2,8,R,0,1333521432163.324,"[750, 784, 500, 500, 10]",0.00025312745655336794
NN2,8,R,0,1778279410038.9229,"[750, 784, 500, 500, 10]",0.00024915980979907235
NN2,8,R,0,2371373705661.6553,"[750, 784, 500, 500, 10]",0.00024618449447334935
NN2,8,R,0,3162277660168.3794,"[750, 784, 500, 500, 10]",0.00024395332273965161
NN2,8,R,0,4216965034285.8223,"[750, 784, 500, 500, 10]",0.0002422801799765254
NN2,8,R,0,5623413251903.491,"[750, 784, 1000, 500, 10]",0.00024094590933489122
NN2,8,R,0,7498942093324.559,"[750, 784, 1000, 500, 10]",0.0002394949479865762
NN2,8,R,0,10000000000000.0,"[750, 784, 1000, 500, 10]",0.00023840688047350957
NN2,8,R,0,1e+18,"[750, 784, 1000, 500, 10]",0.00023514455149712557
NN2,8,R,0,435200000000.0,"[507, 392, 500, 500, 10]",0.00027284099923369345
NN2,8,R,1,1000000000.0,"[500, 131, 125, 125, 10]",0.004206121636655406
NN2,8,R,1,1333521432.163324,"[500, 131, 125, 125, 10]",0.0032423859922066697
NN2,8,R,1,1778279410.0389228,"[500, 131, 125, 125, 10]",0.0025196862131072802
NN2,8,R,1,2371373705.6616554,"[500, 131, 125, 125, 10]",0.0019777378336748026
NN2,8,R,1,3162277660.1683793,"[500, 131, 125, 125, 10]",0.0015713338821812797
NN2,8,R,1,4216965034.2858224,"[500, 131, 125, 125, 10]",0.0012665739123064582
NN2,8,R,1,5623413251.903491,"[507, 157, 167, 167, 10]",0.0010197441052771043
NN2,8,R,1,7498942093.324558,"[507, 157, 167, 167, 10]",0.0008452993521628255
NN2,8,R,1,10000000000.0,"[507, 196, 167, 167, 10]",0.0007133913329914676
NN2,8,R,1,13335214321.63324,"[507, 196, 167, 167, 10]",0.0006110427612160097
NN2,8,R,1,17782794100.38923,"[507, 196, 254, 167, 10]",0.0005333505130447705
NN2,8,R,1,23713737056.61655,"[507, 196, 254, 167, 10]",0.00047267044110581617
NN2,8,R,1,31622776601.683792,"[507, 196, 254, 167, 10]",0.0004271668065369173
NN2,8,R,1,42169650342.85822,"[507, 265, 334, 167, 10]",0.0003906821224304957
NN2,8,R,1,56234132519.034904,"[507, 265, 334, 250, 10]",0.0003602365993641171
NN2,8,R,1,74989420933.24557,"[507, 392, 334, 250, 10]",0.0003360038023735858
NN2,8,R,1,100000000000.0,"[507, 392, 334, 250, 10]",0.00031686835973367594
NN2,8,R,1,133352143216.3324,"[507, 392, 500, 500, 10]",0.000301909287046384
NN2,8,R,1,177827941003.89227,"[507, 392, 500, 500, 10]",0.0002888739954952777
NN2,8,R,1,237137370566.16553,"[507, 392, 500, 500, 10]",0.00027909890584414284
NN2,8,R,1,316227766016.83795,"[507, 392, 500, 500, 10]",0.0002717686227190512
NN2,8,R,1,421696503428.5823,"[507, 392, 500, 500, 10]",0.00026627168585077754
NN2,8,R,1,562341325190.3491,"[784, 784, 500, 500, 10]",0.0002595138697534103
NN2,8,R,1,749894209332.4558,"[784, 784, 500, 500, 10]",0.00025394894407618847
NN2,8,R,1,1000000000000.0,"[784, 784, 500, 500, 10]",0.00024977583853547433
NN2,8,R,1,1333521432163.324,"[784, 784, 500, 500, 10]",0.00024664645085555964
NN2,8,R,1,1778279410038.9229,"[784, 784, 500, 500, 10]",0.00024429974115563525
NN2,8,R,1,2371373705661.6553,"[784, 784, 500, 500, 10]",0.00024253995714067765
NN2,8,R,1,3162277660168.3794,"[784, 784, 1000, 500, 10]",0.00024091494195489972
NN2,8,R,1,4216965034285.8223,"[784, 784, 1000, 500, 10]",0.00023947172572764237
NN2,8,R,1,5623413251903.491,"[784, 784, 1000, 500, 10]",0.00023838946623600747
NN2,8,R,1,7498942093324.559,"[784, 784, 1000, 500, 10]",0.00023757788611023536
NN2,8,R,1,10000000000000.0,"[784, 784, 1000, 500, 10]",0.00023696928687350958
NN2,8,R,1,1e+18,"[784, 784, 1000, 500, 10]",0.00023514453712118958
NN2,8,R,1,435200000000.0,"[507, 392, 500, 500, 10]",0.00026576029335134054
NN2,8,T,0,1000000000.0,"[100, 98, 125, 125, 10]",0.003764818640976969
NN2,8,T,0,1333521432.163324,"[100, 98, 125, 125, 10]",0.002949241665227036
NN2,8,T,0,1778279410.0389228,"[100, 98, 125, 125, 10]",0.002337645213847284
NN2,8,T,0,2371373705.6616554,"[100, 98, 125, 125, 10]",0.0018790125765093288
NN2,8,T,0,3162277660.1683793,"[100, 98, 125, 125, 10]",0.0015350866175587244
NN2,8,T,0,4216965034.2858224,"[137, 131, 125, 125, 10]",0.0011919554980768033
NN2,8,T,0,5623413251.903491,"[188, 157, 167, 167, 10]",0.0009654578544025325
NN2,8,T,0,7498942093.324558,"[257, 157, 167, 167, 10]",0.0008172263561676955
NN2,8,T,0,10000000000.0,"[257, 157, 167, 167, 10]",0.0007005734731468181
NN2,8,T,0,13335214321.63324,"[257, 157, 167, 167, 10]",0.0006130961516675258
NN2,8,T,0,17782794100.38923,"[253, 196, 167, 167, 10]",0.0005456501316020929
NN2,8,T,0,23713737056.61655,"[380, 196, 167, 167, 10]",0.0004907490603297537
NN2,8,T,0,31622776601.683792,"[380, 196, 253, 172, 10]",0.0004442593856524826
NN2,8,T,0,42169650342.85822,"[380, 196, 253, 172, 10]",0.0004089058523413993
NN2,8,T,0,56234132519.034904,"[507, 196, 334, 256, 10]",0.0003806513726068182
NN2,8,T,0,74989420933.24557,"[507, 267, 334, 256, 10]",0.0003539980557403576
NN2,8,T,0,100000000000.0,"[507, 392, 334, 256, 10]",0.00033363309130618804
NN2,8,T,0,133352143216.3324,"[507, 392, 334, 256, 10]",0.000316095305108856
NN2,8,T,0,177827941003.89227,"[507, 392, 500, 500, 10]",0.00030106232901192
NN2,8,T,0,237137370566.16553,"[507, 392, 500, 500, 10]",0.0002889303471924586
NN2,8,T,0,316227766016.83795,"[507, 392, 500, 500, 10]",0.0002798326442783179
NN2,8,T,0,421696503428.5823,"[507, 392, 500, 500, 10]",0.0002730103295447768
NN2,8,T,0,562341325190.3491,"[507, 392, 500, 500, 10]",0.00026789431523185084
NN2,8,T,0,749894209332.4558,"[507, 392, 500, 500, 10]",0.0002640578457237257
NN2,8,T,0,1000000000000.0,"[750, 784, 594, 500, 10]",0.0002567960148195534
NN2,8,T,0,1333521432163.324,"[750, 784, 594, 500, 10]",0.00025179560724876123
NN2,8,T,0,1778279410038.9229,"[750, 784, 594, 500, 10]",0.000248045830567122
NN2,8,T,0,2371373705661.6553,"[750, 784, 1000, 500, 10]",0.000244871171841759
NN2,8,T,0,3162277660168.3794,"[750, 784, 1000, 500, 10]",0.00024173712021582477
NN2,8,T,0,4216965034285.8223,"[750, 784, 1000, 500, 10]",0.00023938691304978773
NN2,8,T,0,5623413251903.491,"[750, 784, 1000, 500, 10]",0.00023762450630524488
NN2,8,T,0,7498942093324.559,"[750, 784, 1000, 500, 10]",0.00023630288769302374
NN2,8,T,0,10000000000000.0,"[750, 784, 1000, 500, 10]",0.00023531181354877312
NN2,8,T,0,1e+18,"[750, 784, 1000, 500, 10]",0.00023234029766422914
NN2,8,T,0,435200000000.0,"[507, 392, 500, 500, 10]",0.00027237563413765503
NN2,8,T,1,1000000000.0,"[784, 784, 1000, 500, 10]",0.003341716267948773
NN2,8,T,1,1333521432.163324,"[784, 784, 1000, 500, 10]",0.0025640433249860873
NN2,8,T,1,1778279410.0389228,"[784, 784, 1000, 500, 10]",0.0019808708883038402
NN2,8,T,1,2371373705.6616554,"[784, 784, 1000, 500, 10]",0.0015435532549935244
NN2,8,T,1,3162277660.1683793,"[784, 784, 1000, 500, 10]",0.0012156112941351445
NN2,8,T,1,4216965034.2858224,"[784, 784, 1000, 500, 10]",0.0009696895166903147
NN2,8,T,1,5623413251.903491,"[784, 784, 1000, 500, 10]",0.0007852741998356917
NN2,8,T,1,7498942093.324558,"[784, 784, 1000, 500, 10]",0.0006469822216141999
NN2,8,T,1,10000000000.0,"[784, 784, 1000, 500, 10]",0.0005432778679487732
NN2,8,T,1,13335214321.63324,"[784, 784, 1000, 500, 10]",0.00046551057365250455
NN2,8,T,1,17782794100.38923,"[784, 784, 1000, 500, 10]",0.00040719332998427984
NN2,8,T,1,23713737056.61655,"[784, 784, 1000, 500, 10]",0.0003634615666532483
NN2,8,T,1,31622776601.683792,"[784, 784, 1000, 500, 10]",0.0003306673705674103
NN2,8,T,1,42169650342.85822,"[784, 784, 1000, 500, 10]",0.0003060751928229273
NN2,8,T,1,56234132519.034904,"[784, 784, 1000, 500, 10]",0.000287633661137465
NN2,8,T,1,74989420933.24557,"[784, 784, 1000, 500, 10]",0.0002738044633153158
NN2,8,T,1,100000000000.0,"[784, 784, 1000, 500, 10]",0.0002634340279487731
NN2,8,T,1,133352143216.3324,"[784, 784, 1000, 500, 10]",0.00025565729851914626
NN2,8,T,1,177827941003.89227,"[784, 784, 1000, 500, 10]",0.0002498255741523238
NN2,8,T,1,237137370566.16553,"[784, 784, 1000, 500, 10]",0.00024545239781922066
NN2,8,T,1,316227766016.83795,"[784, 784, 1000, 500, 10]",0.00024217297821063684
NN2,8,T,1,421696503428.5823,"[784, 784, 1000, 500, 10]",0.00023971376043618853
NN2,8,T,1,562341325190.3491,"[784, 784, 1000, 500, 10]",0.00023786960726764232
NN2,8,T,1,749894209332.4558,"[784, 784, 1000, 500, 10]",0.0002364866874854274
NN2,8,T,1,1000000000000.0,"[784, 784, 1000, 500, 10]",0.00023544964394877312
NN2,8,T,1,1333521432163.324,"[784, 784, 1000, 500, 10]",0.00023467197100581044
NN2,8,T,1,1778279410038.9229,"[784, 784, 1000, 500, 10]",0.0002340887985691282
NN2,8,T,1,2371373705661.6553,"[784, 784, 1000, 500, 10]",0.0002336514809358179
NN2,8,T,1,3162277660168.3794,"[784, 784, 1000, 500, 10]",0.00023332353897495951
NN2,8,T,1,4216965034285.8223,"[784, 784, 1000, 500, 10]",0.00023307761719751466
NN2,8,T,1,5623413251903.491,"[784, 784, 1000, 500, 10]",0.00023289320188066005
NN2,8,T,1,7498942093324.559,"[784, 784, 1000, 500, 10]",0.00023275490990243855
NN2,8,T,1,10000000000000.0,"[784, 784, 1000, 500, 10]",0.00023265120554877313
NN2,8,T,1,1e+18,"[784, 784, 1000, 500, 10]",0.00023234027105814914
NN2,8,T,1,435200000000.0,"[784, 784, 1000, 500, 10]",0.00023948497383112608
NN2,16,R,0,1000000000.0,"[500, 131, 125, 125, 10]",0.008381398859272944
NN2,16,R,0,1333521432.163324,"[500, 131, 125, 125, 10]",0.0064539275703754725
NN2,16,R,0,1778279410.0389228,"[500, 131, 125, 125, 10]",0.005008528012176694
NN2,16,R,0,2371373705.6616554,"[500, 131, 125, 125, 10]",0.003924631253311738
NN2,16,R,0,3162277660.1683793,"[500, 131, 125, 125, 10]",0.0031118233503246925
NN2,16,R,0,4216965034.2858224,"[507, 157, 143, 125, 10]",0.0024816922403741474
NN2,16,R,0,5623413251.903491,"[507, 157, 143, 125, 10]",0.002022208709347907
NN2,16,R,0,7498942093.324558,"[507, 157, 167, 167, 10]",0.0016737044274097008
NN2,16,R,0,10000000000.0,"[507, 157, 167, 167, 10]",0.0014081594658298855
NN2,16,R,0,13335214321.63324,"[507, 157, 167, 167, 10]",0.0012090288368237722
NN2,16,R,0,17782794100.38923,"[507, 157, 167, 167, 10]",0.0010597019312313587
NN2,16,R,0,23713737056.61655,"[507, 157, 167, 167, 10]",0.0009477225494300732
NN2,16,R,0,31622776601.683792,"[507, 196, 167, 167, 10]",0.0008571801827089632
NN2,16,R,0,42169650342.85822,"[507, 196, 254, 167, 10]",0.0007855286411774598
NN2,16,R,0,56234132519.034904,"[507, 196, 254, 167, 10]",0.0007290155041316625
NN2,16,R,0,74989420933.24557,"[507, 267, 250, 250, 10]",0.0006797520270564755
NN2,16,R,0,100000000000.0,"[507, 392, 334, 250, 10]",0.0006357689754924829
NN2,16,R,0,133352143216.3324,"[507, 392, 500, 250, 10]",0.0005957880822675071
NN2,16,R,0,177827941003.89227,"[507, 392, 500, 250, 10]",0.0005641544585590248
NN2,16,R,0,237137370566.16553,"[507, 392, 500, 250, 10]",0.0005404325873198322
NN2,16,R,0,316227766016.83795,"[507, 392, 500, 250, 10]",0.0005226436934430314
NN2,16,R,0,421696503428.5823,"[507, 392, 500, 250, 10]",0.0005093039049343889
NN2,16,R,0,562341325190.3491,"[750, 392, 500, 500, 10]",0.0004973366792890586
NN2,16,R,0,749894209332.4558,"[750, 784, 500, 500, 10]",0.00048321404704683196
NN2,16,R,0,1000000000000.0,"[750, 784, 500, 500, 10]",0.00046910287798788877
NN2,16,R,0,1333521432163.324,"[750, 784, 500, 500, 10]",0.00045852099402367595
NN2,16,R,0,1778279410038.9229,"[750, 784, 500, 500, 10]",0.0004505857005150848
NN2,16,R,0,2371373705661.6553,"[750, 784, 500, 500, 10]",0.00044463506986363883
NN2,16,R,0,3162277660168.3794,"[750, 784, 500, 500, 10]",0.0004401727263962433
NN2,16,R,0,4216965034285.8223,"[750, 784, 1000, 500, 10]",0.00043530553276898895
NN2,16,R,0,5623413251903.491,"[750, 784, 1000, 500, 10]",0.00043143575665855166
NN2,16,R,0,7498942093324.559,"[750, 784, 1000, 500, 10]",0.00042853383396192164
NN2,16,R,0,10000000000000.0,"[750, 784, 1000, 500, 10]",0.00042635769893578835
NN2,16,R,0,1e+18,"[750, 784, 1000, 500, 10]",0.00041983304098302035
NN2,16,R,0,435200000000.0,"[507, 392, 500, 500, 10]",0.0005080127979501782
NN2,16,R,1,1000000000.0,"[500, 131, 125, 125, 10]",0.008381398859272944
NN2,16,R,1,1333521432.163324,"[500, 131, 125, 125, 10]",0.0064539275703754725
NN2,16,R,1,1778279410.0389228,"[500, 131, 125, 125, 10]",0.005008528012176694
NN2,16,R,1,2371373705.6616554,"[507, 157, 143, 125, 10]",0.0039038163372618817
NN2,16,R,1,3162277660.1683793,"[507, 157, 143, 125, 10]",0.003088651334556168
NN2,16,R,1,4216965034.2858224,"[507, 157, 167, 167, 10]",0.0024721932264887597
NN2,16,R,1,5623413251.903491,"[507, 157, 167, 167, 10]",0.002006941592476098
NN2,16,R,1,7498942093.324558,"[507, 157, 167, 167, 10]",0.0016580520862475405
NN2,16,R,1,10000000000.0,"[507, 157, 167, 167, 10]",0.0013964218658298853
NN2,16,R,1,13335214321.63324,"[507, 196, 167, 167, 10]",0.0011973903866040702
NN2,16,R,1,17782794100.38923,"[507, 196, 204, 167, 10]",0.001043580618136928
NN2,16,R,1,23713737056.61655,"[507, 196, 254, 167, 10]",0.0009234468077258383
NN2,16,R,1,31622776601.683792,"[507, 267, 254, 167, 10]",0.0008324023261905087
NN2,16,R,1,42169650342.85822,"[507, 265, 334, 250, 10]",0.0007534419213145893
NN2,16,R,1,56234132519.034904,"[507, 392, 334, 250, 10]",0.0006876185225208059
NN2,16,R,1,74989420933.24557,"[507, 392, 500, 250, 10]",0.0006333422793132508
NN2,16,R,1,100000000000.0,"[507, 392, 500, 250, 10]",0.0005923161334597581
NN2,16,R,1,133352143216.3324,"[507, 392, 500, 250, 10]",0.0005615508642529951
NN2,16,R,1,177827941003.89227,"[507, 392, 500, 250, 10]",0.0005384801670262894
NN2,16,R,1,237137370566.16553,"[507, 392, 500, 500, 10]",0.000520528611171077
NN2,16,R,1,316227766016.83795,"[750, 392, 500, 500, 10]",0.000503939486268888
NN2,16,R,1,421696503428.5823,"[784, 784, 500, 500, 10]",0.0004861357157417033
NN2,16,R,1,562341325190.3491,"[784, 784, 500, 500, 10]",0.00047129382042376074
NN2,16,R,1,749894209332.4558,"[784, 784, 500, 500, 10]",0.00046016396906931707
NN2,16,R,1,1000000000000.0,"[784, 784, 500, 500, 10]",0.0004518177579878888
NN2,16,R,1,1333521432163.324,"[784, 784, 500, 500, 10]",0.0004455589826280593
NN2,16,R,1,1778279410038.9229,"[784, 784, 1000, 500, 10]",0.00044035582484148723
NN2,16,R,1,2371373705661.6553,"[784, 784, 1000, 500, 10]",0.0004352229414391557
NN2,16,R,1,3162277660168.3794,"[784, 784, 1000, 500, 10]",0.0004313738218985686
NN2,16,R,1,4216965034285.8223,"[784, 784, 1000, 500, 10]",0.00042848738944405396
NN2,16,R,1,5623413251903.491,"[784, 784, 1000, 500, 10]",0.00042632287046078416
NN2,16,R,1,7498942093324.559,"[784, 784, 1000, 500, 10]",0.00042469971020923995
NN2,16,R,1,10000000000000.0,"[784, 784, 1000, 500, 10]",0.0004234825117357884
NN2,16,R,1,1e+18,"[784, 784, 1000, 500, 10]",0.0004198330122311484
NN2,16,R,1,435200000000.0,"[784, 784, 500, 500, 10]",0.000484294422458477
NN2,16,T,1,1000000000.0,"[784, 784, 1000, 500, 10]",0.006632426798127379
NN2,16,T,1,1333521432.163324,"[784, 784, 1000, 500, 10]",0.005077080912202007
NN2,16,T,1,1778279410.0389228,"[784, 784, 1000, 500, 10]",0.003910736038837512
NN2,16,T,1,2371373705.6616554,"[784, 784, 1000, 500, 10]",0.003036100772216881
NN2,16,T,1,3162277660.1683793,"[784, 784, 1000, 500, 10]",0.0023802168505001214
NN2,16,T,1,4216965034.2858224,"[784, 784, 1000, 500, 10]",0.0018883732956104615
NN2,16,T,1,5623413251.903491,"[784, 784, 1000, 500, 10]",0.0015195426619012155
NN2,16,T,1,7498942093.324558,"[784, 784, 1000, 500, 10]",0.001242958705458232
NN2,16,T,1,10000000000.0,"[784, 784, 1000, 500, 10]",0.0010355499981273785
NN2,16,T,1,13335214321.63324,"[784, 784, 1000, 500, 10]",0.0008800154095348412
NN2,16,T,1,17782794100.38923,"[784, 784, 1000, 500, 10]",0.0007633809221983918
NN2,16,T,1,23713737056.61655,"[784, 784, 1000, 500, 10]",0.0006759173955363288
NN2,16,T,1,31622776601.683792,"[784, 784, 1000, 500, 10]",0.0006103290033646527
NN2,16,T,1,42169650342.85822,"[784, 784, 1000, 500, 10]",0.0005611446478756868
NN2,16,T,1,56234132519.034904,"[784, 784, 1000, 500, 10]",0.0005242615845047621
NN2,16,T,1,74989420933.24557,"[784, 784, 1000, 500, 10]",0.0004966031888604638
NN2,16,T,1,100000000000.0,"[784, 784, 1000, 500, 10]",0.0004758623181273784
NN2,16,T,1,133352143216.3324,"[784, 784, 1000, 500, 10]",0.0004603088592681247
NN2,16,T,1,177827941003.89227,"[784, 784, 1000, 500, 10]",0.00044864541053447974
NN2,16,T,1,237137370566.16553,"[784, 784, 1000, 500, 10]",0.00043989905786827343
NN2,16,T,1,316227766016.83795,"[784, 784, 1000, 500, 10]",0.00043334021865110584
NN2,16,T,1,421696503428.5823,"[784, 784, 1000, 500, 10]",0.00042842178310220923
NN2,16,T,1,562341325190.3491,"[784, 784, 1000, 500, 10]",0.0004247334767651168
NN2,16,T,1,749894209332.4558,"[784, 784, 1000, 500, 10]",0.00042196763720068694
NN2,16,T,1,1000000000000.0,"[784, 784, 1000, 500, 10]",0.0004198935501273784
NN2,16,T,1,1333521432163.324,"[784, 784, 1000, 500, 10]",0.00041833820424145305
NN2,16,T,1,1778279410038.9229,"[784, 784, 1000, 500, 10]",0.00041717185936808855
NN2,16,T,1,2371373705661.6553,"[784, 784, 1000, 500, 10]",0.00041629722410146795
NN2,16,T,1,3162277660168.3794,"[784, 784, 1000, 500, 10]",0.0004156413401797512
NN2,16,T,1,4216965034285.8223,"[784, 784, 1000, 500, 10]",0.0004151494966248615
NN2,16,T,1,5623413251903.491,"[784, 784, 1000, 500, 10]",0.00041478066599115226
NN2,16,T,1,7498942093324.559,"[784, 784, 1000, 500, 10]",0.00041450408203470927
NN2,16,T,1,10000000000000.0,"[784, 784, 1000, 500, 10]",0.0004142966733273784
NN2,16,T,1,1e+18,"[784, 784, 1000, 500, 10]",0.00041367480434613044
NN2,16,T,1,435200000000.0,"[784, 784, 1000, 500, 10]",0.0004279642098920843
NN2,16,T,0,1000000000.0,"[100, 98, 125, 125, 10]",0.007454230463276551
NN2,16,T,0,1333521432.163324,"[100, 98, 125, 125, 10]",0.0058230765117766835
NN2,16,T,0,1778279410.0389228,"[100, 98, 125, 125, 10]",0.00459988360901718
NN2,16,T,0,2371373705.6616554,"[116, 112, 125, 125, 10]",0.0035676301036527166
NN2,16,T,0,3162277660.1683793,"[116, 112, 125, 125, 10]",0.0028914421843593474
NN2,16,T,0,4216965034.2858224,"[137, 131, 125, 125, 10]",0.002315022704341386
NN2,16,T,0,5623413251.903491,"[137, 131, 125, 125, 10]",0.0019365355465485287
NN2,16,T,0,7498942093.324558,"[167, 157, 167, 167, 10]",0.0015811051788656885
NN2,16,T,0,10000000000.0,"[215, 157, 167, 167, 10]",0.0013612668148130695
NN2,16,T,0,13335214321.63324,"[257, 157, 167, 167, 10]",0.001191673776224247
NN2,16,T,0,17782794100.38923,"[257, 157, 167, 167, 10]",0.001060476302573777
NN2,16,T,0,23713737056.61655,"[253, 196, 167, 167, 10]",0.0009573491090635711
NN2,16,T,0,31622776601.683792,"[380, 196, 253, 172, 10]",0.000868079464822597
NN2,16,T,0,42169650342.85822,"[380, 196, 252, 252, 10]",0.0007945165407019799
NN2,16,T,0,56234132519.034904,"[507, 267, 252, 252, 10]",0.0007322070315741135
NN2,16,T,0,74989420933.24557,"[507, 392, 334, 256, 10]",0.0006782441727256795
NN2,16,T,0,100000000000.0,"[507, 392, 510, 255, 10]",0.0006295780218456964
NN2,16,T,0,133352143216.3324,"[507, 392, 510, 255, 10]",0.0005909899237099707
NN2,16,T,0,177827941003.89227,"[507, 392, 510, 255, 10]",0.0005620529323688376
NN2,16,T,0,237137370566.16553,"[507, 392, 500, 500, 10]",0.0005386575738847151
NN2,16,T,0,316227766016.83795,"[507, 392, 500, 500, 10]",0.0005204621680564338
NN2,16,T,0,421696503428.5823,"[507, 392, 500, 500, 10]",0.0005068175385893515
NN2,16,T,0,562341325190.3491,"[507, 392, 500, 500, 10]",0.0004965855099634996
NN2,16,T,0,749894209332.4558,"[750, 784, 594, 500, 10]",0.0004781196125750951
NN2,16,T,0,1000000000000.0,"[750, 784, 594, 500, 10]",0.0004647833112446889
NN2,16,T,0,1333521432163.324,"[750, 784, 594, 500, 10]",0.0004547824961031046
NN2,16,T,0,1778279410038.9229,"[750, 784, 1000, 500, 10]",0.0004470952559387294
NN2,16,T,0,2371373705661.6553,"[750, 784, 1000, 500, 10]",0.0004387366059133502
NN2,16,T,0,3162277660168.3794,"[750, 784, 1000, 500, 10]",0.0004324685026614817
NN2,16,T,0,4216965034285.8223,"[750, 784, 1000, 500, 10]",0.0004277680883294076
NN2,16,T,0,5623413251903.491,"[750, 784, 1000, 500, 10]",0.0004242432748403219
NN2,16,T,0,7498942093324.559,"[750, 784, 1000, 500, 10]",0.00042160003761587965
NN2,16,T,0,10000000000000.0,"[750, 784, 1000, 500, 10]",0.0004196178893273784
NN2,16,T,0,1e+18,"[750, 784, 1000, 500, 10]",0.00041367485755829044
NN2,16,T,0,435200000000.0,"[507, 392, 500, 500, 10]",0.000505548147775108
NN2,32,R,1,1000000000.0,"[500, 131, 125, 125, 10]",0.016669892052807844
NN2,32,R,1,1333521432.163324,"[500, 131, 125, 125, 10]",0.0128149494750129
NN2,32,R,1,1778279410.0389228,"[500, 131, 125, 125, 10]",0.009924150358615342
NN2,32,R,1,2371373705.6616554,"[500, 131, 125, 125, 10]",0.007756356840885433
NN2,32,R,1,3162277660.1683793,"[500, 131, 125, 125, 10]",0.006130741034911341
NN2,32,R,1,4216965034.2858224,"[500, 131, 125, 125, 10]",0.004911701155412055
NN2,32,R,1,5623413251.903491,"[507, 157, 167, 125, 10]",0.0039611691659228445
NN2,32,R,1,7498942093.324558,"[507, 157, 167, 167, 10]",0.0032635090025587552
NN2,32,R,1,10000000000.0,"[507, 157, 167, 167, 10]",0.0027402485617234445
NN2,32,R,1,13335214321.63324,"[507, 157, 167, 167, 10]",0.0023478585871682975
NN2,32,R,1,17782794100.38923,"[507, 157, 167, 167, 10]",0.0020536076174492825
NN2,32,R,1,23713737056.61655,"[507, 262, 261, 167, 10]",0.001806471566045014
NN2,32,R,1,31622776601.683792,"[507, 267, 250, 250, 10]",0.0015927116703901467
NN2,32,R,1,42169650342.85822,"[507, 392, 250, 250, 10]",0.0014259738439816373
NN2,32,R,1,56234132519.034904,"[507, 392, 334, 250, 10]",0.0012913563253962848
NN2,32,R,1,74989420933.24557,"[507, 392, 500, 250, 10]",0.0011872906515110104
NN2,32,R,1,100000000000.0,"[507, 392, 500, 250, 10]",0.001105238359804025
NN2,32,R,1,133352143216.3324,"[507, 392, 500, 500, 10]",0.0010407359531644626
NN2,32,R,1,177827941003.89227,"[507, 392, 500, 500, 10]",0.0009885947869600377
NN2,32,R,1,237137370566.16553,"[507, 392, 500, 500, 10]",0.0009494944283554982
NN2,32,R,1,316227766016.83795,"[507, 392, 500, 500, 10]",0.0009201732958551315
NN2,32,R,1,421696503428.5823,"[784, 784, 500, 500, 10]",0.0008863566648413314
NN2,32,R,1,562341325190.3491,"[784, 784, 500, 500, 10]",0.0008566728742054463
NN2,32,R,1,749894209332.4558,"[784, 784, 500, 500, 10]",0.0008344131714965589
NN2,32,R,1,1000000000000.0,"[784, 784, 500, 500, 10]",0.0008177207493337024
NN2,32,R,1,1333521432163.324,"[784, 784, 1000, 500, 10]",0.0008038038716269218
NN2,32,R,1,1778279410038.9229,"[784, 784, 1000, 500, 10]",0.0007901142515753128
NN2,32,R,1,2371373705661.6553,"[784, 784, 1000, 500, 10]",0.0007798484847706498
NN2,32,R,1,3162277660168.3794,"[784, 784, 1000, 500, 10]",0.0007721502456894756
NN2,32,R,1,4216965034285.8223,"[784, 784, 1000, 500, 10]",0.0007663773807804463
NN2,32,R,1,5623413251903.491,"[784, 784, 1000, 500, 10]",0.0007620483428139067
NN2,32,R,1,7498942093324.559,"[784, 784, 1000, 500, 10]",0.0007588020223108183
NN2,32,R,1,10000000000000.0,"[784, 784, 1000, 500, 10]",0.0007563676253639151
NN2,32,R,1,1e+18,"[784, 784, 1000, 500, 10]",0.0007490686263546351
NN2,32,R,1,435200000000.0,"[784, 784, 500, 500, 10]",0.0008826740782748788
NN2,32,R,0,1000000000.0,"[500, 131, 125, 125, 10]",0.016669892052807844
NN2,32,R,0,1333521432.163324,"[500, 131, 125, 125, 10]",0.0128149494750129
NN2,32,R,0,1778279410.0389228,"[500, 131, 125, 125, 10]",0.009924150358615342
NN2,32,R,0,2371373705.6616554,"[500, 131, 125, 125, 10]",0.007756356840885433
NN2,32,R,0,3162277660.1683793,"[500, 131, 125, 125, 10]",0.006130741034911341
NN2,32,R,0,4216965034.2858224,"[500, 131, 125, 125, 10]",0.004911701155412055
NN2,32,R,0,5623413251.903491,"[500, 131, 125, 125, 10]",0.003997550208830206
NN2,32,R,0,7498942093.324558,"[500, 131, 125, 125, 10]",0.003312033707532694
NN2,32,R,0,10000000000.0,"[507, 157, 167, 125, 10]",0.0027619357335804625
NN2,32,R,0,13335214321.63324,"[507, 157, 167, 167, 10]",0.0023654625037112186
NN2,32,R,0,17782794100.38923,"[507, 157, 167, 167, 10]",0.002066808692526391
NN2,32,R,0,23713737056.61655,"[507, 157, 167, 167, 10]",0.0018428499289238204
NN2,32,R,0,31622776601.683792,"[507, 157, 167, 167, 10]",0.0016749045489689962
NN2,32,R,0,42169650342.85822,"[507, 262, 209, 167, 10]",0.0015360131567641459
NN2,32,R,0,56234132519.034904,"[507, 267, 250, 250, 10]",0.0013955578215448842
NN2,32,R,0,74989420933.24557,"[507, 392, 250, 250, 10]",0.0012850473763285392
NN2,32,R,0,100000000000.0,"[507, 392, 334, 250, 10]",0.0011876572313396388
NN2,32,R,0,133352143216.3324,"[507, 392, 334, 250, 10]",0.0011115228837531776
NN2,32,R,0,177827941003.89227,"[507, 392, 500, 250, 10]",0.0010489150100025588
NN2,32,R,0,237137370566.16553,"[507, 392, 500, 250, 10]",0.0010014712675241733
NN2,32,R,0,316227766016.83795,"[507, 392, 500, 500, 10]",0.0009591518237537337
NN2,32,R,0,421696503428.5823,"[507, 392, 500, 500, 10]",0.0009274153207415024
NN2,32,R,0,562341325190.3491,"[507, 392, 500, 500, 10]",0.000903616300908168
NN2,32,R,0,749894209332.4558,"[750, 784, 500, 500, 10]",0.0008805133274515887
NN2,32,R,0,1000000000000.0,"[750, 784, 500, 500, 10]",0.0008522909893337023
NN2,32,R,0,1333521432163.324,"[750, 784, 500, 500, 10]",0.0008311272214052767
NN2,32,R,0,1778279410038.9229,"[750, 784, 500, 500, 10]",0.0008152566343880943
NN2,32,R,0,2371373705661.6553,"[750, 784, 500, 500, 10]",0.0008033553730852024
NN2,32,R,0,3162277660168.3794,"[750, 784, 1000, 500, 10]",0.0007903345261921998
NN2,32,R,0,4216965034285.8223,"[750, 784, 1000, 500, 10]",0.0007800136674303163
NN2,32,R,0,5623413251903.491,"[750, 784, 1000, 500, 10]",0.0007722741152094417
NN2,32,R,0,7498942093324.559,"[750, 784, 1000, 500, 10]",0.0007664702698161817
NN2,32,R,0,10000000000000.0,"[750, 784, 1000, 500, 10]",0.0007621179997639151
NN2,32,R,0,1e+18,"[750, 784, 1000, 500, 10]",0.0007490686838583791
NN2,32,R,0,435200000000.0,"[507, 392, 500, 500, 10]",0.0009244628019137005
NN2,32,T,0,1000000000.0,"[116, 112, 125, 125, 10]",0.014453687695026734
NN2,32,T,0,1333521432.163324,"[116, 112, 125, 125, 10]",0.01124669919123001
NN2,32,T,0,1778279410.0389228,"[116, 112, 125, 125, 10]",0.008841797082837092
NN2,32,T,0,2371373705.6616554,"[116, 112, 125, 125, 10]",0.007038374917741826
NN2,32,T,0,3162277660.1683793,"[116, 112, 125, 125, 10]",0.005685999079155088
NN2,32,T,0,4216965034.2858224,"[137, 131, 125, 125, 10]",0.004544145641057602
NN2,32,T,0,5623413251.903491,"[150, 131, 125, 125, 10]",0.0037843738105411465
NN2,32,T,0,7498942093.324558,"[215, 157, 167, 167, 10]",0.0031217089266794887
NN2,32,T,0,10000000000.0,"[215, 157, 167, 167, 10]",0.0026696173702129254
NN2,32,T,0,13335214321.63324,"[257, 157, 167, 167, 10]",0.002329769340094066
NN2,32,T,0,17782794100.38923,"[257, 157, 167, 167, 10]",0.002067374392793126
NN2,32,T,0,23713737056.61655,"[309, 157, 167, 167, 10]",0.0018652118639628991
NN2,32,T,0,31622776601.683792,"[387, 262, 209, 167, 10]",0.0016985142178023984
NN2,32,T,0,42169650342.85822,"[387, 262, 262, 262, 10]",0.0015317743586585669
NN2,32,T,0,56234132519.034904,"[387, 262, 262, 262, 10]",0.0014035484727279448
NN2,32,T,0,74989420933.24557,"[507, 392, 334, 256, 10]",0.0012764056980529871
NN2,32,T,0,100000000000.0,"[507, 392, 334, 256, 10]",0.0011828576429856255
NN2,32,T,0,133352143216.3324,"[507, 392, 500, 500, 10]",0.0011050208697121174
NN2,32,T,0,177827941003.89227,"[507, 392, 500, 500, 10]",0.0010403078386286475
NN2,32,T,0,237137370566.16553,"[507, 392, 500, 500, 10]",0.000991779911350802
NN2,32,T,0,316227766016.83795,"[507, 392, 500, 500, 10]",0.0009553890996942393
NN2,32,T,0,421696503428.5823,"[507, 392, 500, 500, 10]",0.0009280998407600749
NN2,32,T,0,562341325190.3491,"[507, 392, 500, 500, 10]",0.000907635783508371
NN2,32,T,0,749894209332.4558,"[750, 784, 594, 500, 10]",0.0008731834412713161
NN2,32,T,0,1000000000000.0,"[750, 784, 594, 500, 10]",0.0008465108386105037
NN2,32,T,0,1333521432163.324,"[750, 784, 594, 500, 10]",0.0008265092083273351
NN2,32,T,0,1778279410038.9229,"[750, 784, 1000, 500, 10]",0.000807183758826916
NN2,32,T,0,2371373705661.6553,"[750, 784, 1000, 500, 10]",0.0007904664587761576
NN2,32,T,0,3162277660168.3794,"[750, 784, 1000, 500, 10]",0.0007779302522724205
NN2,32,T,0,4216965034285.8223,"[750, 784, 1000, 500, 10]",0.0007685294236082724
NN2,32,T,0,5623413251903.491,"[750, 784, 1000, 500, 10]",0.000761479796630101
NN2,32,T,0,7498942093324.559,"[750, 784, 1000, 500, 10]",0.0007561933221812164
NN2,32,T,0,10000000000000.0,"[750, 784, 1000, 500, 10]",0.0007522290256042139
NN2,32,T,0,1e+18,"[750, 784, 1000, 500, 10]",0.000740342962066038
NN2,32,T,0,435200000000.0,"[507, 392, 500, 500, 10]",0.0009255610591315877
NN2,32,T,1,1000000000.0,"[784, 784, 1000, 500, 10]",0.013177846843204215
NN2,32,T,1,1333521432.163324,"[784, 784, 1000, 500, 10]",0.010067155071353471
NN2,32,T,1,1778279410.0389228,"[784, 784, 1000, 500, 10]",0.007734465324624481
NN2,32,T,1,2371373705.6616554,"[784, 784, 1000, 500, 10]",0.005985194791383219
NN2,32,T,1,3162277660.1683793,"[784, 784, 1000, 500, 10]",0.004673426947949699
NN2,32,T,1,4216965034.2858224,"[784, 784, 1000, 500, 10]",0.0036897398381703804
NN2,32,T,1,5623413251.903491,"[784, 784, 1000, 500, 10]",0.0029520785707518884
NN2,32,T,1,7498942093.324558,"[784, 784, 1000, 500, 10]",0.0023989106578659212
NN2,32,T,1,10000000000.0,"[784, 784, 1000, 500, 10]",0.001984093243204214
NN2,32,T,1,13335214321.63324,"[784, 784, 1000, 500, 10]",0.0016730240660191398
NN2,32,T,1,17782794100.38923,"[784, 784, 1000, 500, 10]",0.0014397550913462407
NN2,32,T,1,23713737056.61655,"[784, 784, 1000, 500, 10]",0.0012648280380221145
NN2,32,T,1,31622776601.683792,"[784, 784, 1000, 500, 10]",0.0011336512536787625
NN2,32,T,1,42169650342.85822,"[784, 784, 1000, 500, 10]",0.0010352825427008307
NN2,32,T,1,56234132519.034904,"[784, 784, 1000, 500, 10]",0.0009615164159589814
NN2,32,T,1,74989420933.24557,"[784, 784, 1000, 500, 10]",0.0009061996246703848
NN2,32,T,1,100000000000.0,"[784, 784, 1000, 500, 10]",0.000864717883204214
NN2,32,T,1,133352143216.3324,"[784, 784, 1000, 500, 10]",0.0008336109654857065
NN2,32,T,1,177827941003.89227,"[784, 784, 1000, 500, 10]",0.0008102840680184166
NN2,32,T,1,237137370566.16553,"[784, 784, 1000, 500, 10]",0.000792791362686004
NN2,32,T,1,316227766016.83795,"[784, 784, 1000, 500, 10]",0.0007796736842516688
NN2,32,T,1,421696503428.5823,"[784, 784, 1000, 500, 10]",0.0007698368131538756
NN2,32,T,1,562341325190.3491,"[784, 784, 1000, 500, 10]",0.0007624602004796908
NN2,32,T,1,749894209332.4558,"[784, 784, 1000, 500, 10]",0.000756928521350831
NN2,32,T,1,1000000000000.0,"[784, 784, 1000, 500, 10]",0.0007527803472042139
NN2,32,T,1,1333521432163.324,"[784, 784, 1000, 500, 10]",0.0007496696554323632
NN2,32,T,1,1778279410038.9229,"[784, 784, 1000, 500, 10]",0.0007473369656856342
NN2,32,T,1,2371373705661.6553,"[784, 784, 1000, 500, 10]",0.000745587695152393
NN2,32,T,1,3162277660168.3794,"[784, 784, 1000, 500, 10]",0.0007442759273089595
NN2,32,T,1,4216965034285.8223,"[784, 784, 1000, 500, 10]",0.0007432922401991801
NN2,32,T,1,5623413251903.491,"[784, 784, 1000, 500, 10]",0.0007425545789317617
NN2,32,T,1,7498942093324.559,"[784, 784, 1000, 500, 10]",0.0007420014110188757
NN2,32,T,1,10000000000000.0,"[784, 784, 1000, 500, 10]",0.000741586593604214
NN2,32,T,1,1e+18,"[784, 784, 1000, 500, 10]",0.000740342855641718
NN2,32,T,1,435200000000.0,"[784, 784, 1000, 500, 10]",0.0007689216667336258
NN3,1,R,0,1000000000.0,"[667, 100, 98, 125, 125, 10]",0.0009941347260439659
NN3,1,R,0,1333521432.163324,"[667, 100, 98, 125, 125, 10]",0.0008031739527534827
NN3,1,R,0,1778279410.0389228,"[500, 150, 131, 125, 125, 10]",0.0006049124768463781
NN3,1,R,0,2371373705.6616554,"[500, 150, 131, 125, 125, 10]",0.0005013618829553467
NN3,1,R,0,3162277660.1683793,"[500, 150, 131, 125, 125, 10]",0.0004237098922235255
NN3,1,R,0,4216965034.2858224,"[512, 167, 157, 167, 167, 10]",0.0003565364953655419
NN3,1,R,0,5623413251.903491,"[512, 256, 157, 167, 167, 10]",0.00030964810878607893
NN3,1,R,0,7498942093.324558,"[512, 256, 157, 167, 167, 10]",0.00026935289366799675
NN3,1,R,0,10000000000.0,"[512, 256, 157, 167, 167, 10]",0.0002391357451871413
NN3,1,R,0,13335214321.63324,"[504, 253, 196, 167, 167, 10]",0.0002159354395419734
NN3,1,R,0,17782794100.38923,"[504, 253, 196, 167, 167, 10]",0.00019820716071286342
NN3,1,R,0,23713737056.61655,"[504, 253, 196, 254, 167, 10]",0.00018450508798713517
NN3,1,R,0,31622776601.683792,"[504, 379, 196, 334, 167, 10]",0.00017369673115396006
NN3,1,R,0,42169650342.85822,"[504, 379, 265, 334, 250, 10]",0.00016321660981309758
NN3,1,R,0,56234132519.034904,"[504, 379, 265, 334, 250, 10]",0.00015485639058003444
NN3,1,R,0,74989420933.24557,"[504, 506, 392, 334, 250, 10]",0.00014766347602272997
NN3,1,R,0,100000000000.0,"[504, 506, 392, 334, 250, 10]",0.00014178972068587192
NN3,1,R,0,133352143216.3324,"[504, 506, 392, 500, 250, 10]",0.00013719650702055279
NN3,1,R,0,177827941003.89227,"[504, 506, 392, 500, 500, 10]",0.0001334979152893955
NN3,1,R,0,237137370566.16553,"[504, 506, 392, 500, 500, 10]",0.00013059525820375322
NN3,1,R,0,316227766016.83795,"[503, 504, 392, 500, 500, 10]",0.0001284119760771632
NN3,1,R,0,421696503428.5823,"[833, 750, 392, 500, 500, 10]",0.00012594168627486592
NN3,1,R,0,562341325190.3491,"[1000, 750, 392, 500, 500, 10]",0.00012379556218252653
NN3,1,R,0,749894209332.4558,"[1000, 750, 392, 500, 500, 10]",0.00012186253726876448
NN3,1,R,0,1000000000000.0,"[1000, 750, 392, 500, 500, 10]",0.00012041297307943896
NN3,1,R,0,1333521432163.324,"[1000, 750, 784, 500, 500, 10]",0.00011911974844686039
NN3,1,R,0,1778279410038.9229,"[1000, 750, 784, 500, 500, 10]",0.00011814365721916964
NN3,1,R,0,2371373705661.6553,"[1000, 750, 784, 1000, 500, 10]",0.00011732765475849595
NN3,1,R,0,3162277660168.3794,"[1000, 750, 784, 1000, 500, 10]",0.00011662755834205619
NN3,1,R,0,4216965034285.8223,"[1000, 750, 784, 1000, 500, 10]",0.0001161025600933936
NN3,1,R,0,5623413251903.491,"[1000, 750, 784, 1000, 500, 10]",0.00011570886694681185
NN3,1,R,0,7498942093324.559,"[1000, 750, 784, 1000, 500, 10]",0.00011541363873593632
NN3,1,R,0,10000000000000.0,"[1000, 750, 784, 1000, 500, 10]",0.00011519224881016918
NN3,1,R,0,1e+18,"[1000, 750, 784, 1000, 500, 10]",0.00011452846024812119
NN3,1,R,0,435200000000.0,"[833, 750, 392, 500, 500, 10]",0.00012568461685344404
NN3,1,R,1,1000000000.0,"[500, 150, 131, 125, 125, 10]",0.0009271413021270325
NN3,1,R,1,1333521432.163324,"[500, 150, 131, 125, 125, 10]",0.000742999413113309
NN3,1,R,1,1778279410.0389228,"[500, 150, 131, 125, 125, 10]",0.0006049124768463781
NN3,1,R,1,2371373705.6616554,"[512, 167, 157, 167, 167, 10]",0.0004918903658586271
NN3,1,R,1,3162277660.1683793,"[512, 256, 157, 167, 167, 10]",0.0004084827442837921
NN3,1,R,1,4216965034.2858224,"[512, 256, 157, 167, 167, 10]",0.00034346841450921584
NN3,1,R,1,5623413251.903491,"[512, 256, 157, 167, 167, 10]",0.0002947145450876304
NN3,1,R,1,7498942093.324558,"[504, 253, 196, 167, 167, 10]",0.0002572533190741769
NN3,1,R,1,10000000000.0,"[504, 253, 196, 167, 167, 10]",0.00022919119931595885
NN3,1,R,1,13335214321.63324,"[504, 253, 196, 254, 167, 10]",0.00020750712543354447
NN3,1,R,1,17782794100.38923,"[504, 379, 265, 334, 167, 10]",0.00018992823919189759
NN3,1,R,1,23713737056.61655,"[504, 379, 265, 334, 250, 10]",0.00017508601978100604
NN3,1,R,1,31622776601.683792,"[517, 506, 265, 334, 250, 10]",0.00016352793296297652
NN3,1,R,1,42169650342.85822,"[517, 506, 392, 334, 250, 10]",0.00015381843925580234
NN3,1,R,1,56234132519.034904,"[517, 506, 392, 500, 250, 10]",0.00014636344348426347
NN3,1,R,1,74989420933.24557,"[517, 506, 392, 500, 250, 10]",0.0001405747298248299
NN3,1,R,1,100000000000.0,"[517, 506, 392, 500, 500, 10]",0.00013590730205312142
NN3,1,R,1,133352143216.3324,"[517, 506, 392, 500, 500, 10]",0.00013240204338591357
NN3,1,R,1,177827941003.89227,"[667, 506, 392, 500, 500, 10]",0.00012975026270420253
NN3,1,R,1,237137370566.16553,"[833, 750, 392, 500, 500, 10]",0.0001265823376042631
NN3,1,R,1,316227766016.83795,"[1000, 750, 392, 500, 500, 10]",0.0001241079245030428
NN3,1,R,1,421696503428.5823,"[1000, 750, 392, 500, 500, 10]",0.00012209677596413328
NN3,1,R,1,562341325190.3491,"[1000, 750, 784, 500, 500, 10]",0.00012050202452042716
NN3,1,R,1,749894209332.4558,"[1000, 750, 784, 500, 500, 10]",0.00011918021804243616
NN3,1,R,1,1000000000000.0,"[1000, 750, 784, 500, 500, 10]",0.0001181890030187326
NN3,1,R,1,1333521432163.324,"[1000, 750, 784, 1000, 500, 10]",0.00011729473535939884
NN3,1,R,1,1778279410038.9229,"[1000, 750, 784, 1000, 500, 10]",0.00011660287227529856
NN3,1,R,1,2371373705661.6553,"[1000, 750, 784, 1000, 500, 10]",0.00011608404815488088
NN3,1,R,1,3162277660168.3794,"[1000, 750, 784, 1000, 500, 10]",0.00011569498495131763
NN3,1,R,1,4216965034285.8223,"[1000, 750, 784, 1000, 500, 10]",0.00011540322870790123
NN3,1,R,1,5623413251903.491,"[1000, 750, 784, 1000, 500, 10]",0.00011518444239042669
NN3,1,R,1,7498942093324.559,"[1000, 750, 784, 1000, 500, 10]",0.00011502037579787134
NN3,1,R,1,10000000000000.0,"[1000, 750, 784, 1000, 500, 10]",0.00011489734321016918
NN3,1,R,1,1e+18,"[1000, 750, 784, 1000, 500, 10]",0.00011452845729906519
NN3,1,R,1,435200000000.0,"[1000, 750, 392, 500, 500, 10]",0.00012190967425590954
NN3,1,T,1,1000000000.0,"[1000, 784, 784, 1000, 500, 10]",0.0007295583037897231
NN3,1,T,1,1333521432.163324,"[1000, 784, 784, 1000, 500, 10]",0.0005763575023510629
NN3,1,T,1,1778279410.0389228,"[1000, 784, 784, 1000, 500, 10]",0.0004614731084871202
NN3,1,T,1,2371373705.6616554,"[1000, 784, 784, 1000, 500, 10]",0.00037532196678588054
NN3,1,T,1,3162277660.1683793,"[1000, 784, 784, 1000, 500, 10]",0.00031071772449674104
NN3,1,T,1,4216965034.2858224,"[1000, 784, 784, 1000, 500, 10]",0.0002622713773058044
NN3,1,T,1,5623413251.903491,"[1000, 784, 784, 1000, 500, 10]",0.00022594174208401128
NN3,1,T,1,7498942093.324558,"[1000, 784, 784, 1000, 500, 10]",0.0001986983590040282
NN3,1,T,1,10000000000.0,"[1000, 784, 784, 1000, 500, 10]",0.00017826870378972307
NN3,1,T,1,13335214321.63324,"[1000, 784, 784, 1000, 500, 10]",0.00016294862364585707
NN3,1,T,1,17782794100.38923,"[1000, 784, 784, 1000, 500, 10]",0.0001514601842594628
NN3,1,T,1,23713737056.61655,"[1000, 784, 784, 1000, 500, 10]",0.00014284507008933882
NN3,1,T,1,31622776601.683792,"[1000, 784, 784, 1000, 500, 10]",0.00013638464586042488
NN3,1,T,1,42169650342.85822,"[1000, 784, 784, 1000, 500, 10]",0.00013154001114133122
NN3,1,T,1,56234132519.034904,"[1000, 784, 784, 1000, 500, 10]",0.0001279070476191519
NN3,1,T,1,74989420933.24557,"[1000, 784, 784, 1000, 500, 10]",0.0001251827093111536
NN3,1,T,1,100000000000.0,"[1000, 784, 784, 1000, 500, 10]",0.00012313974378972306
NN3,1,T,1,133352143216.3324,"[1000, 784, 784, 1000, 500, 10]",0.00012160773577533647
NN3,1,T,1,177827941003.89227,"[1000, 784, 784, 1000, 500, 10]",0.00012045889183669704
NN3,1,T,1,237137370566.16553,"[1000, 784, 784, 1000, 500, 10]",0.00011959738041968465
NN3,1,T,1,316227766016.83795,"[1000, 784, 784, 1000, 500, 10]",0.00011895133799679325
NN3,1,T,1,421696503428.5823,"[1000, 784, 784, 1000, 500, 10]",0.00011846687452488389
NN3,1,T,1,562341325190.3491,"[1000, 784, 784, 1000, 500, 10]",0.00011810357817266596
NN3,1,T,1,749894209332.4558,"[1000, 784, 784, 1000, 500, 10]",0.00011783114434186613
NN3,1,T,1,1000000000000.0,"[1000, 784, 784, 1000, 500, 10]",0.00011762684778972307
NN3,1,T,1,1333521432163.324,"[1000, 784, 784, 1000, 500, 10]",0.00011747364698828442
NN3,1,T,1,1778279410038.9229,"[1000, 784, 784, 1000, 500, 10]",0.00011735876259442047
NN3,1,T,1,2371373705661.6553,"[1000, 784, 784, 1000, 500, 10]",0.00011727261145271924
NN3,1,T,1,3162277660168.3794,"[1000, 784, 784, 1000, 500, 10]",0.0001172080072104301
NN3,1,T,1,4216965034285.8223,"[1000, 784, 784, 1000, 500, 10]",0.00011715956086323916
NN3,1,T,1,5623413251903.491,"[1000, 784, 784, 1000, 500, 10]",0.00011712323122801736
NN3,1,T,1,7498942093324.559,"[1000, 784, 784, 1000, 500, 10]",0.00011709598784493738
NN3,1,T,1,10000000000000.0,"[1000, 784, 784, 1000, 500, 10]",0.00011707555818972308
NN3,1,T,1,1e+18,"[1000, 784, 784, 1000, 500, 10]",0.00011701430440226708
NN3,1,T,1,435200000000.0,"[1000, 784, 784, 1000, 500, 10]",0.00011842180378972308
NN3,1,T,0,1000000000.0,"[125, 125, 131, 125, 125, 10]",0.0008834028100986036
NN3,1,T,0,1333521432.163324,"[125, 125, 131, 125, 125, 10]",0.0007275608915104942
NN3,1,T,0,1778279410.0389228,"[154, 150, 131, 125, 125, 10]",0.000593878633356876
NN3,1,T,0,2371373705.6616554,"[182, 168, 157, 167, 167, 10]",0.000489251225107762
NN3,1,T,0,3162277660.1683793,"[182, 168, 157, 167, 167, 10]",0.0004204616458181648
NN3,1,T,0,4216965034.2858224,"[337, 168, 157, 167, 167, 10]",0.0003619366350432749
NN3,1,T,0,5623413251.903491,"[334, 256, 157, 167, 167, 10]",0.0003114062231476984
NN3,1,T,0,7498942093.324558,"[334, 256, 157, 167, 167, 10]",0.0002738646647835161
NN3,1,T,0,10000000000.0,"[334, 256, 196, 167, 167, 10]",0.0002455037265760502
NN3,1,T,0,13335214321.63324,"[334, 256, 196, 167, 167, 10]",0.00022343927367257996
NN3,1,T,0,17782794100.38923,"[334, 256, 196, 253, 172, 10]",0.00020631315599502873
NN3,1,T,0,23713737056.61655,"[501, 376, 196, 334, 170, 10]",0.0001920405735597054
NN3,1,T,0,31622776601.683792,"[501, 376, 267, 334, 256, 10]",0.0001786648282993564
NN3,1,T,0,42169650342.85822,"[501, 501, 267, 334, 256, 10]",0.00016804661368685544
NN3,1,T,0,56234132519.034904,"[501, 501, 392, 334, 256, 10]",0.00015915428634319235
NN3,1,T,0,74989420933.24557,"[501, 501, 392, 510, 255, 10]",0.00015204464751834571
NN3,1,T,0,100000000000.0,"[501, 501, 399, 500, 500, 10]",0.0001462191438027732
NN3,1,T,0,133352143216.3324,"[501, 501, 399, 500, 500, 10]",0.00014176464362189735
NN3,1,T,0,177827941003.89227,"[501, 501, 399, 500, 500, 10]",0.00013842423973078817
NN3,1,T,0,237137370566.16553,"[501, 501, 399, 500, 500, 10]",0.0001359192901960138
NN3,1,T,0,316227766016.83795,"[667, 750, 392, 500, 500, 10]",0.0001331596388020601
NN3,1,T,0,421696503428.5823,"[1000, 750, 392, 500, 500, 10]",0.00012992552856683407
NN3,1,T,0,562341325190.3491,"[1000, 750, 392, 500, 500, 10]",0.0001274070129499017
NN3,1,T,0,749894209332.4558,"[1000, 750, 784, 594, 500, 10]",0.00012517799251672657
NN3,1,T,0,1000000000000.0,"[1000, 750, 784, 1000, 500, 10]",0.00012328873578972308
NN3,1,T,0,1333521432163.324,"[1000, 750, 784, 1000, 500, 10]",0.00012171946401337333
NN3,1,T,0,1778279410038.9229,"[1000, 750, 784, 1000, 500, 10]",0.0001205426761954198
NN3,1,T,0,2371373705661.6553,"[1000, 750, 784, 1000, 500, 10]",0.00011966020982512348
NN3,1,T,0,3162277660168.3794,"[1000, 750, 784, 1000, 500, 10]",0.00011899845340410764
NN3,1,T,0,4216965034285.8223,"[1000, 750, 784, 1000, 500, 10]",0.00011850220609599929
NN3,1,T,0,5623413251903.491,"[1000, 750, 784, 1000, 500, 10]",0.00011813007311325201
NN3,1,T,0,7498942093324.559,"[1000, 750, 784, 1000, 500, 10]",0.00011785101274438821
NN3,1,T,0,10000000000000.0,"[1000, 750, 784, 1000, 500, 10]",0.00011764174698972307
NN3,1,T,0,1e+18,"[1000, 750, 784, 1000, 500, 10]",0.00011701431006415507
NN3,1,T,0,435200000000.0,"[1000, 750, 392, 500, 500, 10]",0.0001296130802042889
NN3,8,R,1,1000000000.0,"[667, 100, 98, 125, 125, 10]",0.006731098513688718
NN3,8,R,1,1333521432.163324,"[667, 100, 98, 125, 125, 10]",0.005230431756142247
NN3,8,R,1,1778279410.0389228,"[667, 100, 98, 125, 125, 10]",0.0041050904445204366
NN3,8,R,1,2371373705.6616554,"[667, 100, 98, 125, 125, 10]",0.003261203511412649
NN3,8,R,1,3162277660.1683793,"[667, 100, 98, 125, 125, 10]",0.002628377586943795
NN3,8,R,1,4216965034.2858224,"[500, 150, 131, 125, 125, 10]",0.001991182329726198
NN3,8,R,1,5623413251.903491,"[512, 167, 157, 167, 167, 10]",0.001618257091772427
NN3,8,R,1,7498942093.324558,"[512, 167, 157, 167, 167, 10]",0.0013504538675544074
NN3,8,R,1,10000000000.0,"[512, 256, 157, 167, 167, 10]",0.0011432336467662055
NN3,8,R,1,13335214321.63324,"[504, 253, 196, 167, 167, 10]",0.0009740002441924015
NN3,8,R,1,17782794100.38923,"[504, 253, 196, 254, 167, 10]",0.0008477024513564449
NN3,8,R,1,23713737056.61655,"[504, 253, 196, 254, 167, 10]",0.0007499076286543637
NN3,8,R,1,31622776601.683792,"[504, 379, 267, 254, 167, 10]",0.0006687695375925339
NN3,8,R,1,42169650342.85822,"[504, 379, 265, 334, 167, 10]",0.0006033666661402602
NN3,8,R,1,56234132519.034904,"[504, 379, 265, 334, 250, 10]",0.0005533359535678615
NN3,8,R,1,74989420933.24557,"[517, 506, 392, 334, 250, 10]",0.0005108458544300831
NN3,8,R,1,100000000000.0,"[517, 506, 392, 334, 250, 10]",0.0004774961018953764
NN3,8,R,1,133352143216.3324,"[517, 506, 392, 500, 250, 10]",0.00045165432965135326
NN3,8,R,1,177827941003.89227,"[517, 506, 392, 500, 500, 10]",0.0004315456778089108
NN3,8,R,1,237137370566.16553,"[517, 506, 392, 500, 500, 10]",0.00041577646337648976
NN3,8,R,1,316227766016.83795,"[517, 506, 392, 500, 500, 10]",0.0004039512207878955
NN3,8,R,1,421696503428.5823,"[833, 750, 784, 500, 500, 10]",0.00039176237195284546
NN3,8,R,1,562341325190.3491,"[833, 750, 784, 500, 500, 10]",0.00037968351791278895
NN3,8,R,1,749894209332.4558,"[1000, 750, 784, 500, 500, 10]",0.0003698021388670563
NN3,8,R,1,1000000000000.0,"[1000, 750, 784, 500, 500, 10]",0.0003618724186774277
NN3,8,R,1,1333521432163.324,"[1000, 750, 784, 500, 500, 10]",0.0003559259674255986
NN3,8,R,1,1778279410038.9229,"[1000, 750, 784, 500, 500, 10]",0.0003514667580657742
NN3,8,R,1,2371373705661.6553,"[1000, 750, 784, 1000, 500, 10]",0.0003476172518161836
NN3,8,R,1,3162277660168.3794,"[1000, 750, 784, 1000, 500, 10]",0.00034450474618767776
NN3,8,R,1,4216965034285.8223,"[1000, 750, 784, 1000, 500, 10]",0.0003421706962403465
NN3,8,R,1,5623413251903.491,"[1000, 750, 784, 1000, 500, 10]",0.0003404204057005501
NN3,8,R,1,7498942093324.559,"[1000, 750, 784, 1000, 500, 10]",0.0003391078729601074
NN3,8,R,1,10000000000000.0,"[1000, 750, 784, 1000, 500, 10]",0.0003381236122584902
NN3,8,R,1,1e+18,"[1000, 750, 784, 1000, 500, 10]",0.00033517252496965814
NN3,8,R,1,435200000000.0,"[833, 750, 784, 500, 500, 10]",0.0003902638630133477
NN3,8,R,0,1000000000.0,"[667, 100, 98, 125, 125, 10]",0.006839130513688717
NN3,8,R,0,1333521432.163324,"[667, 100, 98, 125, 125, 10]",0.005311444327364851
NN3,8,R,0,1778279410.0389228,"[667, 100, 98, 125, 125, 10]",0.0041658413025634
NN3,8,R,0,2371373705.6616554,"[667, 100, 98, 125, 125, 10]",0.0033067602280710457
NN3,8,R,0,3162277660.1683793,"[667, 100, 98, 125, 125, 10]",0.002662540304962126
NN3,8,R,0,4216965034.2858224,"[667, 100, 98, 125, 125, 10]",0.002179443515086147
NN3,8,R,0,5623413251.903491,"[667, 100, 98, 125, 125, 10]",0.0018171720298110518
NN3,8,R,0,7498942093.324558,"[500, 150, 131, 125, 125, 10]",0.0013798823589447682
NN3,8,R,0,10000000000.0,"[500, 150, 131, 125, 125, 10]",0.001183436634497696
NN3,8,R,0,13335214321.63324,"[512, 167, 157, 167, 167, 10]",0.0010080326508523215
NN3,8,R,0,17782794100.38923,"[512, 167, 157, 167, 167, 10]",0.0008928500929152852
NN3,8,R,0,23713737056.61655,"[504, 253, 196, 167, 167, 10]",0.0007881222351508452
NN3,8,R,0,31622776601.683792,"[504, 253, 196, 167, 167, 10]",0.0007083674846699996
NN3,8,R,0,42169650342.85822,"[504, 253, 196, 254, 167, 10]",0.0006464276588968288
NN3,8,R,0,56234132519.034904,"[504, 379, 267, 254, 167, 10]",0.0005957550195619314
NN3,8,R,0,74989420933.24557,"[504, 379, 265, 334, 167, 10]",0.0005491662586869406
NN3,8,R,0,100000000000.0,"[504, 379, 265, 334, 250, 10]",0.0005132936441180425
NN3,8,R,0,133352143216.3324,"[504, 506, 392, 334, 250, 10]",0.00048315633298221276
NN3,8,R,0,177827941003.89227,"[504, 506, 392, 334, 250, 10]",0.0004567318901024316
NN3,8,R,0,237137370566.16553,"[504, 506, 392, 500, 250, 10]",0.0004364566153429896
NN3,8,R,0,316227766016.83795,"[504, 506, 392, 500, 500, 10]",0.00042070649584403295
NN3,8,R,0,421696503428.5823,"[504, 506, 392, 500, 500, 10]",0.0004076482235871271
NN3,8,R,0,562341325190.3491,"[504, 506, 392, 500, 500, 10]",0.00039785590083778676
NN3,8,R,0,749894209332.4558,"[667, 507, 392, 500, 500, 10]",0.00039000956506087534
NN3,8,R,0,1000000000000.0,"[833, 750, 784, 500, 500, 10]",0.0003782823684251124
NN3,8,R,0,1333521432163.324,"[1000, 750, 784, 500, 500, 10]",0.00036931838210245
NN3,8,R,0,1778279410038.9229,"[1000, 750, 784, 500, 500, 10]",0.0003615096522809241
NN3,8,R,0,2371373705661.6553,"[1000, 750, 784, 500, 500, 10]",0.0003556539310055201
NN3,8,R,0,3162277660168.3794,"[1000, 750, 784, 500, 500, 10]",0.0003512627595296298
NN3,8,R,0,4216965034285.8223,"[1000, 750, 784, 1000, 500, 10]",0.00034776534732428553
NN3,8,R,0,5623413251903.491,"[1000, 750, 784, 1000, 500, 10]",0.0003446158021516315
NN3,8,R,0,7498942093324.559,"[1000, 750, 784, 1000, 500, 10]",0.0003422539764646273
NN3,8,R,0,10000000000000.0,"[1000, 750, 784, 1000, 500, 10]",0.0003404828570584902
NN3,8,R,0,1e+18,"[1000, 750, 784, 1000, 500, 10]",0.0003351725485621062
NN3,8,R,0,435200000000.0,"[833, 750, 392, 500, 500, 10]",0.0004160201832390814
NN3,8,T,1,1000000000.0,"[1000, 784, 784, 1000, 500, 10]",0.005239995640365596
NN3,8,T,1,1333521432.163324,"[1000, 784, 784, 1000, 500, 10]",0.004014389228856315
NN3,8,T,1,1778279410.0389228,"[1000, 784, 784, 1000, 500, 10]",0.003095314077944774
NN3,8,T,1,2371373705.6616554,"[1000, 784, 784, 1000, 500, 10]",0.002406104944334856
NN3,8,T,1,3162277660.1683793,"[1000, 784, 784, 1000, 500, 10]",0.0018892710060217403
NN3,8,T,1,4216965034.2858224,"[1000, 784, 784, 1000, 500, 10]",0.0015017002284942469
NN3,8,T,1,5623413251.903491,"[1000, 784, 784, 1000, 500, 10]",0.001211063146719902
NN3,8,T,1,7498942093.324558,"[1000, 784, 784, 1000, 500, 10]",0.0009931160820800373
NN3,8,T,1,10000000000.0,"[1000, 784, 784, 1000, 500, 10]",0.0008296788403655964
NN3,8,T,1,13335214321.63324,"[1000, 784, 784, 1000, 500, 10]",0.0007071181992146683
NN3,8,T,1,17782794100.38923,"[1000, 784, 784, 1000, 500, 10]",0.0006152106841235142
NN3,8,T,1,23713737056.61655,"[1000, 784, 784, 1000, 500, 10]",0.0005462897707625224
NN3,8,T,1,31622776601.683792,"[1000, 784, 784, 1000, 500, 10]",0.0004946063769312108
NN3,8,T,1,42169650342.85822,"[1000, 784, 784, 1000, 500, 10]",0.00045584929917846144
NN3,8,T,1,56234132519.034904,"[1000, 784, 784, 1000, 500, 10]",0.000426785591001027
NN3,8,T,1,74989420933.24557,"[1000, 784, 784, 1000, 500, 10]",0.00040499088453704055
NN3,8,T,1,100000000000.0,"[1000, 784, 784, 1000, 500, 10]",0.00038864716036559645
NN3,8,T,1,133352143216.3324,"[1000, 784, 784, 1000, 500, 10]",0.0003763910962505036
NN3,8,T,1,177827941003.89227,"[1000, 784, 784, 1000, 500, 10]",0.0003672003447413882
NN3,8,T,1,237137370566.16553,"[1000, 784, 784, 1000, 500, 10]",0.00036030825340528904
NN3,8,T,1,316227766016.83795,"[1000, 784, 784, 1000, 500, 10]",0.00035513991402215785
NN3,8,T,1,421696503428.5823,"[1000, 784, 784, 1000, 500, 10]",0.0003512642062468829
NN3,8,T,1,562341325190.3491,"[1000, 784, 784, 1000, 500, 10]",0.0003483578354291395
NN3,8,T,1,749894209332.4558,"[1000, 784, 784, 1000, 500, 10]",0.00034617836478274084
NN3,8,T,1,1000000000000.0,"[1000, 784, 784, 1000, 500, 10]",0.00034454399236559643
NN3,8,T,1,1333521432163.324,"[1000, 784, 784, 1000, 500, 10]",0.0003433183859540871
NN3,8,T,1,1778279410038.9229,"[1000, 784, 784, 1000, 500, 10]",0.0003423993108031756
NN3,8,T,1,2371373705661.6553,"[1000, 784, 784, 1000, 500, 10]",0.0003417101016695657
NN3,8,T,1,3162277660168.3794,"[1000, 784, 784, 1000, 500, 10]",0.0003411932677312526
NN3,8,T,1,4216965034285.8223,"[1000, 784, 784, 1000, 500, 10]",0.00034080569695372505
NN3,8,T,1,5623413251903.491,"[1000, 784, 784, 1000, 500, 10]",0.0003405150598719507
NN3,8,T,1,7498942093324.559,"[1000, 784, 784, 1000, 500, 10]",0.00034029711280731084
NN3,8,T,1,10000000000000.0,"[1000, 784, 784, 1000, 500, 10]",0.0003401336755655964
NN3,8,T,1,1e+18,"[1000, 784, 784, 1000, 500, 10]",0.0003396436452659484
NN3,8,T,1,435200000000.0,"[1000, 784, 784, 1000, 500, 10]",0.00035090364036559644
NN3,8,T,0,1000000000.0,"[80, 79, 79, 125, 125, 10]",0.00622872168396605
NN3,8,T,0,1333521432.163324,"[80, 79, 79, 125, 125, 10]",0.004938191810892124
NN3,8,T,0,1778279410.0389228,"[80, 79, 79, 125, 125, 10]",0.003970430932103438
NN3,8,T,0,2371373705.6616554,"[100, 100, 98, 125, 125, 10]",0.0030491280190497417
NN3,8,T,0,3162277660.1683793,"[100, 100, 98, 125, 125, 10]",0.00251809208243171
NN3,8,T,0,4216965034.2858224,"[125, 125, 131, 125, 125, 10]",0.0019648561654869697
NN3,8,T,0,5623413251.903491,"[154, 150, 131, 125, 125, 10]",0.0016082033477153252
NN3,8,T,0,7498942093.324558,"[167, 167, 157, 167, 167, 10]",0.0013454843656008843
NN3,8,T,0,10000000000.0,"[262, 167, 157, 167, 167, 10]",0.0011738381979967396
NN3,8,T,0,13335214321.63324,"[337, 168, 157, 167, 167, 10]",0.0010309421838466527
NN3,8,T,0,17782794100.38923,"[334, 256, 157, 167, 167, 10]",0.000903264764836293
NN3,8,T,0,23713737056.61655,"[334, 256, 196, 167, 167, 10]",0.000804438180774761
NN3,8,T,0,31622776601.683792,"[334, 256, 196, 253, 172, 10]",0.0007277772374566821
NN3,8,T,0,42169650342.85822,"[334, 380, 267, 254, 171, 10]",0.0006645126425604533
NN3,8,T,0,56234132519.034904,"[501, 376, 267, 334, 170, 10]",0.0006052267885520175
NN3,8,T,0,74989420933.24557,"[501, 376, 267, 334, 256, 10]",0.0005585452943150417
NN3,8,T,0,100000000000.0,"[501, 501, 392, 334, 256, 10]",0.0005200754431819559
NN3,8,T,0,133352143216.3324,"[501, 501, 392, 334, 256, 10]",0.0004884449119834923
NN3,8,T,0,177827941003.89227,"[501, 501, 399, 500, 500, 10]",0.0004632434640063335
NN3,8,T,0,237137370566.16553,"[501, 501, 399, 500, 500, 10]",0.00044320386772813856
NN3,8,T,0,316227766016.83795,"[501, 501, 399, 500, 500, 10]",0.00042817629052175997
NN3,8,T,0,421696503428.5823,"[501, 501, 399, 500, 500, 10]",0.00041690719739440025
NN3,8,T,0,562341325190.3491,"[501, 501, 399, 500, 500, 10]",0.000408456569713765
NN3,8,T,0,749894209332.4558,"[667, 750, 784, 594, 500, 10]",0.00039655549289908633
NN3,8,T,0,1000000000000.0,"[1000, 750, 784, 594, 500, 10]",0.0003854023139710706
NN3,8,T,0,1333521432163.324,"[1000, 750, 784, 594, 500, 10]",0.00037527973980740713
NN3,8,T,0,1778279410038.9229,"[1000, 750, 784, 594, 500, 10]",0.00036768888005853757
NN3,8,T,0,2371373705661.6553,"[1000, 750, 784, 1000, 500, 10]",0.00036081088864879966
NN3,8,T,0,3162277660168.3794,"[1000, 750, 784, 1000, 500, 10]",0.0003555168372806729
NN3,8,T,0,4216965034285.8223,"[1000, 750, 784, 1000, 500, 10]",0.00035154685881580607
NN3,8,T,0,5623413251903.491,"[1000, 750, 784, 1000, 500, 10]",0.0003485697949538279
NN3,8,T,0,7498942093324.559,"[1000, 750, 784, 1000, 500, 10]",0.00034633731200291754
NN3,8,T,0,10000000000000.0,"[1000, 750, 784, 1000, 500, 10]",0.00034466318596559643
NN3,8,T,0,1e+18,"[1000, 750, 784, 1000, 500, 10]",0.0003396436905610524
NN3,8,T,0,435200000000.0,"[501, 501, 399, 500, 500, 10]",0.0004158588081116252
NN3,16,R,1,1000000000.0,"[667, 100, 98, 125, 125, 10]",0.013310227952645054
NN3,16,R,1,1333521432.163324,"[667, 100, 98, 125, 125, 10]",0.010308894437552112
NN3,16,R,1,1778279410.0389228,"[667, 100, 98, 125, 125, 10]",0.008058211814308491
NN3,16,R,1,2371373705.6616554,"[667, 100, 98, 125, 125, 10]",0.006370437948092916
NN3,16,R,1,3162277660.1683793,"[500, 150, 131, 125, 125, 10]",0.004813910257988078
NN3,16,R,1,4216965034.2858224,"[500, 150, 131, 125, 125, 10]",0.003882217806901194
NN3,16,R,1,5623413251.903491,"[500, 150, 131, 125, 125, 10]",0.0031835470329523775
NN3,16,R,1,7498942093.324558,"[512, 167, 157, 167, 167, 10]",0.002599237760311416
NN3,16,R,1,10000000000.0,"[512, 215, 157, 167, 167, 10]",0.0021948927648372
NN3,16,R,1,13335214321.63324,"[504, 253, 196, 167, 167, 10]",0.0018671033230112108
NN3,16,R,1,17782794100.38923,"[504, 253, 196, 254, 167, 10]",0.0016144393614348476
NN3,16,R,1,23713737056.61655,"[504, 253, 196, 254, 167, 10]",0.001418849716030685
NN3,16,R,1,31622776601.683792,"[504, 379, 196, 254, 167, 10]",0.0012709484282492278
NN3,16,R,1,42169650342.85822,"[504, 379, 267, 250, 250, 10]",0.0011394262632236634
NN3,16,R,1,56234132519.034904,"[504, 379, 392, 334, 250, 10]",0.0010342833910036823
NN3,16,R,1,74989420933.24557,"[517, 506, 392, 500, 250, 10]",0.00094468984584294
NN3,16,R,1,100000000000.0,"[517, 506, 392, 500, 250, 10]",0.0008752350801998537
NN3,16,R,1,133352143216.3324,"[517, 506, 392, 500, 250, 10]",0.0008231513536335604
NN3,16,R,1,177827941003.89227,"[517, 506, 392, 500, 250, 10]",0.000784094068681042
NN3,16,R,1,237137370566.16553,"[517, 506, 392, 500, 250, 10]",0.0007548052368629009
NN3,16,R,1,316227766016.83795,"[517, 506, 392, 500, 500, 10]",0.0007324009453654565
NN3,16,R,1,421696503428.5823,"[833, 750, 392, 500, 500, 10]",0.0007011106830790116
NN3,16,R,1,562341325190.3491,"[1000, 750, 784, 500, 500, 10]",0.0006764070491759982
NN3,16,R,1,749894209332.4558,"[1000, 750, 784, 500, 500, 10]",0.0006552581455281424
NN3,16,R,1,1000000000000.0,"[1000, 750, 784, 500, 500, 10]",0.0006393987051488853
NN3,16,R,1,1333521432163.324,"[1000, 750, 784, 500, 500, 10]",0.0006275058026452271
NN3,16,R,1,1778279410038.9229,"[1000, 750, 784, 500, 500, 10]",0.0006185873839255783
NN3,16,R,1,2371373705661.6553,"[1000, 750, 784, 1000, 500, 10]",0.000610726189403838
NN3,16,R,1,3162277660168.3794,"[1000, 750, 784, 1000, 500, 10]",0.0006045011781468263
NN3,16,R,1,4216965034285.8223,"[1000, 750, 784, 1000, 500, 10]",0.0005998330782521638
NN3,16,R,1,5623413251903.491,"[1000, 750, 784, 1000, 500, 10]",0.000596332497172571
NN3,16,R,1,7498942093324.559,"[1000, 750, 784, 1000, 500, 10]",0.0005937074316916856
NN3,16,R,1,10000000000000.0,"[1000, 750, 784, 1000, 500, 10]",0.0005917389102884511
NN3,16,R,1,1e+18,"[1000, 750, 784, 1000, 500, 10]",0.0005858367357107871
NN3,16,R,1,435200000000.0,"[1000, 750, 392, 500, 500, 10]",0.00069815244534566
NN3,16,R,0,1000000000.0,"[667, 100, 98, 125, 125, 10]",0.013526291952645052
NN3,16,R,0,1333521432.163324,"[667, 100, 98, 125, 125, 10]",0.01047091957999732
NN3,16,R,0,1778279410.0389228,"[667, 100, 98, 125, 125, 10]",0.008179713530394418
NN3,16,R,0,2371373705.6616554,"[667, 100, 98, 125, 125, 10]",0.00646155138140971
NN3,16,R,0,3162277660.1683793,"[667, 100, 98, 125, 125, 10]",0.005173111535191869
NN3,16,R,0,4216965034.2858224,"[667, 100, 98, 125, 125, 10]",0.004206917955439912
NN3,16,R,0,5623413251.903491,"[500, 150, 131, 125, 125, 10]",0.0031835470329523775
NN3,16,R,0,7498942093.324558,"[500, 150, 131, 125, 125, 10]",0.0026596178653383344
NN3,16,R,0,10000000000.0,"[500, 150, 131, 125, 125, 10]",0.00226672641644419
NN3,16,R,0,13335214321.63324,"[512, 167, 157, 167, 167, 10]",0.0019143953269072445
NN3,16,R,0,17782794100.38923,"[512, 167, 157, 167, 167, 10]",0.0016840302110331716
NN3,16,R,0,23713737056.61655,"[512, 215, 157, 167, 167, 10]",0.0014985711655866659
NN3,16,R,0,31622776601.683792,"[504, 253, 196, 167, 167, 10]",0.001335837803966407
NN3,16,R,0,42169650342.85822,"[504, 253, 196, 254, 167, 10]",0.0012118897765156153
NN3,16,R,0,56234132519.034904,"[504, 253, 196, 254, 167, 10]",0.001116980113330569
NN3,16,R,0,74989420933.24557,"[504, 379, 267, 250, 250, 10]",0.0010314162003966587
NN3,16,R,0,100000000000.0,"[504, 379, 392, 334, 250, 10]",0.0009568021689283918
NN3,16,R,0,133352143216.3324,"[504, 506, 392, 500, 250, 10]",0.000890638280974506
NN3,16,R,0,177827941003.89227,"[504, 506, 392, 500, 250, 10]",0.0008347021246996574
NN3,16,R,0,237137370566.16553,"[504, 506, 392, 500, 250, 10]",0.0007927559250168331
NN3,16,R,0,316227766016.83795,"[504, 506, 392, 500, 250, 10]",0.0007613007127711802
NN3,16,R,0,421696503428.5823,"[504, 506, 392, 500, 250, 10]",0.0007377126312548418
NN3,16,R,0,562341325190.3491,"[504, 506, 392, 500, 250, 10]",0.0007200240655164776
NN3,16,R,0,749894209332.4558,"[833, 750, 392, 500, 500, 10]",0.0006953464475980808
NN3,16,R,0,1000000000000.0,"[1000, 750, 392, 500, 500, 10]",0.0006742052265221306
NN3,16,R,0,1333521432163.324,"[1000, 750, 784, 500, 500, 10]",0.0006542906319989298
NN3,16,R,0,1778279410038.9229,"[1000, 750, 784, 500, 500, 10]",0.000638673172355878
NN3,16,R,0,2371373705661.6553,"[1000, 750, 784, 500, 500, 10]",0.0006269617298050701
NN3,16,R,0,3162277660168.3794,"[1000, 750, 784, 500, 500, 10]",0.0006181793868532895
NN3,16,R,0,4216965034285.8223,"[1000, 750, 784, 1000, 500, 10]",0.0006110223804200418
NN3,16,R,0,5623413251903.491,"[1000, 750, 784, 1000, 500, 10]",0.0006047232900747338
NN3,16,R,0,7498942093324.559,"[1000, 750, 784, 1000, 500, 10]",0.0005999996387007254
NN3,16,R,0,10000000000000.0,"[1000, 750, 784, 1000, 500, 10]",0.0005964573998884511
NN3,16,R,0,1e+18,"[1000, 750, 784, 1000, 500, 10]",0.0005858367828956831
NN3,16,R,0,435200000000.0,"[833, 750, 392, 500, 250, 10]",0.0007474023539363257
NN3,16,T,1,1000000000.0,"[1000, 784, 784, 1000, 500, 10]",0.010392456399662
NN3,16,T,1,1333521432.163324,"[1000, 784, 784, 1000, 500, 10]",0.007941243576643437
NN3,16,T,1,1778279410.0389228,"[1000, 784, 784, 1000, 500, 10]",0.0061030932748203535
NN3,16,T,1,2371373705.6616554,"[1000, 784, 784, 1000, 500, 10]",0.0047246750076005185
NN3,16,T,1,3162277660.1683793,"[1000, 784, 784, 1000, 500, 10]",0.0036910071309742866
NN3,16,T,1,4216965034.2858224,"[1000, 784, 784, 1000, 500, 10]",0.0029158655759193002
NN3,16,T,1,5623413251.903491,"[1000, 784, 784, 1000, 500, 10]",0.0023345914123706103
NN3,16,T,1,7498942093.324558,"[1000, 784, 784, 1000, 500, 10]",0.001898697283090881
NN3,16,T,1,10000000000.0,"[1000, 784, 784, 1000, 500, 10]",0.001571822799661999
NN3,16,T,1,13335214321.63324,"[1000, 784, 784, 1000, 500, 10]",0.0013267015173601428
NN3,16,T,1,17782794100.38923,"[1000, 784, 784, 1000, 500, 10]",0.0011428864871778346
NN3,16,T,1,23713737056.61655,"[1000, 784, 784, 1000, 500, 10]",0.0010050446604558511
NN3,16,T,1,31622776601.683792,"[1000, 784, 784, 1000, 500, 10]",0.0009016778727932279
NN3,16,T,1,42169650342.85822,"[1000, 784, 784, 1000, 500, 10]",0.0008241637172877291
NN3,16,T,1,56234132519.034904,"[1000, 784, 784, 1000, 500, 10]",0.0007660363009328602
NN3,16,T,1,74989420933.24557,"[1000, 784, 784, 1000, 500, 10]",0.0007224468880048874
NN3,16,T,1,100000000000.0,"[1000, 784, 784, 1000, 500, 10]",0.0006897594396619992
NN3,16,T,1,133352143216.3324,"[1000, 784, 784, 1000, 500, 10]",0.0006652473114318135
NN3,16,T,1,177827941003.89227,"[1000, 784, 784, 1000, 500, 10]",0.0006468658084135827
NN3,16,T,1,237137370566.16553,"[1000, 784, 784, 1000, 500, 10]",0.0006330816257413843
NN3,16,T,1,316227766016.83795,"[1000, 784, 784, 1000, 500, 10]",0.000622744946975122
NN3,16,T,1,421696503428.5823,"[1000, 784, 784, 1000, 500, 10]",0.0006149935314245721
NN3,16,T,1,562341325190.3491,"[1000, 784, 784, 1000, 500, 10]",0.0006091807897890852
NN3,16,T,1,749894209332.4558,"[1000, 784, 784, 1000, 500, 10]",0.000604821848496288
NN3,16,T,1,1000000000000.0,"[1000, 784, 784, 1000, 500, 10]",0.0006015531036619991
NN3,16,T,1,1333521432163.324,"[1000, 784, 784, 1000, 500, 10]",0.0005991018908389805
NN3,16,T,1,1778279410038.9229,"[1000, 784, 784, 1000, 500, 10]",0.0005972637405371574
NN3,16,T,1,2371373705661.6553,"[1000, 784, 784, 1000, 500, 10]",0.0005958853222699376
NN3,16,T,1,3162277660168.3794,"[1000, 784, 784, 1000, 500, 10]",0.0005948516543933114
NN3,16,T,1,4216965034285.8223,"[1000, 784, 784, 1000, 500, 10]",0.0005940765128382564
NN3,16,T,1,5623413251903.491,"[1000, 784, 784, 1000, 500, 10]",0.0005934952386747077
NN3,16,T,1,7498942093324.559,"[1000, 784, 784, 1000, 500, 10]",0.0005930593445454279
NN3,16,T,1,10000000000000.0,"[1000, 784, 784, 1000, 500, 10]",0.0005927324700619991
NN3,16,T,1,1e+18,"[1000, 784, 784, 1000, 500, 10]",0.0005917524094627031
NN3,16,T,1,435200000000.0,"[1000, 784, 784, 1000, 500, 10]",0.0006142723996619992
NN3,16,T,0,1000000000.0,"[80, 79, 79, 125, 125, 10]",0.012180381277772536
NN3,16,T,0,1333521432.163324,"[80, 79, 79, 125, 125, 10]",0.009599321531624684
NN3,16,T,0,1778279410.0389228,"[80, 79, 79, 125, 125, 10]",0.007663799774047314
NN3,16,T,0,2371373705.6616554,"[118, 116, 112, 125, 125, 10]",0.005696605423355006
NN3,16,T,0,3162277660.1683793,"[118, 116, 112, 125, 125, 10]",0.004641877549242396
NN3,16,T,0,4216965034.2858224,"[125, 125, 131, 125, 125, 10]",0.003763800349572289
NN3,16,T,0,5623413251.903491,"[154, 150, 131, 125, 125, 10]",0.0030637036321601377
NN3,16,T,0,7498942093.324558,"[167, 167, 157, 167, 167, 10]",0.0025384828806707333
NN3,16,T,0,10000000000.0,"[183, 167, 157, 167, 167, 10]",0.002192456476123146
NN3,16,T,0,13335214321.63324,"[235, 215, 157, 167, 167, 10]",0.0019306832691131663
NN3,16,T,0,17782794100.38923,"[286, 216, 157, 167, 167, 10]",0.0017078245782147076
NN3,16,T,0,23713737056.61655,"[295, 253, 196, 167, 167, 10]",0.00152121983184372
NN3,16,T,0,31622776601.683792,"[334, 256, 196, 253, 172, 10]",0.0013707059599664716
NN3,16,T,0,42169650342.85822,"[334, 256, 196, 252, 252, 10]",0.0012513152108738642
NN3,16,T,0,56234132519.034904,"[501, 376, 267, 252, 252, 10]",0.0011338738215231352
NN3,16,T,0,74989420933.24557,"[501, 376, 392, 334, 256, 10]",0.0010419136453925857
NN3,16,T,0,100000000000.0,"[501, 501, 392, 510, 255, 10]",0.0009586372828306008
NN3,16,T,0,133352143216.3324,"[501, 501, 392, 510, 255, 10]",0.0008918636946926118
NN3,16,T,0,177827941003.89227,"[501, 501, 392, 510, 255, 10]",0.0008417905676115836
NN3,16,T,0,237137370566.16553,"[501, 501, 392, 510, 255, 10]",0.0008042410195703523
NN3,16,T,0,316227766016.83795,"[501, 501, 399, 500, 500, 10]",0.0007739273304743997
NN3,16,T,0,421696503428.5823,"[501, 501, 399, 500, 500, 10]",0.0007513891442196802
NN3,16,T,0,562341325190.3491,"[501, 501, 399, 500, 500, 10]",0.0007344878888584098
NN3,16,T,0,749894209332.4558,"[667, 750, 392, 500, 500, 10]",0.0007081082400060677
NN3,16,T,0,1000000000000.0,"[1000, 750, 784, 594, 500, 10]",0.00068298876277931
NN3,16,T,0,1333521432163.324,"[1000, 750, 784, 594, 500, 10]",0.000662743614451983
NN3,16,T,0,1778279410038.9229,"[1000, 750, 784, 594, 500, 10]",0.0006475618949542439
NN3,16,T,0,2371373705661.6553,"[1000, 750, 784, 1000, 500, 10]",0.0006340868962284056
NN3,16,T,0,3162277660168.3794,"[1000, 750, 784, 1000, 500, 10]",0.0006234987934921521
NN3,16,T,0,4216965034285.8223,"[1000, 750, 784, 1000, 500, 10]",0.0006155588365624184
NN3,16,T,0,5623413251903.491,"[1000, 750, 784, 1000, 500, 10]",0.000609604708838462
NN3,16,T,0,7498942093324.559,"[1000, 750, 784, 1000, 500, 10]",0.0006051397429366413
NN3,16,T,0,10000000000000.0,"[1000, 750, 784, 1000, 500, 10]",0.0006017914908619991
NN3,16,T,0,1e+18,"[1000, 750, 784, 1000, 500, 10]",0.000591752500052911
NN3,16,T,0,435200000000.0,"[501, 501, 399, 500, 500, 10]",0.0007492923656541302
NN3,32,R,1,1000000000.0,"[500, 150, 131, 125, 125, 10]",0.025712871429863376
NN3,32,R,1,1333521432.163324,"[500, 150, 131, 125, 125, 10]",0.019820330981424224
NN3,32,R,1,1778279410.0389228,"[500, 150, 131, 125, 125, 10]",0.015401549020882437
NN3,32,R,1,2371373705.6616554,"[500, 150, 131, 125, 125, 10]",0.01208793001636943
NN3,32,R,1,3162277660.1683793,"[500, 150, 131, 125, 125, 10]",0.009603066312951151
NN3,32,R,1,4216965034.2858224,"[512, 167, 157, 167, 167, 10]",0.007653328658292583
NN3,32,R,1,5623413251.903491,"[512, 167, 157, 167, 167, 10]",0.006224843301903905
NN3,32,R,1,7498942093.324558,"[512, 167, 157, 167, 167, 10]",0.005153630405031829
NN3,32,R,1,10000000000.0,"[512, 215, 157, 167, 167, 10]",0.004336543862857856
NN3,32,R,1,13335214321.63324,"[512, 215, 157, 167, 167, 10]",0.003702726968655961
NN3,32,R,1,17782794100.38923,"[512, 215, 157, 208, 167, 10]",0.003227239177477183
NN3,32,R,1,23713737056.61655,"[512, 307, 196, 204, 167, 10]",0.002841245024778406
NN3,32,R,1,31622776601.683792,"[516, 380, 196, 250, 250, 10]",0.002508844908284201
NN3,32,R,1,42169650342.85822,"[516, 380, 196, 250, 250, 10]",0.002255106924436868
NN3,32,R,1,56234132519.034904,"[516, 380, 267, 250, 250, 10]",0.0020623422081965425
NN3,32,R,1,74989420933.24557,"[516, 380, 392, 500, 250, 10]",0.0018997929444280553
NN3,32,R,1,100000000000.0,"[517, 506, 392, 500, 250, 10]",0.0017626195680864598
NN3,32,R,1,133352143216.3324,"[517, 506, 392, 500, 500, 10]",0.0016573030752829359
NN3,32,R,1,177827941003.89227,"[517, 506, 392, 500, 500, 10]",0.0015731887336268855
NN3,32,R,1,237137370566.16553,"[517, 506, 392, 500, 500, 10]",0.0015101118758972013
NN3,32,R,1,316227766016.83795,"[517, 506, 392, 500, 500, 10]",0.0014628109055428243
NN3,32,R,1,421696503428.5823,"[517, 506, 392, 500, 500, 10]",0.0014273401817782706
NN3,32,R,1,562341325190.3491,"[522, 504, 392, 500, 500, 10]",0.0014006840207102206
NN3,32,R,1,749894209332.4558,"[1000, 750, 784, 500, 500, 10]",0.001306005386197793
NN3,32,R,1,1000000000000.0,"[1000, 750, 784, 500, 500, 10]",0.0012742865054392787
NN3,32,R,1,1333521432163.324,"[1000, 750, 784, 500, 500, 10]",0.0012505007004319623
NN3,32,R,1,1778279410038.9229,"[1000, 750, 784, 1000, 500, 10]",0.0012314672276958086
NN3,32,R,1,2371373705661.6553,"[1000, 750, 784, 1000, 500, 10]",0.0012148648558424422
NN3,32,R,1,3162277660168.3794,"[1000, 750, 784, 1000, 500, 10]",0.0012024148333284188
NN3,32,R,1,4216965034285.8223,"[1000, 750, 784, 1000, 500, 10]",0.0011930786335390938
NN3,32,R,1,5623413251903.491,"[1000, 750, 784, 1000, 500, 10]",0.0011860774713799082
NN3,32,R,1,7498942093324.559,"[1000, 750, 784, 1000, 500, 10]",0.0011808273404181374
NN3,32,R,1,10000000000000.0,"[1000, 750, 784, 1000, 500, 10]",0.0011768902976116685
NN3,32,R,1,1e+18,"[1000, 750, 784, 1000, 500, 10]",0.0011650859484563403
NN3,32,R,1,435200000000.0,"[833, 750, 784, 500, 500, 10]",0.0013964544250407343
NN3,32,R,0,1000000000.0,"[500, 150, 131, 125, 125, 10]",0.025712871429863376
NN3,32,R,0,1333521432.163324,"[500, 150, 131, 125, 125, 10]",0.019820330981424224
NN3,32,R,0,1778279410.0389228,"[500, 150, 131, 125, 125, 10]",0.015401549020882437
NN3,32,R,0,2371373705.6616554,"[500, 150, 131, 125, 125, 10]",0.01208793001636943
NN3,32,R,0,3162277660.1683793,"[500, 150, 131, 125, 125, 10]",0.009603066312951151
NN3,32,R,0,4216965034.2858224,"[500, 150, 131, 125, 125, 10]",0.0077396814107773835
NN3,32,R,0,5623413251.903491,"[500, 150, 131, 125, 125, 10]",0.00634233986287975
NN3,32,R,0,7498942093.324558,"[512, 167, 157, 167, 167, 10]",0.0052176462614054
NN3,32,R,0,10000000000.0,"[512, 167, 157, 167, 167, 10]",0.004398339176705212
NN3,32,R,0,13335214321.63324,"[512, 167, 157, 167, 167, 10]",0.0037839455382234844
NN3,32,R,0,17782794100.38923,"[512, 167, 157, 167, 167, 10]",0.003323215306475339
NN3,32,R,0,23713737056.61655,"[512, 215, 157, 167, 167, 10]",0.002943900664356787
NN3,32,R,0,31622776601.683792,"[512, 215, 157, 167, 167, 10]",0.002658391898433779
NN3,32,R,0,42169650342.85822,"[504, 253, 196, 204, 167, 10]",0.002425730107424938
NN3,32,R,0,56234132519.034904,"[504, 379, 196, 254, 167, 10]",0.002216679957599662
NN3,32,R,0,74989420933.24557,"[504, 379, 196, 250, 250, 10]",0.0020343784760144786
NN3,32,R,0,100000000000.0,"[504, 379, 196, 250, 250, 10]",0.0018993022319522175
NN3,32,R,0,133352143216.3324,"[504, 379, 392, 334, 250, 10]",0.0017852445449788167
NN3,32,R,0,177827941003.89227,"[504, 506, 392, 500, 250, 10]",0.0016815536570860673
NN3,32,R,0,237137370566.16553,"[504, 506, 392, 500, 250, 10]",0.0015976612577204188
NN3,32,R,0,316227766016.83795,"[504, 506, 392, 500, 500, 10]",0.001529832005767374
NN3,32,R,0,421696503428.5823,"[504, 506, 392, 500, 500, 10]",0.0014775989167397506
NN3,32,R,0,562341325190.3491,"[504, 506, 392, 500, 500, 10]",0.0014384296257423893
NN3,32,R,0,749894209332.4558,"[504, 506, 392, 500, 500, 10]",0.00140905680123981
NN3,32,R,0,1000000000000.0,"[504, 506, 392, 500, 500, 10]",0.0013870302902335874
NN3,32,R,0,1333521432163.324,"[1000, 750, 784, 500, 500, 10]",0.0013040703591393678
NN3,32,R,0,1778279410038.9229,"[1000, 750, 784, 500, 500, 10]",0.0012728354398532642
NN3,32,R,0,2371373705661.6553,"[1000, 750, 784, 500, 500, 10]",0.0012494125547516484
NN3,32,R,0,3162277660168.3794,"[1000, 750, 784, 500, 500, 10]",0.0012318478688480871
NN3,32,R,0,4216965034285.8223,"[1000, 750, 784, 1000, 500, 10]",0.0012154572378748499
NN3,32,R,0,5623413251903.491,"[1000, 750, 784, 1000, 500, 10]",0.0012028590571842338
NN3,32,R,0,7498942093324.559,"[1000, 750, 784, 1000, 500, 10]",0.001193411754436217
NN3,32,R,0,10000000000000.0,"[1000, 750, 784, 1000, 500, 10]",0.0011863272768116685
NN3,32,R,0,1e+18,"[1000, 750, 784, 1000, 500, 10]",0.0011650860428261325
NN3,32,R,0,435200000000.0,"[833, 750, 392, 500, 500, 10]",0.001512185623194221
NN3,32,T,1,1000000000.0,"[1000, 784, 784, 1000, 500, 10]",0.020795005394135674
NN3,32,T,1,1333521432.163324,"[1000, 784, 784, 1000, 500, 10]",0.015892579748098545
NN3,32,T,1,1778279410.0389228,"[1000, 784, 784, 1000, 500, 10]",0.012216279144452382
NN3,32,T,1,2371373705.6616554,"[1000, 784, 784, 1000, 500, 10]",0.009459442610012712
NN3,32,T,1,3162277660.1683793,"[1000, 784, 784, 1000, 500, 10]",0.0073921068567602485
NN3,32,T,1,4216965034.2858224,"[1000, 784, 784, 1000, 500, 10]",0.005841823746650274
NN3,32,T,1,5623413251.903491,"[1000, 784, 784, 1000, 500, 10]",0.004679275419552894
NN3,32,T,1,7498942093.324558,"[1000, 784, 784, 1000, 500, 10]",0.0038074871609934365
NN3,32,T,1,10000000000.0,"[1000, 784, 784, 1000, 500, 10]",0.0031537381941356725
NN3,32,T,1,13335214321.63324,"[1000, 784, 784, 1000, 500, 10]",0.00266349562953196
NN3,32,T,1,17782794100.38923,"[1000, 784, 784, 1000, 500, 10]",0.0022958655691673437
NN3,32,T,1,23713737056.61655,"[1000, 784, 784, 1000, 500, 10]",0.0020201819157233767
NN3,32,T,1,31622776601.683792,"[1000, 784, 784, 1000, 500, 10]",0.0018134483403981303
NN3,32,T,1,42169650342.85822,"[1000, 784, 784, 1000, 500, 10]",0.0016584200293871328
NN3,32,T,1,56234132519.034904,"[1000, 784, 784, 1000, 500, 10]",0.001542165196677395
NN3,32,T,1,74989420933.24557,"[1000, 784, 784, 1000, 500, 10]",0.0014549863708214492
NN3,32,T,1,100000000000.0,"[1000, 784, 784, 1000, 500, 10]",0.0013896114741356728
NN3,32,T,1,133352143216.3324,"[1000, 784, 784, 1000, 500, 10]",0.0013405872176753015
NN3,32,T,1,177827941003.89227,"[1000, 784, 784, 1000, 500, 10]",0.0013038242116388398
NN3,32,T,1,237137370566.16553,"[1000, 784, 784, 1000, 500, 10]",0.0012762558462944432
NN3,32,T,1,316227766016.83795,"[1000, 784, 784, 1000, 500, 10]",0.0012555824887619184
NN3,32,T,1,421696503428.5823,"[1000, 784, 784, 1000, 500, 10]",0.0012400796576608186
NN3,32,T,1,562341325190.3491,"[1000, 784, 784, 1000, 500, 10]",0.001228454174389845
NN3,32,T,1,749894209332.4558,"[1000, 784, 784, 1000, 500, 10]",0.0012197362918042504
NN3,32,T,1,1000000000000.0,"[1000, 784, 784, 1000, 500, 10]",0.0012131988021356727
NN3,32,T,1,1333521432163.324,"[1000, 784, 784, 1000, 500, 10]",0.0012082963764896355
NN3,32,T,1,1778279410038.9229,"[1000, 784, 784, 1000, 500, 10]",0.0012046200758859893
NN3,32,T,1,2371373705661.6553,"[1000, 784, 784, 1000, 500, 10]",0.0012018632393515497
NN3,32,T,1,3162277660168.3794,"[1000, 784, 784, 1000, 500, 10]",0.0011997959035982973
NN3,32,T,1,4216965034285.8223,"[1000, 784, 784, 1000, 500, 10]",0.0011982456204881872
NN3,32,T,1,5623413251903.491,"[1000, 784, 784, 1000, 500, 10]",0.0011970830721610899
NN3,32,T,1,7498942093324.559,"[1000, 784, 784, 1000, 500, 10]",0.0011962112839025304
NN3,32,T,1,10000000000000.0,"[1000, 784, 784, 1000, 500, 10]",0.0011955575349356727
NN3,32,T,1,1e+18,"[1000, 784, 784, 1000, 500, 10]",0.0011935974137370806
NN3,32,T,1,435200000000.0,"[1000, 784, 784, 1000, 500, 10]",0.0012386373941356728
NN3,32,T,0,1000000000.0,"[80, 79, 79, 125, 125, 10]",0.024526022277655178
NN3,32,T,0,1333521432.163324,"[80, 79, 79, 125, 125, 10]",0.019363902785359474
NN3,32,T,0,1778279410.0389228,"[80, 79, 79, 125, 125, 10]",0.015492859270204733
NN3,32,T,0,2371373705.6616554,"[118, 116, 112, 125, 125, 10]",0.011338241506919873
NN3,32,T,0,3162277660.1683793,"[118, 116, 112, 125, 125, 10]",0.009228785758694655
NN3,32,T,0,4216965034.2858224,"[118, 116, 112, 125, 125, 10]",0.0076469171082575015
NN3,32,T,0,5623413251.903491,"[154, 150, 131, 125, 125, 10]",0.006074345532833281
NN3,32,T,0,7498942093.324558,"[167, 167, 157, 167, 167, 10]",0.005005945574931196
NN3,32,T,0,10000000000.0,"[167, 167, 157, 167, 167, 10]",0.004320366389856348
NN3,32,T,0,13335214321.63324,"[209, 215, 157, 167, 167, 10]",0.003779165862580312
NN3,32,T,0,17782794100.38923,"[286, 216, 157, 167, 167, 10]",0.003327880010209649
NN3,32,T,0,23713737056.61655,"[286, 216, 157, 167, 167, 10]",0.0029818049961673784
NN3,32,T,0,31622776601.683792,"[334, 307, 196, 203, 171, 10]",0.002708703750128206
NN3,32,T,0,42169650342.85822,"[334, 380, 196, 252, 252, 10]",0.0024428914135510337
NN3,32,T,0,56234132519.034904,"[401, 376, 196, 252, 252, 10]",0.0022300209941053667
NN3,32,T,0,74989420933.24557,"[501, 376, 196, 252, 252, 10]",0.0020676973238586186
NN3,32,T,0,100000000000.0,"[501, 376, 392, 334, 256, 10]",0.0019287880988022516
NN3,32,T,0,133352143216.3324,"[501, 501, 399, 500, 500, 10]",0.0017949917556139058
NN3,32,T,0,177827941003.89227,"[501, 501, 399, 500, 500, 10]",0.0016880988310984124
NN3,32,T,0,237137370566.16553,"[501, 501, 399, 500, 500, 10]",0.0016079404459856327
NN3,32,T,0,316227766016.83795,"[501, 501, 399, 500, 500, 10]",0.0015478301371601184
NN3,32,T,0,421696503428.5823,"[501, 501, 399, 500, 500, 10]",0.0015027537646506795
NN3,32,T,0,562341325190.3491,"[501, 501, 399, 500, 500, 10]",0.0014689512539281385
NN3,32,T,0,749894209332.4558,"[501, 501, 399, 500, 500, 10]",0.001443602946876407
NN3,32,T,0,1000000000000.0,"[501, 501, 399, 500, 500, 10]",0.0014245943982019323
NN3,32,T,0,1333521432163.324,"[1000, 750, 784, 594, 500, 10]",0.0013372855516628186
NN3,32,T,0,1778279410038.9229,"[1000, 750, 784, 1000, 500, 10]",0.001306505311117968
NN3,32,T,0,2371373705661.6553,"[1000, 750, 784, 1000, 500, 10]",0.0012782663872684856
NN3,32,T,0,3162277660168.3794,"[1000, 750, 784, 1000, 500, 10]",0.0012570901817959786
NN3,32,T,0,4216965034285.8223,"[1000, 750, 784, 1000, 500, 10]",0.0012412102679365113
NN3,32,T,0,5623413251903.491,"[1000, 750, 784, 1000, 500, 10]",0.0012293020124885985
NN3,32,T,0,7498942093324.559,"[1000, 750, 784, 1000, 500, 10]",0.0012203720806849571
NN3,32,T,0,10000000000000.0,"[1000, 750, 784, 1000, 500, 10]",0.0012136755765356727
NN3,32,T,0,1e+18,"[1000, 750, 784, 1000, 500, 10]",0.0011935975949174966
NN3,32,T,0,435200000000.0,"[501, 501, 399, 500, 500, 10]",0.0014985602075195793
NN4,1,R,1,1000000000.0,"[625, 125, 125, 131, 125, 125, 10]",0.0013927370379330564
NN4,1,R,1,1333521432.163324,"[500, 154, 150, 131, 125, 125, 10]",0.001092480751638559
NN4,1,R,1,1778279410.0389228,"[500, 200, 150, 131, 125, 125, 10]",0.0008946549244833373
NN4,1,R,1,2371373705.6616554,"[500, 200, 167, 157, 167, 167, 10]",0.0007325268843156752
NN4,1,R,1,3162277660.1683793,"[503, 223, 253, 157, 167, 167, 10]",0.0006090124098478503
NN4,1,R,1,4216965034.2858224,"[510, 334, 256, 157, 167, 167, 10]",0.0005109284719512913
NN4,1,R,1,5623413251.903491,"[510, 334, 256, 157, 167, 167, 10]",0.0004327482053286122
NN4,1,R,1,7498942093.324558,"[510, 334, 253, 196, 167, 167, 10]",0.00037407772819972416
NN4,1,R,1,10000000000.0,"[510, 334, 253, 196, 167, 167, 10]",0.0003293840419332478
NN4,1,R,1,13335214321.63324,"[510, 334, 253, 196, 254, 167, 10]",0.0002952765073919816
NN4,1,R,1,17782794100.38923,"[510, 334, 384, 196, 254, 167, 10]",0.00026885324221719503
NN4,1,R,1,23713737056.61655,"[519, 504, 379, 392, 334, 250, 10]",0.00024549741841587303
NN4,1,R,1,31622776601.683792,"[519, 504, 506, 392, 334, 250, 10]",0.000225481075778574
NN4,1,R,1,42169650342.85822,"[519, 504, 506, 392, 334, 250, 10]",0.0002103428703821968
NN4,1,R,1,56234132519.034904,"[519, 504, 506, 392, 500, 250, 10]",0.00019885834564037645
NN4,1,R,1,74989420933.24557,"[519, 504, 506, 392, 500, 500, 10]",0.00019005785674249814
NN4,1,R,1,100000000000.0,"[625, 504, 506, 392, 500, 500, 10]",0.00018297886079273216
NN4,1,R,1,133352143216.3324,"[708, 667, 507, 392, 500, 500, 10]",0.00017615664674135452
NN4,1,R,1,177827941003.89227,"[708, 667, 507, 392, 500, 500, 10]",0.0001712832389903292
NN4,1,R,1,237137370566.16553,"[708, 667, 750, 392, 500, 500, 10]",0.00016715013365681725
NN4,1,R,1,316227766016.83795,"[708, 667, 750, 392, 500, 500, 10]",0.00016379115315772946
NN4,1,R,1,421696503428.5823,"[1000, 1000, 750, 392, 500, 500, 10]",0.00015827361185146856
NN4,1,R,1,562341325190.3491,"[1000, 1000, 750, 392, 500, 500, 10]",0.00015553190298920743
NN4,1,R,1,749894209332.4558,"[1000, 1000, 750, 392, 500, 500, 10]",0.00015347591138972235
NN4,1,R,1,1000000000000.0,"[1000, 1000, 750, 392, 500, 500, 10]",0.0001519341351948323
NN4,1,R,1,1333521432163.324,"[1000, 1000, 750, 392, 500, 500, 10]",0.00015077796615419763
NN4,1,R,1,1778279410038.9229,"[1000, 1000, 750, 392, 500, 500, 10]",0.00014991096168561624
NN4,1,R,1,2371373705661.6553,"[1000, 1000, 750, 392, 1000, 500, 10]",0.0001491300909586225
NN4,1,R,1,3162277660168.3794,"[1000, 1000, 750, 392, 1000, 500, 10]",0.00014850709978297982
NN4,1,R,1,4216965034285.8223,"[1000, 1000, 750, 392, 1000, 500, 10]",0.00014803992230790015
NN4,1,R,1,5623413251903.491,"[1000, 1000, 750, 392, 1000, 500, 10]",0.00014768958862460734
NN4,1,R,1,7498942093324.559,"[1000, 1000, 750, 392, 1000, 500, 10]",0.00014742687542417196
NN4,1,R,1,10000000000000.0,"[1000, 1000, 750, 392, 1000, 500, 10]",0.00014722986831645029
NN4,1,R,1,1e+18,"[1000, 1000, 750, 392, 1000, 500, 10]",0.00014663918622333027
NN4,1,R,1,435200000000.0,"[1000, 1000, 750, 392, 500, 500, 10]",0.00015793347401836172
NN4,1,R,0,1000000000.0,"[625, 125, 125, 131, 125, 125, 10]",0.0013968330379330565
NN4,1,R,0,1333521432.163324,"[625, 125, 125, 131, 125, 125, 10]",0.001130800510515803
NN4,1,R,0,1778279410.0389228,"[625, 125, 125, 131, 125, 125, 10]",0.000931304258711527
NN4,1,R,0,2371373705.6616554,"[500, 154, 150, 131, 125, 125, 10]",0.0007464080858803368
NN4,1,R,0,3162277660.1683793,"[500, 154, 150, 131, 125, 125, 10]",0.0006351950991541992
NN4,1,R,0,4216965034.2858224,"[437, 182, 167, 157, 167, 125, 10]",0.0005384575547077383
NN4,1,R,0,5623413251.903491,"[510, 204, 256, 157, 167, 167, 10]",0.00046987248750249657
NN4,1,R,0,7498942093.324558,"[437, 334, 256, 157, 167, 167, 10]",0.000408922610220425
NN4,1,R,0,10000000000.0,"[510, 334, 256, 157, 167, 167, 10]",0.0003562596813678655
NN4,1,R,0,13335214321.63324,"[510, 334, 256, 157, 167, 167, 10]",0.00031676297490564693
NN4,1,R,0,17782794100.38923,"[510, 334, 253, 196, 167, 167, 10]",0.0002866729615729664
NN4,1,R,0,23713737056.61655,"[510, 334, 253, 196, 254, 167, 10]",0.0002634804292392586
NN4,1,R,0,31622776601.683792,"[510, 334, 304, 196, 254, 167, 10]",0.0002456479761872073
NN4,1,R,0,42169650342.85822,"[503, 504, 379, 265, 334, 167, 10]",0.00022953587296268335
NN4,1,R,0,56234132519.034904,"[503, 504, 506, 392, 334, 250, 10]",0.0002142036140602986
NN4,1,R,0,74989420933.24557,"[503, 504, 506, 392, 334, 250, 10]",0.0002018859671436936
NN4,1,R,0,100000000000.0,"[503, 504, 506, 392, 500, 250, 10]",0.00019262720164794672
NN4,1,R,0,133352143216.3324,"[503, 504, 506, 392, 500, 250, 10]",0.0001854431709201975
NN4,1,R,0,177827941003.89227,"[625, 504, 506, 392, 500, 500, 10]",0.00017976808299144267
NN4,1,R,0,237137370566.16553,"[708, 667, 507, 392, 500, 500, 10]",0.0001741211462014787
NN4,1,R,0,316227766016.83795,"[708, 667, 507, 392, 500, 500, 10]",0.00016975682892238323
NN4,1,R,0,421696503428.5823,"[708, 667, 750, 392, 500, 500, 10]",0.00016631258886334806
NN4,1,R,0,562341325190.3491,"[708, 667, 750, 392, 500, 500, 10]",0.0001631630831670504
NN4,1,R,0,749894209332.4558,"[834, 1000, 750, 392, 500, 500, 10]",0.000158227941683665
NN4,1,R,0,1000000000000.0,"[834, 1000, 750, 392, 500, 500, 10]",0.0001554976551948323
NN4,1,R,0,1333521432163.324,"[834, 1000, 750, 392, 500, 500, 10]",0.00015345022916703804
NN4,1,R,0,1778279410038.9229,"[834, 1000, 750, 392, 500, 500, 10]",0.00015191487624475854
NN4,1,R,0,2371373705661.6553,"[834, 1000, 750, 392, 500, 500, 10]",0.0001507635239790595
NN4,1,R,0,3162277660168.3794,"[834, 1000, 750, 392, 500, 500, 10]",0.00014990013158211
NN4,1,R,0,4216965034285.8223,"[834, 1000, 750, 392, 1000, 500, 10]",0.0001491894580428629
NN4,1,R,0,5623413251903.491,"[834, 1000, 750, 392, 1000, 500, 10]",0.00014855161881567665
NN4,1,R,0,7498942093324.559,"[834, 1000, 750, 392, 1000, 500, 10]",0.00014807330687272458
NN4,1,R,0,10000000000000.0,"[834, 1000, 750, 392, 1000, 500, 10]",0.00014771462351645027
NN4,1,R,0,1e+18,"[834, 1000, 750, 392, 1000, 500, 10]",0.0001466391910708823
NN4,1,R,0,435200000000.0,"[1000, 1000, 750, 392, 500, 500, 10]",0.00016612170931247936
NN4,1,T,1,1000000000.0,"[1000, 1000, 784, 784, 1000, 500, 10]",0.001054938419906387
NN4,1,T,1,1333521432.163324,"[1000, 1000, 784, 784, 1000, 500, 10]",0.000829771177837885
NN4,1,T,1,1778279410.0389228,"[1000, 1000, 784, 784, 1000, 500, 10]",0.0006609195668793561
NN4,1,T,1,2371373705.6616554,"[1000, 1000, 784, 784, 1000, 500, 10]",0.0005342987215850985
NN4,1,T,1,3162277660.1683793,"[1000, 1000, 784, 784, 1000, 500, 10]",0.0004393464829181541
NN4,1,T,1,4216965034.2858224,"[1000, 1000, 784, 784, 1000, 500, 10]",0.00036814234897865913
NN4,1,T,1,5623413251.903491,"[1000, 1000, 784, 784, 1000, 500, 10]",0.0003147467812568992
NN4,1,T,1,7498942093.324558,"[1000, 1000, 784, 784, 1000, 500, 10]",0.0002747057542183325
NN4,1,T,1,10000000000.0,"[1000, 1000, 784, 784, 1000, 500, 10]",0.0002446792199063871
NN4,1,T,1,13335214321.63324,"[1000, 1000, 784, 784, 1000, 500, 10]",0.0002221624956995369
NN4,1,T,1,17782794100.38923,"[1000, 1000, 784, 784, 1000, 500, 10]",0.00020527733460368397
NN4,1,T,1,23713737056.61655,"[1000, 1000, 784, 784, 1000, 500, 10]",0.00019261525007425822
NN4,1,T,1,31622776601.683792,"[1000, 1000, 784, 784, 1000, 500, 10]",0.00018312002620756378
NN4,1,T,1,42169650342.85822,"[1000, 1000, 784, 784, 1000, 500, 10]",0.00017599961281361429
NN4,1,T,1,56234132519.034904,"[1000, 1000, 784, 784, 1000, 500, 10]",0.0001706600560414383
NN4,1,T,1,74989420933.24557,"[1000, 1000, 784, 784, 1000, 500, 10]",0.00016665595333758163
NN4,1,T,1,100000000000.0,"[1000, 1000, 784, 784, 1000, 500, 10]",0.0001636532999063871
NN4,1,T,1,133352143216.3324,"[1000, 1000, 784, 784, 1000, 500, 10]",0.00016140162748570205
NN4,1,T,1,177827941003.89227,"[1000, 1000, 784, 784, 1000, 500, 10]",0.00015971311137611676
NN4,1,T,1,237137370566.16553,"[1000, 1000, 784, 784, 1000, 500, 10]",0.00015844690292317418
NN4,1,T,1,316227766016.83795,"[1000, 1000, 784, 784, 1000, 500, 10]",0.00015749738053650475
NN4,1,T,1,421696503428.5823,"[1000, 1000, 784, 784, 1000, 500, 10]",0.0001567853391971098
NN4,1,T,1,562341325190.3491,"[1000, 1000, 784, 784, 1000, 500, 10]",0.0001562513835198922
NN4,1,T,1,749894209332.4558,"[1000, 1000, 784, 784, 1000, 500, 10]",0.00015585097324950653
NN4,1,T,1,1000000000000.0,"[1000, 1000, 784, 784, 1000, 500, 10]",0.0001555507079063871
NN4,1,T,1,1333521432163.324,"[1000, 1000, 784, 784, 1000, 500, 10]",0.00015532554066431857
NN4,1,T,1,1778279410038.9229,"[1000, 1000, 784, 784, 1000, 500, 10]",0.00015515668905336004
NN4,1,T,1,2371373705661.6553,"[1000, 1000, 784, 784, 1000, 500, 10]",0.00015503006820806578
NN4,1,T,1,3162277660168.3794,"[1000, 1000, 784, 784, 1000, 500, 10]",0.00015493511596939886
NN4,1,T,1,4216965034285.8223,"[1000, 1000, 784, 784, 1000, 500, 10]",0.00015486391183545936
NN4,1,T,1,5623413251903.491,"[1000, 1000, 784, 784, 1000, 500, 10]",0.0001548105162677376
NN4,1,T,1,7498942093324.559,"[1000, 1000, 784, 784, 1000, 500, 10]",0.00015477047524069902
NN4,1,T,1,10000000000000.0,"[1000, 1000, 784, 784, 1000, 500, 10]",0.00015474044870638707
NN4,1,T,1,1e+18,"[1000, 1000, 784, 784, 1000, 500, 10]",0.0001546504208066751
NN4,1,T,1,435200000000.0,"[1000, 1000, 784, 784, 1000, 500, 10]",0.00015671909637697532
NN4,1,T,0,1000000000.0,"[148, 143, 137, 131, 125, 125, 10]",0.0013141708398269891
NN4,1,T,0,1333521432.163324,"[148, 143, 137, 131, 125, 125, 10]",0.0010849218712547927
NN4,1,T,0,1778279410.0389228,"[157, 154, 150, 131, 125, 125, 10]",0.0008992584277458992
NN4,1,T,0,2371373705.6616554,"[193, 168, 168, 157, 167, 167, 10]",0.000751473254766126
NN4,1,T,0,3162277660.1683793,"[209, 182, 168, 157, 167, 167, 10]",0.0006475302360619921
NN4,1,T,0,4216965034.2858224,"[234, 182, 168, 157, 167, 167, 10]",0.0005668988620745795
NN4,1,T,0,5623413251.903491,"[417, 334, 256, 157, 167, 167, 10]",0.00048750889913668036
NN4,1,T,0,7498942093.324558,"[417, 334, 256, 157, 167, 167, 10]",0.0004200398966669931
NN4,1,T,0,10000000000.0,"[417, 334, 256, 157, 167, 167, 10]",0.0003694452824055374
NN4,1,T,0,13335214321.63324,"[417, 334, 256, 196, 167, 167, 10]",0.0003309025411632594
NN4,1,T,0,17782794100.38923,"[417, 334, 256, 196, 253, 172, 10]",0.00030120382074896125
NN4,1,T,0,23713737056.61655,"[417, 334, 307, 196, 253, 172, 10]",0.00027845937972992003
NN4,1,T,0,31622776601.683792,"[420, 503, 377, 267, 334, 256, 10]",0.00025816766292242107
NN4,1,T,0,42169650342.85822,"[424, 501, 501, 392, 334, 256, 10]",0.00023983048014088307
NN4,1,T,0,56234132519.034904,"[424, 501, 501, 392, 334, 256, 10]",0.00022547099348873688
NN4,1,T,0,74989420933.24557,"[625, 576, 501, 392, 510, 255, 10]",0.0002134942788081447
NN4,1,T,0,100000000000.0,"[625, 576, 501, 399, 500, 500, 10]",0.00020341469085399826
NN4,1,T,0,133352143216.3324,"[625, 576, 501, 399, 500, 500, 10]",0.00019582863407579105
NN4,1,T,0,177827941003.89227,"[625, 667, 593, 392, 500, 500, 10]",0.00018969395087842323
NN4,1,T,0,237137370566.16553,"[625, 667, 593, 392, 500, 500, 10]",0.00018434522425625236
NN4,1,T,0,316227766016.83795,"[625, 667, 750, 392, 500, 500, 10]",0.00018032984753354645
NN4,1,T,0,421696503428.5823,"[834, 1000, 750, 392, 500, 500, 10]",0.00017373761816066302
NN4,1,T,0,562341325190.3491,"[834, 1000, 750, 392, 500, 500, 10]",0.0001693212007977379
NN4,1,T,0,749894209332.4558,"[834, 1000, 750, 392, 500, 500, 10]",0.00016600935499128504
NN4,1,T,0,1000000000000.0,"[834, 1000, 750, 392, 500, 500, 10]",0.00016352582099882408
NN4,1,T,0,1333521432163.324,"[834, 1000, 750, 392, 500, 500, 10]",0.00016166343323919727
NN4,1,T,0,1778279410038.9229,"[834, 1000, 750, 750, 1000, 500, 10]",0.00015993922196980801
NN4,1,T,0,2371373705661.6553,"[834, 1000, 750, 750, 1000, 500, 10]",0.00015861587346383866
NN4,1,T,0,3162277660168.3794,"[834, 1000, 750, 750, 1000, 500, 10]",0.00015762350208228346
NN4,1,T,0,4216965034285.8223,"[834, 1000, 750, 750, 1000, 500, 10]",0.000156879328529748
NN4,1,T,0,5623413251903.491,"[834, 1000, 750, 750, 1000, 500, 10]",0.00015632127709196326
NN4,1,T,0,7498942093324.559,"[834, 1000, 750, 750, 1000, 500, 10]",0.00015590279755025883
NN4,1,T,0,10000000000000.0,"[834, 1000, 750, 750, 1000, 500, 10]",0.00015558898216521059
NN4,1,T,0,1e+18,"[834, 1000, 750, 750, 1000, 500, 10]",0.0001546480763743626
NN4,1,T,0,435200000000.0,"[1000, 1000, 750, 392, 500, 500, 10]",0.00017318971511647114
NN4,8,R,1,1000000000.0,"[625, 125, 125, 131, 125, 125, 10]",0.009540917566755135
NN4,8,R,1,1333521432.163324,"[625, 125, 125, 131, 125, 125, 10]",0.0074208528139657025
NN4,8,R,1,1778279410.0389228,"[625, 125, 125, 131, 125, 125, 10]",0.005831028532439064
NN4,8,R,1,2371373705.6616554,"[625, 125, 125, 131, 125, 125, 10]",0.0046388285098661036
NN4,8,R,1,3162277660.1683793,"[625, 125, 125, 131, 125, 125, 10]",0.003744804616572618
NN4,8,R,1,4216965034.2858224,"[500, 154, 150, 131, 125, 125, 10]",0.0029611166165885165
NN4,8,R,1,5623413251.903491,"[437, 182, 167, 157, 167, 167, 10]",0.0024212696480591907
NN4,8,R,1,7498942093.324558,"[510, 182, 167, 157, 167, 167, 10]",0.0020317837781621494
NN4,8,R,1,10000000000.0,"[503, 223, 253, 196, 167, 167, 10]",0.0017202032121292317
NN4,8,R,1,13335214321.63324,"[510, 334, 253, 196, 167, 167, 10]",0.001471778333068538
NN4,8,R,1,17782794100.38923,"[510, 334, 253, 196, 167, 167, 10]",0.0012707134789666818
NN4,8,R,1,23713737056.61655,"[510, 334, 253, 196, 254, 167, 10]",0.0011168670378536411
NN4,8,R,1,31622776601.683792,"[510, 334, 384, 196, 254, 167, 10]",0.0009975532882211984
NN4,8,R,1,42169650342.85822,"[519, 504, 379, 265, 334, 167, 10]",0.0008956729768567547
NN4,8,R,1,56234132519.034904,"[519, 504, 506, 265, 334, 250, 10]",0.0008133127747144058
NN4,8,R,1,74989420933.24557,"[519, 504, 506, 392, 334, 250, 10]",0.0007472850026794076
NN4,8,R,1,100000000000.0,"[519, 504, 506, 392, 500, 250, 10]",0.000695772391510834
NN4,8,R,1,133352143216.3324,"[625, 504, 506, 392, 500, 250, 10]",0.0006539561473411253
NN4,8,R,1,177827941003.89227,"[625, 504, 506, 392, 500, 250, 10]",0.0006224250805505382
NN4,8,R,1,237137370566.16553,"[708, 667, 507, 392, 500, 500, 10]",0.0005950869250887594
NN4,8,R,1,316227766016.83795,"[708, 667, 507, 392, 500, 500, 10]",0.0005731627765055233
NN4,8,R,1,421696503428.5823,"[708, 667, 507, 392, 500, 500, 10]",0.0005567219844384102
NN4,8,R,1,562341325190.3491,"[708, 667, 750, 784, 500, 500, 10]",0.0005414134545112695
NN4,8,R,1,749894209332.4558,"[834, 833, 750, 784, 500, 500, 10]",0.0005278103041274971
NN4,8,R,1,1000000000000.0,"[834, 667, 750, 784, 500, 500, 10]",0.0005170319063910255
NN4,8,R,1,1333521432163.324,"[834, 667, 750, 784, 500, 500, 10]",0.00050884463530898
NN4,8,R,1,1778279410038.9229,"[834, 667, 750, 784, 500, 500, 10]",0.000502705048134319
NN4,8,R,1,2371373705661.6553,"[834, 667, 750, 784, 1000, 500, 10]",0.0004973687408734075
NN4,8,R,1,3162277660168.3794,"[834, 667, 750, 784, 1000, 500, 10]",0.000493311289357686
NN4,8,R,1,4216965034285.8223,"[1000, 1000, 750, 784, 1000, 500, 10]",0.0004897884637146188
NN4,8,R,1,5623413251903.491,"[1000, 1000, 750, 784, 1000, 500, 10]",0.00048705132499976203
NN4,8,R,1,7498942093324.559,"[1000, 1000, 750, 784, 1000, 500, 10]",0.00048499876052735127
NN4,8,R,1,10000000000000.0,"[1000, 1000, 750, 784, 1000, 500, 10]",0.0004834595543152089
NN4,8,R,1,1e+18,"[1000, 1000, 750, 784, 1000, 500, 10]",0.0004788445860653529
NN4,8,R,1,435200000000.0,"[834, 833, 750, 392, 500, 500, 10]",0.0005571134480297001
NN4,8,R,0,1000000000.0,"[625, 125, 125, 131, 125, 125, 10]",0.009573685566755136
NN4,8,R,0,1333521432.163324,"[625, 125, 125, 131, 125, 125, 10]",0.007445425347417109
NN4,8,R,0,1778279410.0389228,"[625, 125, 125, 131, 125, 125, 10]",0.0058494553329829
NN4,8,R,0,2371373705.6616554,"[625, 125, 125, 131, 125, 125, 10]",0.004652646660890452
NN4,8,R,0,3162277660.1683793,"[625, 125, 125, 131, 125, 125, 10]",0.003755166768009458
NN4,8,R,0,4216965034.2858224,"[625, 125, 125, 131, 125, 125, 10]",0.003082151793345688
NN4,8,R,0,5623413251.903491,"[625, 125, 125, 131, 125, 125, 10]",0.0025774617610512976
NN4,8,R,0,7498942093.324558,"[500, 154, 150, 131, 125, 125, 10]",0.002085614328810801
NN4,8,R,0,10000000000.0,"[500, 200, 150, 131, 125, 125, 10]",0.0018007650600547552
NN4,8,R,0,13335214321.63324,"[500, 200, 167, 157, 167, 167, 10]",0.0015463398336621156
NN4,8,R,0,17782794100.38923,"[503, 223, 167, 157, 167, 167, 10]",0.0013667949765353285
NN4,8,R,0,23713737056.61655,"[503, 223, 253, 196, 167, 167, 10]",0.0012100877443599846
NN4,8,R,0,31622776601.683792,"[510, 334, 253, 196, 167, 167, 10]",0.0010785678347257847
NN4,8,R,0,42169650342.85822,"[510, 334, 253, 196, 254, 167, 10]",0.0009738250480595758
NN4,8,R,0,56234132519.034904,"[510, 334, 384, 196, 254, 167, 10]",0.0008933852330967388
NN4,8,R,0,74989420933.24557,"[510, 334, 384, 267, 254, 167, 10]",0.0008252764643471685
NN4,8,R,0,100000000000.0,"[503, 504, 379, 265, 334, 167, 10]",0.000760416973477906
NN4,8,R,0,133352143216.3324,"[503, 504, 506, 265, 334, 250, 10]",0.000708804391426689
NN4,8,R,0,177827941003.89227,"[503, 504, 506, 392, 334, 250, 10]",0.0006676852042046345
NN4,8,R,0,237137370566.16553,"[625, 504, 506, 392, 500, 250, 10]",0.0006339507650449231
NN4,8,R,0,316227766016.83795,"[625, 504, 506, 392, 500, 250, 10]",0.000607423160211134
NN4,8,R,0,421696503428.5823,"[625, 504, 506, 392, 500, 500, 10]",0.0005872031816096634
NN4,8,R,0,562341325190.3491,"[708, 667, 507, 392, 500, 500, 10]",0.0005662958688223823
NN4,8,R,0,749894209332.4558,"[708, 667, 507, 392, 500, 500, 10]",0.0005515725301308022
NN4,8,R,0,1000000000000.0,"[708, 667, 750, 392, 500, 500, 10]",0.0005389289122150249
NN4,8,R,0,1333521432163.324,"[708, 667, 750, 784, 500, 500, 10]",0.0005270060361816286
NN4,8,R,0,1778279410038.9229,"[834, 667, 750, 784, 500, 500, 10]",0.0005163472147494456
NN4,8,R,0,2371373705661.6553,"[834, 667, 750, 784, 500, 500, 10]",0.0005083311890117809
NN4,8,R,0,3162277660168.3794,"[834, 667, 750, 784, 500, 500, 10]",0.0005023200177292462
NN4,8,R,0,4216965034285.8223,"[834, 667, 750, 784, 1000, 500, 10]",0.0004973810816312953
NN4,8,R,0,5623413251903.491,"[834, 667, 750, 784, 1000, 500, 10]",0.0004933205436205649
NN4,8,R,0,7498942093324.559,"[834, 1000, 750, 784, 1000, 500, 10]",0.0004900225987609517
NN4,8,R,0,10000000000000.0,"[834, 1000, 750, 784, 1000, 500, 10]",0.00048722690151520895
NN4,8,R,0,1e+18,"[834, 1000, 750, 784, 1000, 500, 10]",0.00047884462373882494
NN4,8,R,0,435200000000.0,"[834, 833, 750, 392, 500, 500, 10]",0.0006030193303826413
NN4,8,T,1,1000000000.0,"[1000, 1000, 784, 784, 1000, 500, 10]",0.0076995853471964765
NN4,8,T,1,1333521432.163324,"[1000, 1000, 784, 784, 1000, 500, 10]",0.00589824741064846
NN4,8,T,1,1778279410.0389228,"[1000, 1000, 784, 784, 1000, 500, 10]",0.004547434522980229
NN4,8,T,1,2371373705.6616554,"[1000, 1000, 784, 784, 1000, 500, 10]",0.003534467760626168
NN4,8,T,1,3162277660.1683793,"[1000, 1000, 784, 784, 1000, 500, 10]",0.0027748498512906125
NN4,8,T,1,4216965034.2858224,"[1000, 1000, 784, 784, 1000, 500, 10]",0.0022052167797746527
NN4,8,T,1,5623413251.903491,"[1000, 1000, 784, 784, 1000, 500, 10]",0.0017780522380005737
NN4,8,T,1,7498942093.324558,"[1000, 1000, 784, 784, 1000, 500, 10]",0.0014577240216920402
NN4,8,T,1,10000000000.0,"[1000, 1000, 784, 784, 1000, 500, 10]",0.0012175117471964767
NN4,8,T,1,13335214321.63324,"[1000, 1000, 784, 784, 1000, 500, 10]",0.001037377953541675
NN4,8,T,1,17782794100.38923,"[1000, 1000, 784, 784, 1000, 500, 10]",0.0009022966647748517
NN4,8,T,1,23713737056.61655,"[1000, 1000, 784, 784, 1000, 500, 10]",0.0008009999885394458
NN4,8,T,1,31622776601.683792,"[1000, 1000, 784, 784, 1000, 500, 10]",0.0007250381976058901
NN4,8,T,1,42169650342.85822,"[1000, 1000, 784, 784, 1000, 500, 10]",0.0006680748904542942
NN4,8,T,1,56234132519.034904,"[1000, 1000, 784, 784, 1000, 500, 10]",0.0006253584362768863
NN4,8,T,1,74989420933.24557,"[1000, 1000, 784, 784, 1000, 500, 10]",0.000593325614646033
NN4,8,T,1,100000000000.0,"[1000, 1000, 784, 784, 1000, 500, 10]",0.0005693043871964766
NN4,8,T,1,133352143216.3324,"[1000, 1000, 784, 784, 1000, 500, 10]",0.0005512910078309965
NN4,8,T,1,177827941003.89227,"[1000, 1000, 784, 784, 1000, 500, 10]",0.0005377828789543141
NN4,8,T,1,237137370566.16553,"[1000, 1000, 784, 784, 1000, 500, 10]",0.0005276532113307735
NN4,8,T,1,316227766016.83795,"[1000, 1000, 784, 784, 1000, 500, 10]",0.0005200570322374179
NN4,8,T,1,421696503428.5823,"[1000, 1000, 784, 784, 1000, 500, 10]",0.0005143607015222583
NN4,8,T,1,562341325190.3491,"[1000, 1000, 784, 784, 1000, 500, 10]",0.0005100890561045175
NN4,8,T,1,749894209332.4558,"[1000, 1000, 784, 784, 1000, 500, 10]",0.0005068857739414322
NN4,8,T,1,1000000000000.0,"[1000, 1000, 784, 784, 1000, 500, 10]",0.0005044836511964765
NN4,8,T,1,1333521432163.324,"[1000, 1000, 784, 784, 1000, 500, 10]",0.0005026823132599286
NN4,8,T,1,1778279410038.9229,"[1000, 1000, 784, 784, 1000, 500, 10]",0.0005013315003722603
NN4,8,T,1,2371373705661.6553,"[1000, 1000, 784, 784, 1000, 500, 10]",0.0005003185336099063
NN4,8,T,1,3162277660168.3794,"[1000, 1000, 784, 784, 1000, 500, 10]",0.0004995589157005707
NN4,8,T,1,4216965034285.8223,"[1000, 1000, 784, 784, 1000, 500, 10]",0.0004989892826290547
NN4,8,T,1,5623413251903.491,"[1000, 1000, 784, 784, 1000, 500, 10]",0.0004985621180872807
NN4,8,T,1,7498942093324.559,"[1000, 1000, 784, 784, 1000, 500, 10]",0.0004982417898709721
NN4,8,T,1,10000000000000.0,"[1000, 1000, 784, 784, 1000, 500, 10]",0.0004980015775964766
NN4,8,T,1,1e+18,"[1000, 1000, 784, 784, 1000, 500, 10]",0.0004972813543987805
NN4,8,T,1,435200000000.0,"[1000, 1000, 784, 784, 1000, 500, 10]",0.0005138307589611825
NN4,8,T,0,1000000000.0,"[76, 77, 79, 79, 125, 125, 10]",0.009368198837937184
NN4,8,T,0,1333521432.163324,"[100, 100, 100, 98, 125, 125, 10]",0.007034546797673267
NN4,8,T,0,1778279410.0389228,"[100, 100, 100, 98, 125, 125, 10]",0.005662415898981907
NN4,8,T,0,2371373705.6616554,"[100, 100, 100, 98, 125, 125, 10]",0.004633462883607118
NN4,8,T,0,3162277660.1683793,"[100, 100, 100, 98, 125, 125, 10]",0.0038618569757023933
NN4,8,T,0,4216965034.2858224,"[157, 154, 150, 131, 125, 125, 10]",0.002873318260072162
NN4,8,T,0,5623413251.903491,"[157, 154, 150, 131, 125, 125, 10]",0.002437863683471587
NN4,8,T,0,7498942093.324558,"[167, 167, 167, 157, 167, 167, 10]",0.002053440908859347
NN4,8,T,0,10000000000.0,"[167, 183, 167, 157, 167, 167, 10]",0.0017975651649045476
NN4,8,T,0,13335214321.63324,"[313, 182, 168, 157, 167, 167, 10]",0.0015963275536984953
NN4,8,T,0,17782794100.38923,"[315, 334, 256, 196, 167, 167, 10]",0.0014079271491241633
NN4,8,T,0,23713737056.61655,"[417, 334, 256, 196, 167, 167, 10]",0.001237097321275039
NN4,8,T,0,31622776601.683792,"[417, 334, 256, 196, 253, 172, 10]",0.0011038448718771383
NN4,8,T,0,42169650342.85822,"[417, 334, 380, 196, 253, 172, 10]",0.0009997581914843589
NN4,8,T,0,56234132519.034904,"[420, 503, 377, 267, 254, 171, 10]",0.0009151035284490005
NN4,8,T,0,74989420933.24557,"[424, 501, 501, 267, 334, 256, 10]",0.0008374575994571194
NN4,8,T,0,100000000000.0,"[424, 501, 501, 267, 334, 256, 10]",0.0007762032133162907
NN4,8,T,0,133352143216.3324,"[501, 501, 501, 392, 510, 255, 10]",0.0007281235150303813
NN4,8,T,0,177827941003.89227,"[501, 501, 501, 392, 510, 255, 10]",0.0006895610576039989
NN4,8,T,0,237137370566.16553,"[625, 576, 501, 399, 500, 500, 10]",0.0006552308349141889
NN4,8,T,0,316227766016.83795,"[625, 576, 501, 399, 500, 500, 10]",0.0006296387259687434
NN4,8,T,0,421696503428.5823,"[625, 667, 593, 392, 500, 500, 10]",0.0006076113056968018
NN4,8,T,0,562341325190.3491,"[625, 667, 593, 392, 500, 500, 10]",0.0005895669911818832
NN4,8,T,0,749894209332.4558,"[625, 667, 750, 392, 500, 500, 10]",0.0005746200556732364
NN4,8,T,0,1000000000000.0,"[625, 667, 750, 784, 594, 500, 10]",0.0005600414697187558
NN4,8,T,0,1333521432163.324,"[834, 833, 750, 784, 594, 500, 10]",0.000546978083126542
NN4,8,T,0,1778279410038.9229,"[834, 833, 750, 784, 1000, 500, 10]",0.0005368488707067941
NN4,8,T,0,2371373705661.6553,"[834, 833, 750, 784, 1000, 500, 10]",0.0005280261700004856
NN4,8,T,0,3162277660168.3794,"[834, 1000, 750, 784, 1000, 500, 10]",0.0005212499749215841
NN4,8,T,0,4216965034285.8223,"[834, 1000, 750, 784, 1000, 500, 10]",0.0005152552823331801
NN4,8,T,0,5623413251903.491,"[834, 1000, 750, 784, 1000, 500, 10]",0.0005107598970744077
NN4,8,T,0,7498942093324.559,"[834, 1000, 750, 784, 1000, 500, 10]",0.0005073888337001357
NN4,8,T,0,10000000000000.0,"[834, 1000, 750, 784, 1000, 500, 10]",0.0005048608927964766
NN4,8,T,0,1e+18,"[834, 1000, 750, 784, 1000, 500, 10]",0.0004972814229919325
NN4,8,T,0,435200000000.0,"[834, 833, 750, 392, 500, 500, 10]",0.000622411946251558
NN4,16,R,1,1000000000.0,"[625, 125, 125, 131, 125, 125, 10]",0.01890271672808392
NN4,16,R,1,1333521432.163324,"[625, 125, 125, 131, 125, 125, 10]",0.014662587222505052
NN4,16,R,1,1778279410.0389228,"[625, 125, 125, 131, 125, 125, 10]",0.011482938659451773
NN4,16,R,1,2371373705.6616554,"[625, 125, 125, 131, 125, 125, 10]",0.009098538614305852
NN4,16,R,1,3162277660.1683793,"[625, 125, 125, 131, 125, 125, 10]",0.007310490827718882
NN4,16,R,1,4216965034.2858224,"[500, 154, 150, 131, 125, 125, 10]",0.005769738459919541
NN4,16,R,1,5623413251.903491,"[510, 167, 167, 157, 167, 167, 10]",0.004712022574189673
NN4,16,R,1,7498942093.324558,"[510, 182, 167, 157, 167, 167, 10]",0.003934627561104318
NN4,16,R,1,10000000000.0,"[503, 223, 253, 157, 167, 167, 10]",0.0033382521963052202
NN4,16,R,1,13335214321.63324,"[501, 251, 251, 157, 167, 167, 10]",0.0028485089163334918
NN4,16,R,1,17782794100.38923,"[510, 334, 253, 196, 254, 167, 10]",0.0024500732746602083
NN4,16,R,1,23713737056.61655,"[510, 334, 253, 196, 254, 167, 10]",0.002142268054166887
NN4,16,R,1,31622776601.683792,"[510, 334, 384, 196, 250, 250, 10]",0.0019050499415570836
NN4,16,R,1,42169650342.85822,"[510, 334, 384, 267, 250, 250, 10]",0.0017104975841811965
NN4,16,R,1,56234132519.034904,"[519, 504, 379, 392, 334, 250, 10]",0.0015485446547208828
NN4,16,R,1,74989420933.24557,"[519, 504, 506, 392, 500, 250, 10]",0.0014173564396019892
NN4,16,R,1,100000000000.0,"[519, 504, 506, 392, 500, 250, 10]",0.0013124615264869404
NN4,16,R,1,133352143216.3324,"[519, 504, 506, 392, 500, 250, 10]",0.0012338014385535345
NN4,16,R,1,177827941003.89227,"[625, 504, 506, 392, 500, 250, 10]",0.0011728755370999208
NN4,16,R,1,237137370566.16553,"[708, 667, 507, 392, 500, 500, 10]",0.001114232145827154
NN4,16,R,1,316227766016.83795,"[708, 667, 750, 392, 500, 500, 10]",0.0010692012704708596
NN4,16,R,1,421696503428.5823,"[708, 667, 750, 392, 500, 500, 10]",0.0010288991900624345
NN4,16,R,1,562341325190.3491,"[708, 667, 750, 392, 500, 500, 10]",0.0009986768933401054
NN4,16,R,1,749894209332.4558,"[1000, 1000, 750, 784, 500, 500, 10]",0.0009534418448977844
NN4,16,R,1,1000000000000.0,"[1000, 1000, 750, 784, 500, 500, 10]",0.0009264834943080249
NN4,16,R,1,1333521432163.324,"[1000, 1000, 750, 784, 500, 500, 10]",0.0009062675833076101
NN4,16,R,1,1778279410038.9229,"[1000, 1000, 750, 784, 500, 500, 10]",0.0008911077887120187
NN4,16,R,1,2371373705661.6553,"[1000, 1000, 750, 784, 1000, 500, 10]",0.0008783247283747165
NN4,16,R,1,3162277660168.3794,"[1000, 1000, 750, 784, 1000, 500, 10]",0.0008685899335366162
NN4,16,R,1,4216965034285.8223,"[1000, 1000, 750, 784, 1000, 500, 10]",0.0008612898672584852
NN4,16,R,1,5623413251903.491,"[1000, 1000, 750, 784, 1000, 500, 10]",0.0008558155898287717
NN4,16,R,1,7498942093324.559,"[1000, 1000, 750, 784, 1000, 500, 10]",0.0008517104608839501
NN4,16,R,1,10000000000000.0,"[1000, 1000, 750, 784, 1000, 500, 10]",0.0008486320484596654
NN4,16,R,1,1e+18,"[1000, 1000, 750, 784, 1000, 500, 10]",0.0008394021119599534
NN4,16,R,1,435200000000.0,"[1000, 1000, 750, 392, 500, 500, 10]",0.001027328905658652
NN4,16,R,0,1000000000.0,"[625, 125, 125, 112, 112, 100, 10]",0.018874492038718188
NN4,16,R,0,1333521432.163324,"[625, 125, 125, 112, 112, 100, 10]",0.014656387849488667
NN4,16,R,0,1778279410.0389228,"[625, 125, 125, 112, 112, 100, 10]",0.011493255943624476
NN4,16,R,0,2371373705.6616554,"[625, 125, 125, 112, 112, 100, 10]",0.009121241644062186
NN4,16,R,0,3162277660.1683793,"[625, 125, 125, 112, 112, 100, 10]",0.007342481856366644
NN4,16,R,0,4216965034.2858224,"[625, 125, 125, 112, 112, 100, 10]",0.006008600191780327
NN4,16,R,0,5623413251.903491,"[625, 125, 125, 131, 125, 125, 10]",0.004975805116676241
NN4,16,R,0,7498942093.324558,"[500, 154, 150, 131, 125, 125, 10]",0.00401873388436411
NN4,16,R,0,10000000000.0,"[510, 167, 167, 157, 167, 167, 10]",0.003405505342123616
NN4,16,R,0,13335214321.63324,"[510, 182, 167, 157, 167, 167, 10]",0.00295885251325199
NN4,16,R,0,17782794100.38923,"[510, 182, 167, 157, 167, 167, 10]",0.0026183693074650237
NN4,16,R,0,23713737056.61655,"[510, 255, 256, 157, 167, 167, 10]",0.0023280611247025896
NN4,16,R,0,31622776601.683792,"[510, 334, 253, 196, 167, 167, 10]",0.0020664979377943613
NN4,16,R,0,42169650342.85822,"[510, 334, 253, 196, 254, 167, 10]",0.0018561840745787558
NN4,16,R,0,56234132519.034904,"[510, 334, 253, 196, 254, 167, 10]",0.001696913982040721
NN4,16,R,0,74989420933.24557,"[510, 334, 384, 267, 250, 250, 10]",0.0015578923700047785
NN4,16,R,0,100000000000.0,"[503, 504, 379, 265, 334, 250, 10]",0.001441862951445998
NN4,16,R,0,133352143216.3324,"[503, 504, 379, 392, 500, 250, 10]",0.0013404664429204972
NN4,16,R,0,177827941003.89227,"[503, 504, 506, 392, 500, 250, 10]",0.0012563970501644635
NN4,16,R,0,237137370566.16553,"[503, 504, 506, 392, 500, 250, 10]",0.0011917590124100523
NN4,16,R,0,316227766016.83795,"[625, 504, 506, 392, 500, 250, 10]",0.0011428716964211126
NN4,16,R,0,421696503428.5823,"[708, 667, 507, 392, 500, 500, 10]",0.0010959178086908429
NN4,16,R,0,562341325190.3491,"[708, 667, 507, 392, 500, 500, 10]",0.0010566500332943997
NN4,16,R,0,749894209332.4558,"[708, 667, 750, 392, 500, 500, 10]",0.0010213634132773828
NN4,16,R,0,1000000000000.0,"[708, 667, 750, 392, 500, 500, 10]",0.0009930258579661732
NN4,16,R,0,1333521432163.324,"[708, 667, 750, 784, 500, 500, 10]",0.0009703496706736417
NN4,16,R,0,1778279410038.9229,"[834, 1000, 750, 784, 500, 500, 10]",0.0009270302605347126
NN4,16,R,0,2371373705661.6553,"[834, 1000, 750, 784, 500, 500, 10]",0.0009066776001348618
NN4,16,R,0,3162277660168.3794,"[834, 1000, 750, 784, 500, 500, 10]",0.0008914152579565036
NN4,16,R,0,4216965034285.8223,"[834, 1000, 750, 784, 1000, 500, 10]",0.0008791574434388414
NN4,16,R,0,5623413251903.491,"[834, 1000, 750, 784, 1000, 500, 10]",0.0008692143817412273
NN4,16,R,0,7498942093324.559,"[834, 1000, 750, 784, 1000, 500, 10]",0.0008617581373511512
NN4,16,R,0,10000000000000.0,"[834, 1000, 750, 784, 1000, 500, 10]",0.0008561667428596655
NN4,16,R,0,1e+18,"[834, 1000, 750, 784, 1000, 500, 10]",0.0008394021873068975
NN4,16,R,0,435200000000.0,"[834, 833, 750, 392, 500, 500, 10]",0.001121840865703901
NN4,16,T,1,1000000000.0,"[1000, 1000, 784, 784, 1000, 500, 10]",0.015273450684840791
NN4,16,T,1,1333521432.163324,"[1000, 1000, 784, 784, 1000, 500, 10]",0.011670774811744758
NN4,16,T,1,1778279410.0389228,"[1000, 1000, 784, 784, 1000, 500, 10]",0.008969149036408296
NN4,16,T,1,2371373705.6616554,"[1000, 1000, 784, 784, 1000, 500, 10]",0.006943215511700174
NN4,16,T,1,3162277660.1683793,"[1000, 1000, 784, 784, 1000, 500, 10]",0.005423979693029064
NN4,16,T,1,4216965034.2858224,"[1000, 1000, 784, 784, 1000, 500, 10]",0.004284713549997144
NN4,16,T,1,5623413251.903491,"[1000, 1000, 784, 784, 1000, 500, 10]",0.0034303844664489865
NN4,16,T,1,7498942093.324558,"[1000, 1000, 784, 784, 1000, 500, 10]",0.0027897280338319195
NN4,16,T,1,10000000000.0,"[1000, 1000, 784, 784, 1000, 500, 10]",0.002309303484840792
NN4,16,T,1,13335214321.63324,"[1000, 1000, 784, 784, 1000, 500, 10]",0.001949035897531189
NN4,16,T,1,17782794100.38923,"[1000, 1000, 784, 784, 1000, 500, 10]",0.0016788733199975424
NN4,16,T,1,23713737056.61655,"[1000, 1000, 784, 784, 1000, 500, 10]",0.0014762799675267304
NN4,16,T,1,31622776601.683792,"[1000, 1000, 784, 784, 1000, 500, 10]",0.0013243563856596193
NN4,16,T,1,42169650342.85822,"[1000, 1000, 784, 784, 1000, 500, 10]",0.0012104297713564274
NN4,16,T,1,56234132519.034904,"[1000, 1000, 784, 784, 1000, 500, 10]",0.0011249968630016116
NN4,16,T,1,74989420933.24557,"[1000, 1000, 784, 784, 1000, 500, 10]",0.0010609312197399049
NN4,16,T,1,100000000000.0,"[1000, 1000, 784, 784, 1000, 500, 10]",0.001012888764840792
NN4,16,T,1,133352143216.3324,"[1000, 1000, 784, 784, 1000, 500, 10]",0.0009768620061098316
NN4,16,T,1,177827941003.89227,"[1000, 1000, 784, 784, 1000, 500, 10]",0.000949845748356467
NN4,16,T,1,237137370566.16553,"[1000, 1000, 784, 784, 1000, 500, 10]",0.0009295864131093858
NN4,16,T,1,316227766016.83795,"[1000, 1000, 784, 784, 1000, 500, 10]",0.0009143940549226747
NN4,16,T,1,421696503428.5823,"[1000, 1000, 784, 784, 1000, 500, 10]",0.0009030013934923555
NN4,16,T,1,562341325190.3491,"[1000, 1000, 784, 784, 1000, 500, 10]",0.000894458102656874
NN4,16,T,1,749894209332.4558,"[1000, 1000, 784, 784, 1000, 500, 10]",0.0008880515383307033
NN4,16,T,1,1000000000000.0,"[1000, 1000, 784, 784, 1000, 500, 10]",0.0008832472928407921
NN4,16,T,1,1333521432163.324,"[1000, 1000, 784, 784, 1000, 500, 10]",0.000879644616967696
NN4,16,T,1,1778279410038.9229,"[1000, 1000, 784, 784, 1000, 500, 10]",0.0008769429911923595
NN4,16,T,1,2371373705661.6553,"[1000, 1000, 784, 784, 1000, 500, 10]",0.0008749170576676514
NN4,16,T,1,3162277660168.3794,"[1000, 1000, 784, 784, 1000, 500, 10]",0.0008733978218489803
NN4,16,T,1,4216965034285.8223,"[1000, 1000, 784, 784, 1000, 500, 10]",0.0008722585557059484
NN4,16,T,1,5623413251903.491,"[1000, 1000, 784, 784, 1000, 500, 10]",0.0008714042266224002
NN4,16,T,1,7498942093324.559,"[1000, 1000, 784, 784, 1000, 500, 10]",0.0008707635701897832
NN4,16,T,1,10000000000000.0,"[1000, 1000, 784, 784, 1000, 500, 10]",0.000870283145640792
NN4,16,T,1,1e+18,"[1000, 1000, 784, 784, 1000, 500, 10]",0.0008688426992454001
NN4,16,T,1,435200000000.0,"[1000, 1000, 784, 784, 1000, 500, 10]",0.0009019415083702038
NN4,16,T,0,1000000000.0,"[84, 84, 84, 88, 125, 125, 10]",0.01795427296736108
NN4,16,T,0,1333521432.163324,"[84, 84, 84, 88, 125, 125, 10]",0.014234043370958651
NN4,16,T,0,1778279410.0389228,"[87, 87, 94, 98, 125, 125, 10]",0.011275632938324745
NN4,16,T,0,2371373705.6616554,"[87, 87, 94, 98, 125, 125, 10]",0.009185178320343771
NN4,16,T,0,3162277660.1683793,"[105, 106, 108, 112, 125, 125, 10]",0.007219940794412321
NN4,16,T,0,4216965034.2858224,"[125, 125, 125, 131, 125, 125, 10]",0.005768734943690309
NN4,16,T,0,5623413251.903491,"[167, 167, 167, 157, 167, 167, 10]",0.004587035351287472
NN4,16,T,0,7498942093.324558,"[183, 167, 167, 157, 167, 167, 10]",0.003910031883187853
NN4,16,T,0,10000000000.0,"[193, 182, 168, 157, 167, 167, 10]",0.00339017925812461
NN4,16,T,0,13335214321.63324,"[193, 182, 192, 157, 167, 167, 10]",0.0029929538847049504
NN4,16,T,0,17782794100.38923,"[260, 286, 258, 157, 167, 167, 10]",0.0026634078343127066
NN4,16,T,0,23713737056.61655,"[282, 334, 256, 196, 167, 167, 10]",0.002354254631678534
NN4,16,T,0,31622776601.683792,"[315, 334, 256, 196, 253, 172, 10]",0.0021046092542918835
NN4,16,T,0,42169650342.85822,"[359, 334, 380, 196, 252, 252, 10]",0.0019028803456750784
NN4,16,T,0,56234132519.034904,"[417, 334, 380, 267, 252, 252, 10]",0.001736959993181113
NN4,16,T,0,74989420933.24557,"[420, 503, 377, 267, 334, 256, 10]",0.0015979886822747077
NN4,16,T,0,100000000000.0,"[501, 501, 501, 392, 334, 256, 10]",0.001477500492479382
NN4,16,T,0,133352143216.3324,"[501, 501, 501, 392, 510, 255, 10]",0.0013745124036050006
NN4,16,T,0,177827941003.89227,"[501, 501, 501, 392, 510, 255, 10]",0.0012973874887522358
NN4,16,T,0,237137370566.16553,"[625, 576, 501, 399, 500, 500, 10]",0.0012282710668718218
NN4,16,T,0,316227766016.83795,"[625, 576, 501, 399, 500, 500, 10]",0.0011770868489809308
NN4,16,T,0,421696503428.5823,"[625, 667, 593, 392, 500, 500, 10]",0.0011292239257259169
NN4,16,T,0,562341325190.3491,"[625, 667, 750, 392, 500, 500, 10]",0.0010881769951613502
NN4,16,T,0,749894209332.4558,"[625, 667, 750, 392, 500, 500, 10]",0.0010541516577896141
NN4,16,T,0,1000000000000.0,"[625, 667, 750, 784, 594, 500, 10]",0.001026113751586936
NN4,16,T,0,1333521432163.324,"[834, 1000, 750, 784, 594, 500, 10]",0.0009783073041690058
NN4,16,T,0,1778279410038.9229,"[834, 1000, 750, 784, 594, 500, 10]",0.0009535228770031909
NN4,16,T,0,2371373705661.6553,"[834, 1000, 750, 784, 1000, 500, 10]",0.0009327680423827419
NN4,16,T,0,3162277660168.3794,"[834, 1000, 750, 784, 1000, 500, 10]",0.0009167799402910071
NN4,16,T,0,4216965034285.8223,"[834, 1000, 750, 784, 1000, 500, 10]",0.000904790555114199
NN4,16,T,0,5623413251903.491,"[834, 1000, 750, 784, 1000, 500, 10]",0.0008957997845966542
NN4,16,T,0,7498942093324.559,"[834, 1000, 750, 784, 1000, 500, 10]",0.0008890576578481105
NN4,16,T,0,10000000000000.0,"[834, 1000, 750, 784, 1000, 500, 10]",0.000884001776040792
NN4,16,T,0,1e+18,"[834, 1000, 750, 784, 1000, 500, 10]",0.000868842836431704
NN4,16,T,0,435200000000.0,"[1000, 1000, 750, 392, 500, 500, 10]",0.0011685026775978941
NN4,32,R,1,1000000000.0,"[625, 125, 125, 131, 125, 125, 10]",0.038119096740618454
NN4,32,R,1,1333521432.163324,"[625, 125, 125, 131, 125, 125, 10]",0.029638837729460726
NN4,32,R,1,1778279410.0389228,"[625, 125, 125, 131, 125, 125, 10]",0.023279540603354167
NN4,32,R,1,2371373705.6616554,"[625, 125, 125, 131, 125, 125, 10]",0.018510740513062326
NN4,32,R,1,3162277660.1683793,"[500, 154, 150, 131, 125, 125, 10]",0.014356018074673862
NN4,32,R,1,4216965034.2858224,"[500, 154, 167, 157, 167, 125, 10]",0.011613160881371286
NN4,32,R,1,5623413251.903491,"[510, 182, 167, 157, 167, 167, 10]",0.00953287236976785
NN4,32,R,1,7498942093.324558,"[503, 223, 167, 157, 167, 167, 10]",0.007936815859410098
NN4,32,R,1,10000000000.0,"[503, 252, 167, 157, 167, 167, 10]",0.006717793849109175
NN4,32,R,1,13335214321.63324,"[503, 252, 188, 157, 167, 167, 10]",0.0057836765161752525
NN4,32,R,1,17782794100.38923,"[510, 334, 307, 157, 208, 167, 10]",0.00503837242416707
NN4,32,R,1,23713737056.61655,"[510, 334, 307, 157, 255, 167, 10]",0.004413037535669336
NN4,32,R,1,31622776601.683792,"[510, 334, 384, 267, 254, 167, 10]",0.003925267541917048
NN4,32,R,1,42169650342.85822,"[519, 504, 379, 392, 334, 167, 10]",0.003497043687770188
NN4,32,R,1,56234132519.034904,"[519, 504, 379, 392, 334, 250, 10]",0.003156803277700829
NN4,32,R,1,74989420933.24557,"[519, 504, 379, 392, 500, 250, 10]",0.0028928437246184074
NN4,32,R,1,100000000000.0,"[519, 504, 506, 392, 500, 500, 10]",0.00268323525709661
NN4,32,R,1,133352143216.3324,"[519, 504, 506, 392, 500, 500, 10]",0.002517914257011733
NN4,32,R,1,177827941003.89227,"[519, 504, 506, 392, 500, 500, 10]",0.0023939409963670334
NN4,32,R,1,237137370566.16553,"[708, 667, 750, 392, 500, 500, 10]",0.002273295881486736
NN4,32,R,1,316227766016.83795,"[708, 667, 750, 392, 500, 500, 10]",0.0021658085055159264
NN4,32,R,1,421696503428.5823,"[708, 667, 750, 392, 500, 500, 10]",0.0020852043446990764
NN4,32,R,1,562341325190.3491,"[708, 667, 750, 784, 500, 500, 10]",0.002016937594107845
NN4,32,R,1,749894209332.4558,"[1000, 1000, 750, 784, 500, 500, 10]",0.0019210592328290893
NN4,32,R,1,1000000000000.0,"[1000, 1000, 750, 784, 500, 500, 10]",0.0018671425316495703
NN4,32,R,1,1333521432163.324,"[1000, 1000, 750, 784, 500, 500, 10]",0.0018267107096487406
NN4,32,R,1,1778279410038.9229,"[1000, 1000, 750, 784, 1000, 500, 10]",0.0017946788833032316
NN4,32,R,1,2371373705661.6553,"[1000, 1000, 750, 784, 1000, 500, 10]",0.001768715768194592
NN4,32,R,1,3162277660168.3794,"[1000, 1000, 750, 784, 1000, 500, 10]",0.0017492461785183913
NN4,32,R,1,4216965034285.8223,"[1000, 1000, 750, 784, 1000, 500, 10]",0.0017346460459621293
NN4,32,R,1,5623413251903.491,"[1000, 1000, 750, 784, 1000, 500, 10]",0.0017236974911027023
NN4,32,R,1,7498942093324.559,"[1000, 1000, 750, 784, 1000, 500, 10]",0.0017154872332130592
NN4,32,R,1,10000000000000.0,"[1000, 1000, 750, 784, 1000, 500, 10]",0.0017093304083644898
NN4,32,R,1,1e+18,"[1000, 1000, 750, 784, 1000, 500, 10]",0.0016908705353650658
NN4,32,R,1,435200000000.0,"[1000, 1000, 750, 784, 500, 500, 10]",0.002076942475178982
NN4,32,R,0,1000000000.0,"[625, 118, 116, 112, 125, 125, 10]",0.03842329063420718
NN4,32,R,0,1333521432.163324,"[625, 118, 116, 112, 125, 125, 10]",0.029895907690395032
NN4,32,R,0,1778279410.0389228,"[625, 118, 116, 112, 125, 125, 10]",0.023501272600069952
NN4,32,R,0,2371373705.6616554,"[625, 125, 125, 131, 125, 125, 10]",0.01856601311715972
NN4,32,R,0,3162277660.1683793,"[625, 125, 125, 131, 125, 125, 10]",0.014976093545635744
NN4,32,R,0,4216965034.2858224,"[625, 125, 125, 131, 125, 125, 10]",0.012284033646980667
NN4,32,R,0,5623413251.903491,"[500, 154, 150, 131, 125, 125, 10]",0.009686013816035437
NN4,32,R,0,7498942093.324558,"[500, 154, 167, 157, 167, 125, 10]",0.008114152256767171
NN4,32,R,0,10000000000.0,"[510, 167, 167, 157, 167, 167, 10]",0.006929547404159487
NN4,32,R,0,13335214321.63324,"[503, 223, 167, 157, 167, 167, 10]",0.006006609546496245
NN4,32,R,0,17782794100.38923,"[503, 223, 167, 157, 167, 167, 10]",0.005276258329926934
NN4,32,R,0,23713737056.61655,"[503, 252, 167, 157, 167, 167, 10]",0.004707942488196572
NN4,32,R,0,31622776601.683792,"[503, 252, 303, 157, 167, 167, 10]",0.004255951203135505
NN4,32,R,0,42169650342.85822,"[510, 334, 307, 157, 255, 167, 10]",0.0038444378800831106
NN4,32,R,0,56234132519.034904,"[510, 334, 308, 267, 254, 167, 10]",0.003509805864793246
NN4,32,R,0,74989420933.24557,"[503, 504, 379, 267, 254, 167, 10]",0.0032063640225014423
NN4,32,R,0,100000000000.0,"[503, 504, 379, 392, 334, 250, 10]",0.0029467113236674954
NN4,32,R,0,133352143216.3324,"[503, 504, 379, 392, 500, 250, 10]",0.002737951940916083
NN4,32,R,0,177827941003.89227,"[503, 504, 506, 392, 500, 250, 10]",0.002572596811757791
NN4,32,R,0,237137370566.16553,"[503, 504, 506, 392, 500, 500, 10]",0.0024368031361290923
NN4,32,R,0,316227766016.83795,"[503, 504, 506, 392, 500, 500, 10]",0.002333116236504676
NN4,32,R,0,421696503428.5823,"[625, 504, 506, 392, 500, 500, 10]",0.0022536395664003936
NN4,32,R,0,562341325190.3491,"[708, 667, 750, 392, 500, 500, 10]",0.002145710265814196
NN4,32,R,0,749894209332.4558,"[708, 667, 750, 392, 500, 500, 10]",0.002070132791128973
NN4,32,R,0,1000000000000.0,"[708, 667, 750, 784, 500, 500, 10]",0.0020086760590260315
NN4,32,R,0,1333521432163.324,"[708, 667, 750, 784, 500, 500, 10]",0.001959307920789281
NN4,32,R,0,1778279410038.9229,"[834, 1000, 750, 784, 500, 500, 10]",0.0018682360641029457
NN4,32,R,0,2371373705661.6553,"[834, 1000, 750, 784, 500, 500, 10]",0.001827530743303244
NN4,32,R,0,3162277660168.3794,"[834, 1000, 750, 784, 1000, 500, 10]",0.001796899770073023
NN4,32,R,0,4216965034285.8223,"[834, 1000, 750, 784, 1000, 500, 10]",0.0017703811983228418
NN4,32,R,0,5623413251903.491,"[834, 1000, 750, 784, 1000, 500, 10]",0.0017504950749276135
NN4,32,R,0,7498942093324.559,"[834, 1000, 750, 784, 1000, 500, 10]",0.0017355825861474614
NN4,32,R,0,10000000000000.0,"[834, 1000, 750, 784, 1000, 500, 10]",0.00172439979716449
NN4,32,R,0,1e+18,"[834, 1000, 750, 784, 1000, 500, 10]",0.001690870686058954
NN4,32,R,0,435200000000.0,"[834, 833, 750, 392, 500, 500, 10]",0.002271187592267426
NN4,32,T,1,1000000000.0,"[1000, 1000, 784, 784, 1000, 500, 10]",0.030566336545691724
NN4,32,T,1,1333521432.163324,"[1000, 1000, 784, 784, 1000, 500, 10]",0.02336098479949966
NN4,32,T,1,1778279410.0389228,"[1000, 1000, 784, 784, 1000, 500, 10]",0.017957733248826734
NN4,32,T,1,2371373705.6616554,"[1000, 1000, 784, 784, 1000, 500, 10]",0.01390586619941049
NN4,32,T,1,3162277660.1683793,"[1000, 1000, 784, 784, 1000, 500, 10]",0.010867394562068268
NN4,32,T,1,4216965034.2858224,"[1000, 1000, 784, 784, 1000, 500, 10]",0.008588862276004429
NN4,32,T,1,5623413251.903491,"[1000, 1000, 784, 784, 1000, 500, 10]",0.006880204108908113
NN4,32,T,1,7498942093.324558,"[1000, 1000, 784, 784, 1000, 500, 10]",0.0055988912436739785
NN4,32,T,1,10000000000.0,"[1000, 1000, 784, 784, 1000, 500, 10]",0.004638042145691724
NN4,32,T,1,13335214321.63324,"[1000, 1000, 784, 784, 1000, 500, 10]",0.003917506971072518
NN4,32,T,1,17782794100.38923,"[1000, 1000, 784, 784, 1000, 500, 10]",0.0033771818160052243
NN4,32,T,1,23713737056.61655,"[1000, 1000, 784, 784, 1000, 500, 10]",0.002971995111063601
NN4,32,T,1,31622776601.683792,"[1000, 1000, 784, 784, 1000, 500, 10]",0.002668147947329378
NN4,32,T,1,42169650342.85822,"[1000, 1000, 784, 784, 1000, 500, 10]",0.0024402947187229943
NN4,32,T,1,56234132519.034904,"[1000, 1000, 784, 784, 1000, 500, 10]",0.002269428902013363
NN4,32,T,1,74989420933.24557,"[1000, 1000, 784, 784, 1000, 500, 10]",0.0021412976154899493
NN4,32,T,1,100000000000.0,"[1000, 1000, 784, 784, 1000, 500, 10]",0.002045212705691724
NN4,32,T,1,133352143216.3324,"[1000, 1000, 784, 784, 1000, 500, 10]",0.001973159188229803
NN4,32,T,1,177827941003.89227,"[1000, 1000, 784, 784, 1000, 500, 10]",0.001919126672723074
NN4,32,T,1,237137370566.16553,"[1000, 1000, 784, 784, 1000, 500, 10]",0.0018786080022289114
NN4,32,T,1,316227766016.83795,"[1000, 1000, 784, 784, 1000, 500, 10]",0.0018482232858554892
NN4,32,T,1,421696503428.5823,"[1000, 1000, 784, 784, 1000, 500, 10]",0.0018254379629948508
NN4,32,T,1,562341325190.3491,"[1000, 1000, 784, 784, 1000, 500, 10]",0.0018083513813238878
NN4,32,T,1,749894209332.4558,"[1000, 1000, 784, 784, 1000, 500, 10]",0.0017955382526715464
NN4,32,T,1,1000000000000.0,"[1000, 1000, 784, 784, 1000, 500, 10]",0.001785929761691724
NN4,32,T,1,1333521432163.324,"[1000, 1000, 784, 784, 1000, 500, 10]",0.0017787244099455317
NN4,32,T,1,1778279410038.9229,"[1000, 1000, 784, 784, 1000, 500, 10]",0.0017733211583948589
NN4,32,T,1,2371373705661.6553,"[1000, 1000, 784, 784, 1000, 500, 10]",0.0017692692913454425
NN4,32,T,1,3162277660168.3794,"[1000, 1000, 784, 784, 1000, 500, 10]",0.0017662308197081004
NN4,32,T,1,4216965034285.8223,"[1000, 1000, 784, 784, 1000, 500, 10]",0.0017639522874220365
NN4,32,T,1,5623413251903.491,"[1000, 1000, 784, 784, 1000, 500, 10]",0.0017622436292549402
NN4,32,T,1,7498942093324.559,"[1000, 1000, 784, 784, 1000, 500, 10]",0.0017609623163897061
NN4,32,T,1,10000000000000.0,"[1000, 1000, 784, 784, 1000, 500, 10]",0.0017600014672917237
NN4,32,T,1,1e+18,"[1000, 1000, 784, 784, 1000, 500, 10]",0.00175712057450094
NN4,32,T,1,435200000000.0,"[1000, 1000, 784, 784, 1000, 500, 10]",0.0018233181927505473
NN5,1,R,1,1000000000.0,"[667, 100, 138, 10]",0.0014620735814728503
NN5,1,R,1,1333521432.163324,"[667, 100, 143, 10]",0.0011684586124147314
NN5,1,R,1,1778279410.0389228,"[667, 100, 174, 10]",0.0009462733385659685
NN5,1,R,1,2371373705.6616554,"[586, 167, 236, 10]",0.000701752606679307
NN5,1,R,1,3162277660.1683793,"[586, 168, 286, 10]",0.0005732950988717141
NN5,1,R,1,4216965034.2858224,"[586, 170, 334, 10]",0.00047597579948440994
NN5,1,R,1,5623413251.903491,"[586, 169, 364, 10]",0.00040208787089108654
NN5,1,R,1,7498942093.324558,"[586, 170, 445, 10]",0.0003454322457960822
NN5,1,R,1,10000000000.0,"[575, 250, 500, 10]",0.0003000540070352601
NN5,1,R,1,13335214321.63324,"[575, 250, 572, 10]",0.00026383752366694813
NN5,1,R,1,17782794100.38923,"[575, 250, 572, 10]",0.0002364614044437223
NN5,1,R,1,23713737056.61655,"[575, 250, 572, 10]",0.0002159322111642304
NN5,1,R,1,31622776601.683792,"[586, 334, 667, 10]",0.00019811044961343468
NN5,1,R,1,42169650342.85822,"[586, 334, 667, 10]",0.0001838968931938871
NN5,1,R,1,56234132519.034904,"[590, 508, 667, 10]",0.00017312934231725966
NN5,1,R,1,74989420933.24557,"[590, 508, 667, 10]",0.00016393258419140347
NN5,1,R,1,100000000000.0,"[590, 508, 667, 10]",0.00015703598852819268
NN5,1,R,1,133352143216.3324,"[667, 665, 667, 10]",0.00015069556865054777
NN5,1,R,1,177827941003.89227,"[667, 500, 667, 10]",0.00014601048770248782
NN5,1,R,1,237137370566.16553,"[667, 500, 667, 10]",0.00014244040455323008
NN5,1,R,1,316227766016.83795,"[667, 666, 1000, 10]",0.00013906295096880684
NN5,1,R,1,421696503428.5823,"[1000, 1000, 1000, 10]",0.00013377027263434768
NN5,1,R,1,562341325190.3491,"[1000, 1000, 1000, 10]",0.0001313794098888508
NN5,1,R,1,749894209332.4558,"[1000, 1000, 1000, 10]",0.00012958651576069398
NN5,1,R,1,1000000000000.0,"[1000, 1000, 1000, 10]",0.000128242034836043
NN5,1,R,1,1333521432163.324,"[1000, 1000, 1000, 10]",0.0001272338163760893
NN5,1,R,1,1778279410038.9229,"[1000, 1000, 1000, 10]",0.00012647775919122793
NN5,1,R,1,2371373705661.6553,"[1000, 1000, 1000, 10]",0.00012591079628637618
NN5,1,R,1,3162277660168.3794,"[1000, 1000, 1000, 10]",0.00012548563408712156
NN5,1,R,1,4216965034285.8223,"[1000, 1000, 1000, 10]",0.00012516680741587346
NN5,1,R,1,5623413251903.491,"[1000, 1000, 1000, 10]",0.00012492772114132379
NN5,1,R,1,7498942093324.559,"[1000, 1000, 1000, 10]",0.0001247484317285081
NN5,1,R,1,10000000000000.0,"[1000, 1000, 1000, 10]",0.000124613983636043
NN5,1,R,1,1e+18,"[1000, 1000, 1000, 10]",0.000124210870867211
NN5,1,R,1,435200000000.0,"[1000, 1000, 1000, 10]",0.00013347366095369005
NN5,1,R,0,1000000000.0,"[1000, 50, 50, 10]",0.0016223923532858455
NN5,1,R,0,1333521432.163324,"[667, 100, 100, 10]",0.001179304097272347
NN5,1,R,0,1778279410.0389228,"[667, 100, 138, 10]",0.0009628518622540408
NN5,1,R,0,2371373705.6616554,"[667, 100, 143, 10]",0.0007943523228452762
NN5,1,R,0,3162277660.1683793,"[667, 100, 174, 10]",0.0006669667515288839
NN5,1,R,0,4216965034.2858224,"[586, 167, 236, 10]",0.0004922941323226201
NN5,1,R,0,5623413251.903491,"[586, 168, 286, 10]",0.0004169753469092612
NN5,1,R,0,7498942093.324558,"[586, 168, 286, 10]",0.00035966632452488767
NN5,1,R,0,10000000000.0,"[586, 169, 364, 10]",0.000314850443728119
NN5,1,R,0,13335214321.63324,"[586, 170, 445, 10]",0.0002805629731451767
NN5,1,R,0,17782794100.38923,"[586, 170, 445, 10]",0.00025393034356315165
NN5,1,R,0,23713737056.61655,"[575, 250, 572, 10]",0.00022898118776632444
NN5,1,R,0,31622776601.683792,"[575, 250, 572, 10]",0.00021032283999329764
NN5,1,R,0,42169650342.85822,"[575, 250, 572, 10]",0.00019633105304259373
NN5,1,R,0,56234132519.034904,"[586, 334, 572, 10]",0.00018460084459151707
NN5,1,R,0,74989420933.24557,"[586, 334, 667, 10]",0.0001738704693297298
NN5,1,R,0,100000000000.0,"[586, 334, 667, 10]",0.00016571947234480389
NN5,1,R,0,133352143216.3324,"[590, 508, 667, 10]",0.00015874340970783996
NN5,1,R,0,177827941003.89227,"[590, 508, 667, 10]",0.00015314465663175266
NN5,1,R,0,237137370566.16553,"[667, 666, 667, 10]",0.0001481506324236288
NN5,1,R,0,316227766016.83795,"[667, 500, 667, 10]",0.00014415215768642467
NN5,1,R,0,421696503428.5823,"[667, 500, 667, 10]",0.00014104685363515565
NN5,1,R,0,562341325190.3491,"[667, 666, 1000, 10]",0.00013826971845795266
NN5,1,R,0,749894209332.4558,"[667, 666, 1000, 10]",0.00013595407359291996
NN5,1,R,0,1000000000000.0,"[1000, 1000, 1000, 10]",0.000131122354836043
NN5,1,R,0,1333521432163.324,"[1000, 1000, 1000, 10]",0.00012939375166511375
NN5,1,R,0,1778279410038.9229,"[1000, 1000, 1000, 10]",0.0001280974821570002
NN5,1,R,0,2371373705661.6553,"[1000, 1000, 1000, 10]",0.0001271254171591316
NN5,1,R,0,3162277660168.3794,"[1000, 1000, 1000, 10]",0.0001263964712461352
NN5,1,R,0,4216965034285.8223,"[1000, 1000, 1000, 10]",0.00012584983892706262
NN5,1,R,0,5623413251903.491,"[1000, 1000, 1000, 10]",0.00012543992251635611
NN5,1,R,0,7498942093324.559,"[1000, 1000, 1000, 10]",0.00012513252857365695
NN5,1,R,0,10000000000000.0,"[1000, 1000, 1000, 10]",0.000124902015636043
NN5,1,R,0,1e+18,"[1000, 1000, 1000, 10]",0.000124210873747531
NN5,1,R,0,435200000000.0,"[1000, 1000, 1000, 10]",0.00014009204330663123
NN4,32,T,0,1000000000.0,"[84, 84, 84, 88, 125, 125, 10]",0.036224145134558766
NN4,32,T,0,1333521432.163324,"[84, 84, 84, 88, 125, 125, 10]",0.028783685941753907
NN4,32,T,0,1778279410.0389228,"[84, 84, 84, 88, 125, 125, 10]",0.02320412867829511
NN4,32,T,0,2371373705.6616554,"[120, 118, 116, 112, 125, 125, 10]",0.017401369212097104
NN4,32,T,0,3162277660.1683793,"[120, 118, 116, 112, 125, 125, 10]",0.014319265579962595
NN4,32,T,0,4216965034.2858224,"[157, 154, 150, 131, 125, 125, 10]",0.011172650804998768
NN4,32,T,0,5623413251.903491,"[157, 154, 150, 131, 125, 125, 10]",0.009430832498596468
NN4,32,T,0,7498942093.324558,"[167, 167, 167, 157, 167, 167, 10]",0.007893221428704593
NN4,32,T,0,10000000000.0,"[209, 183, 167, 157, 167, 167, 10]",0.006864076952673514
NN4,32,T,0,13335214321.63324,"[209, 235, 167, 157, 167, 167, 10]",0.0060462689203718365
NN4,32,T,0,17782794100.38923,"[209, 259, 192, 157, 167, 167, 10]",0.005367669509206726
NN4,32,T,0,23713737056.61655,"[361, 286, 310, 157, 167, 167, 10]",0.004820698316542263
NN4,32,T,0,31622776601.683792,"[359, 334, 308, 157, 261, 167, 10]",0.0043049657930624985
NN4,32,T,0,42169650342.85822,"[359, 334, 385, 263, 261, 167, 10]",0.0039050216681473632
NN4,32,T,0,56234132519.034904,"[359, 512, 385, 263, 261, 167, 10]",0.0035606927248103006
NN4,32,T,0,74989420933.24557,"[501, 501, 376, 392, 334, 256, 10]",0.0032307457605896383
NN4,32,T,0,100000000000.0,"[501, 501, 376, 392, 510, 255, 10]",0.002977555212673978
NN4,32,T,0,133352143216.3324,"[501, 501, 501, 399, 500, 500, 10]",0.002763761613859739
NN4,32,T,0,177827941003.89227,"[501, 501, 501, 399, 500, 500, 10]",0.0026027651138007726
NN4,32,T,0,237137370566.16553,"[501, 501, 501, 399, 500, 500, 10]",0.0024820347706837613
NN4,32,T,0,316227766016.83795,"[501, 501, 501, 399, 500, 500, 10]",0.002391499785489594
NN4,32,T,0,421696503428.5823,"[501, 501, 501, 399, 500, 500, 10]",0.0023236081243504887
NN4,32,T,0,562341325190.3491,"[625, 667, 750, 392, 500, 500, 10]",0.0022034511739472324
NN4,32,T,0,749894209332.4558,"[625, 667, 750, 784, 594, 500, 10]",0.002131537796755231
NN4,32,T,0,1000000000000.0,"[625, 667, 750, 784, 594, 500, 10]",0.0020718328045455296
NN4,32,T,0,1333521432163.324,"[834, 1000, 750, 784, 594, 500, 10]",0.0019781228496422647
NN4,32,T,0,1778279410038.9229,"[834, 1000, 750, 784, 1000, 500, 10]",0.0019276122143735111
NN4,32,T,0,2371373705661.6553,"[834, 1000, 750, 784, 1000, 500, 10]",0.0018849712607756236
NN4,32,T,0,3162277660168.3794,"[834, 1000, 750, 784, 1000, 500, 10]",0.001852995056592154
NN4,32,T,0,4216965034285.8223,"[834, 1000, 750, 784, 1000, 500, 10]",0.0018290162862385378
NN4,32,T,0,5623413251903.491,"[834, 1000, 750, 784, 1000, 500, 10]",0.0018110347452034482
NN4,32,T,0,7498942093324.559,"[834, 1000, 750, 784, 1000, 500, 10]",0.0017975504917063607
NN4,32,T,0,10000000000000.0,"[834, 1000, 750, 784, 1000, 500, 10]",0.0017874387280917238
NN4,32,T,0,1e+18,"[834, 1000, 750, 784, 1000, 500, 10]",0.0017571208488735479
NN4,32,T,0,435200000000.0,"[1000, 1000, 750, 392, 500, 500, 10]",0.0023660054787529154
NN5,1,T,1,1000000000.0,"[1000, 1000, 1000, 10]",0.0010216663018184219
NN5,1,T,1,1333521432.163324,"[1000, 1000, 1000, 10]",0.0007976355404627133
NN5,1,T,1,1778279410.0389228,"[1000, 1000, 1000, 10]",0.000629636169809726
NN5,1,T,1,2371373705.6616554,"[1000, 1000, 1000, 10]",0.0005036544145855539
NN5,1,T,1,3162277660.1683793,"[1000, 1000, 1000, 10]",0.00040918142586140847
NN5,1,T,1,4216965034.2858224,"[1000, 1000, 1000, 10]",0.0003383366786788414
NN5,1,T,1,5623413251.903491,"[1000, 1000, 1000, 10]",0.00028521061300501246
NN5,1,T,1,7498942093.324558,"[1000, 1000, 1000, 10]",0.0002453716839915924
NN5,1,T,1,10000000000.0,"[1000, 1000, 1000, 10]",0.00021549670181842198
NN5,1,T,1,13335214321.63324,"[1000, 1000, 1000, 10]",0.0001930936256828511
NN5,1,T,1,17782794100.38923,"[1000, 1000, 1000, 10]",0.00017629368861755236
NN5,1,T,1,23713737056.61655,"[1000, 1000, 1000, 10]",0.00016369551309513517
NN5,1,T,1,31622776601.683792,"[1000, 1000, 1000, 10]",0.00015424821422272062
NN5,1,T,1,42169650342.85822,"[1000, 1000, 1000, 10]",0.00014716373950446392
NN5,1,T,1,56234132519.034904,"[1000, 1000, 1000, 10]",0.00014185113293708102
NN5,1,T,1,74989420933.24557,"[1000, 1000, 1000, 10]",0.00013786724003573902
NN5,1,T,1,100000000000.0,"[1000, 1000, 1000, 10]",0.00013487974181842198
NN5,1,T,1,133352143216.3324,"[1000, 1000, 1000, 10]",0.0001326394342048649
NN5,1,T,1,177827941003.89227,"[1000, 1000, 1000, 10]",0.000130959440498335
NN5,1,T,1,237137370566.16553,"[1000, 1000, 1000, 10]",0.0001296996229460933
NN5,1,T,1,316227766016.83795,"[1000, 1000, 1000, 10]",0.00012875489305885183
NN5,1,T,1,421696503428.5823,"[1000, 1000, 1000, 10]",0.00012804644558702617
NN5,1,T,1,562341325190.3491,"[1000, 1000, 1000, 10]",0.00012751518493028788
NN5,1,T,1,749894209332.4558,"[1000, 1000, 1000, 10]",0.00012711679564015368
NN5,1,T,1,1000000000000.0,"[1000, 1000, 1000, 10]",0.00012681804581842198
NN5,1,T,1,1333521432163.324,"[1000, 1000, 1000, 10]",0.00012659401505706627
NN5,1,T,1,1778279410038.9229,"[1000, 1000, 1000, 10]",0.00012642601568641328
NN5,1,T,1,2371373705661.6553,"[1000, 1000, 1000, 10]",0.0001263000339311891
NN5,1,T,1,3162277660168.3794,"[1000, 1000, 1000, 10]",0.00012620556094246495
NN5,1,T,1,4216965034285.8223,"[1000, 1000, 1000, 10]",0.00012613471619528238
NN5,1,T,1,5623413251903.491,"[1000, 1000, 1000, 10]",0.00012608159012960857
NN5,1,T,1,7498942093324.559,"[1000, 1000, 1000, 10]",0.00012604175120059513
NN5,1,T,1,10000000000000.0,"[1000, 1000, 1000, 10]",0.00012601187621842197
NN5,1,T,1,1e+18,"[1000, 1000, 1000, 10]",0.00012592230271416598
NN5,1,T,1,435200000000.0,"[1000, 1000, 1000, 10]",0.00012798053711253962
NN5,1,T,0,1000000000.0,"[143, 91, 91, 10]",0.0013610262103104574
NN5,1,T,0,1333521432.163324,"[214, 167, 183, 10]",0.0009793992170702365
NN5,1,T,0,1778279410.0389228,"[236, 167, 183, 10]",0.0007983928007907909
NN5,1,T,0,2371373705.6616554,"[287, 167, 236, 10]",0.0006581099601705202
NN5,1,T,0,3162277660.1683793,"[364, 167, 236, 10]",0.0005508626239596381
NN5,1,T,0,4216965034.2858224,"[364, 167, 287, 10]",0.00046766592756216935
NN5,1,T,0,5623413251.903491,"[445, 168, 286, 10]",0.00040319255389966986
NN5,1,T,0,7498942093.324558,"[512, 169, 336, 10]",0.0003521891158299552
NN5,1,T,0,10000000000.0,"[586, 170, 364, 10]",0.00031224818045177
NN5,1,T,0,13335214321.63324,"[586, 170, 445, 10]",0.0002813290237852545
NN5,1,T,0,17782794100.38923,"[572, 251, 572, 10]",0.0002518058837437227
NN5,1,T,0,23713737056.61655,"[572, 251, 572, 10]",0.0002299594448183673
NN5,1,T,0,31622776601.683792,"[572, 251, 572, 10]",0.00021357692677370809
NN5,1,T,0,42169650342.85822,"[586, 334, 586, 10]",0.0002000381281833401
NN5,1,T,0,56234132519.034904,"[667, 334, 586, 10]",0.0001882731162569005
NN5,1,T,0,74989420933.24557,"[667, 334, 586, 10]",0.00017782029328669818
NN5,1,T,0,100000000000.0,"[667, 334, 586, 10]",0.0001699817818701662
NN5,1,T,0,133352143216.3324,"[667, 509, 585, 10]",0.0001628293283894473
NN5,1,T,0,177827941003.89227,"[667, 666, 667, 10]",0.00015616588638840356
NN5,1,T,0,237137370566.16553,"[667, 666, 667, 10]",0.00015114297688523085
NN5,1,T,0,316227766016.83795,"[667, 666, 667, 10]",0.0001473763261348007
NN5,1,T,0,421696503428.5823,"[1000, 666, 667, 10]",0.0001437587952694269
NN5,1,T,0,562341325190.3491,"[1000, 666, 667, 10]",0.00014045981994154322
NN5,1,T,0,749894209332.4558,"[1000, 666, 667, 10]",0.0001379859374464326
NN5,1,T,0,1000000000000.0,"[1000, 1000, 1000, 10]",0.00013264198181842197
NN5,1,T,0,1333521432163.324,"[1000, 1000, 1000, 10]",0.0001309613509389891
NN5,1,T,0,1778279410038.9229,"[1000, 1000, 1000, 10]",0.00012970105557447706
NN5,1,T,0,2371373705661.6553,"[1000, 1000, 1000, 10]",0.00012875596737858095
NN5,1,T,0,3162277660168.3794,"[1000, 1000, 1000, 10]",0.00012804725121317
NN5,1,T,0,4216965034285.8223,"[1000, 1000, 1000, 10]",0.00012751578906466802
NN5,1,T,0,5623413251903.491,"[1000, 1000, 1000, 10]",0.00012711724867702702
NN5,1,T,0,7498942093324.559,"[1000, 1000, 1000, 10]",0.0001268183855481499
NN5,1,T,0,10000000000000.0,"[1000, 1000, 1000, 10]",0.00012659426981842197
NN5,1,T,0,1e+18,"[1000, 1000, 1000, 10]",0.00012592230853810196
NN5,1,T,0,435200000000.0,"[1000, 1000, 1000, 10]",0.00014136274299489257
NN5,8,R,1,1000000000.0,"[1000, 50, 50, 10]",0.010855570612908108
NN5,8,R,1,1333521432.163324,"[1000, 50, 50, 10]",0.008576718695739664
NN5,8,R,1,1778279410.0389228,"[667, 100, 100, 10]",0.006272077181990602
NN5,8,R,1,2371373705.6616554,"[667, 100, 138, 10]",0.0049563581121151445
NN5,8,R,1,3162277660.1683793,"[667, 100, 160, 10]",0.0039653481323809175
NN5,8,R,1,4216965034.2858224,"[667, 100, 160, 10]",0.003214827101068144
NN5,8,R,1,5623413251.903491,"[572, 174, 223, 10]",0.0024622220167187727
NN5,8,R,1,7498942093.324558,"[512, 170, 308, 10]",0.0020230743508715936
NN5,8,R,1,10000000000.0,"[586, 170, 308, 10]",0.0016956479673678887
NN5,8,R,1,13335214321.63324,"[586, 169, 364, 10]",0.0014490591452764848
NN5,8,R,1,17782794100.38923,"[575, 250, 500, 10]",0.0012463616860963274
NN5,8,R,1,23713737056.61655,"[575, 250, 500, 10]",0.0010855126168512672
NN5,8,R,1,31622776601.683792,"[575, 250, 500, 10]",0.0009648928312478813
NN5,8,R,1,42169650342.85822,"[575, 250, 500, 10]",0.0008744407524929797
NN5,8,R,1,56234132519.034904,"[586, 334, 500, 10]",0.000800781633381701
NN5,8,R,1,74989420933.24557,"[586, 334, 500, 10]",0.0007447620533267843
NN5,8,R,1,100000000000.0,"[586, 334, 667, 10]",0.0006975341410940376
NN5,8,R,1,133352143216.3324,"[667, 334, 667, 10]",0.0006601301344954839
NN5,8,R,1,177827941003.89227,"[667, 666, 667, 10]",0.000623668510938827
NN5,8,R,1,237137370566.16553,"[667, 666, 667, 10]",0.0005959056317806484
NN5,8,R,1,316227766016.83795,"[667, 666, 667, 10]",0.0005750864094655335
NN5,8,R,1,421696503428.5823,"[667, 666, 1000, 10]",0.0005575182161091401
NN5,8,R,1,562341325190.3491,"[667, 666, 1000, 10]",0.0005424361223462246
NN5,8,R,1,749894209332.4558,"[1000, 1000, 1000, 10]",0.000504638327440071
NN5,8,R,1,1000000000000.0,"[1000, 1000, 1000, 10]",0.0004938824800428633
NN5,8,R,1,1333521432163.324,"[1000, 1000, 1000, 10]",0.0004858167323632336
NN5,8,R,1,1778279410038.9229,"[1000, 1000, 1000, 10]",0.0004797682748843427
NN5,8,R,1,2371373705661.6553,"[1000, 1000, 1000, 10]",0.0004752325716455288
NN5,8,R,1,3162277660168.3794,"[1000, 1000, 1000, 10]",0.00047183127405149176
NN5,8,R,1,4216965034285.8223,"[1000, 1000, 1000, 10]",0.000469280660681507
NN5,8,R,1,5623413251903.491,"[1000, 1000, 1000, 10]",0.0004673679704851095
NN5,8,R,1,7498942093324.559,"[1000, 1000, 1000, 10]",0.00046593365518258405
NN5,8,R,1,10000000000000.0,"[1000, 1000, 1000, 10]",0.00046485807044286325
NN5,8,R,1,1e+18,"[1000, 1000, 1000, 10]",0.00046163316829220724
NN5,8,R,1,435200000000.0,"[1000, 1000, 1000, 10]",0.0005357354889840397
NN5,8,R,0,1000000000.0,"[1000, 50, 50, 10]",0.010857618612908107
NN5,8,R,0,1333521432.163324,"[1000, 50, 50, 10]",0.008578254479080376
NN5,8,R,0,1778279410.0389228,"[1000, 50, 50, 10]",0.006868972514162873
NN5,8,R,0,2371373705.6616554,"[1000, 50, 52, 10]",0.005585192940131057
NN5,8,R,0,3162277660.1683793,"[1000, 50, 69, 10]",0.004610643072258383
NN5,8,R,0,4216965034.2858224,"[667, 100, 138, 10]",0.003272197684673725
NN5,8,R,0,5623413251.903491,"[667, 100, 138, 10]",0.0027048920779755422
NN5,8,R,0,7498942093.324558,"[667, 100, 160, 10]",0.0022706594075795686
NN5,8,R,0,10000000000.0,"[572, 174, 223, 10]",0.0017554477312180217
NN5,8,R,0,13335214321.63324,"[512, 170, 308, 10]",0.0014967216500116683
NN5,8,R,0,17782794100.38923,"[586, 170, 308, 10]",0.0013010085778336527
NN5,8,R,0,23713737056.61655,"[586, 170, 308, 10]",0.0011540574672958032
NN5,8,R,0,31622776601.683792,"[586, 170, 500, 10]",0.0010388129415058898
NN5,8,R,0,42169650342.85822,"[575, 250, 500, 10]",0.0009274623920328169
NN5,8,R,0,56234132519.034904,"[575, 250, 500, 10]",0.0008463718828728325
NN5,8,R,0,74989420933.24557,"[575, 250, 500, 10]",0.0007855625796219398
NN5,8,R,0,100000000000.0,"[586, 334, 500, 10]",0.0007367020946343664
NN5,8,R,0,133352143216.3324,"[586, 334, 500, 10]",0.0006967091782834634
NN5,8,R,0,177827941003.89227,"[586, 334, 667, 10]",0.0006637092780107734
NN5,8,R,0,237137370566.16553,"[590, 508, 667, 10]",0.0006330418962729762
NN5,8,R,0,316227766016.83795,"[590, 508, 667, 10]",0.0006078546144792124
NN5,8,R,0,421696503428.5823,"[667, 666, 667, 10]",0.0005844565542140836
NN5,8,R,0,562341325190.3491,"[667, 666, 667, 10]",0.0005665008124961685
NN5,8,R,0,749894209332.4558,"[667, 666, 1000, 10]",0.0005527594923767898
NN5,8,R,0,1000000000000.0,"[667, 666, 1000, 10]",0.0005388675829755222
NN5,8,R,0,1333521432163.324,"[1000, 1000, 1000, 10]",0.0005030962146754293
NN5,8,R,0,1778279410038.9229,"[1000, 1000, 1000, 10]",0.0004927260586105208
NN5,8,R,0,2371373705661.6553,"[1000, 1000, 1000, 10]",0.0004849495386275721
NN5,8,R,0,3162277660168.3794,"[1000, 1000, 1000, 10]",0.0004791179713236007
NN5,8,R,0,4216965034285.8223,"[1000, 1000, 1000, 10]",0.0004747449127710201
NN5,8,R,0,5623413251903.491,"[1000, 1000, 1000, 10]",0.0004714655814853681
NN5,8,R,0,7498942093324.559,"[1000, 1000, 1000, 10]",0.000469006429943775
NN5,8,R,0,10000000000000.0,"[1000, 1000, 1000, 10]",0.00046716232644286327
NN5,8,R,0,1e+18,"[1000, 1000, 1000, 10]",0.00046163319133476723
NN5,8,R,0,435200000000.0,"[1000, 1000, 1000, 10]",0.0005886825478075691
NN5,8,T,1,1000000000.0,"[1000, 1000, 1000, 10]",0.007628239632319918
NN5,8,T,1,1333521432.163324,"[1000, 1000, 1000, 10]",0.0058359935414742485
NN5,8,T,1,1778279410.0389228,"[1000, 1000, 1000, 10]",0.004491998576250351
NN5,8,T,1,2371373705.6616554,"[1000, 1000, 1000, 10]",0.0034841445344569737
NN5,8,T,1,3162277660.1683793,"[1000, 1000, 1000, 10]",0.0027283606246638102
NN5,8,T,1,4216965034.2858224,"[1000, 1000, 1000, 10]",0.0021616026472032735
NN5,8,T,1,5623413251.903491,"[1000, 1000, 1000, 10]",0.0017365941218126422
NN5,8,T,1,7498942093.324558,"[1000, 1000, 1000, 10]",0.0014178826897052821
NN5,8,T,1,10000000000.0,"[1000, 1000, 1000, 10]",0.0011788828323199183
NN5,8,T,1,13335214321.63324,"[1000, 1000, 1000, 10]",0.0009996582232353513
NN5,8,T,1,17782794100.38923,"[1000, 1000, 1000, 10]",0.0008652587267129616
NN5,8,T,1,23713737056.61655,"[1000, 1000, 1000, 10]",0.0007644733225336239
NN5,8,T,1,31622776601.683792,"[1000, 1000, 1000, 10]",0.0006888949315543076
NN5,8,T,1,42169650342.85822,"[1000, 1000, 1000, 10]",0.0006322191338082538
NN5,8,T,1,56234132519.034904,"[1000, 1000, 1000, 10]",0.0005897182812691908
NN5,8,T,1,74989420933.24557,"[1000, 1000, 1000, 10]",0.0005578471380584547
NN5,8,T,1,100000000000.0,"[1000, 1000, 1000, 10]",0.0005339471523199183
NN5,8,T,1,133352143216.3324,"[1000, 1000, 1000, 10]",0.0005160246914114616
NN5,8,T,1,177827941003.89227,"[1000, 1000, 1000, 10]",0.0005025847417592227
NN5,8,T,1,237137370566.16553,"[1000, 1000, 1000, 10]",0.0004925062013412889
NN5,8,T,1,316227766016.83795,"[1000, 1000, 1000, 10]",0.0004849483622433573
NN5,8,T,1,421696503428.5823,"[1000, 1000, 1000, 10]",0.0004792807824687519
NN5,8,T,1,562341325190.3491,"[1000, 1000, 1000, 10]",0.0004750306972148456
NN5,8,T,1,749894209332.4558,"[1000, 1000, 1000, 10]",0.000471843582893772
NN5,8,T,1,1000000000000.0,"[1000, 1000, 1000, 10]",0.00046945358431991834
NN5,8,T,1,1333521432163.324,"[1000, 1000, 1000, 10]",0.0004676613382290727
NN5,8,T,1,1778279410038.9229,"[1000, 1000, 1000, 10]",0.00046631734326384877
NN5,8,T,1,2371373705661.6553,"[1000, 1000, 1000, 10]",0.0004653094892220554
NN5,8,T,1,3162277660168.3794,"[1000, 1000, 1000, 10]",0.00046455370531226224
NN5,8,T,1,4216965034285.8223,"[1000, 1000, 1000, 10]",0.0004639869473348017
NN5,8,T,1,5623413251903.491,"[1000, 1000, 1000, 10]",0.0004635619388094111
NN5,8,T,1,7498942093324.559,"[1000, 1000, 1000, 10]",0.00046324322737730374
NN5,8,T,1,10000000000000.0,"[1000, 1000, 1000, 10]",0.00046300422751991837
NN5,8,T,1,1e+18,"[1000, 1000, 1000, 10]",0.00046228763948587037
NN5,8,T,1,435200000000.0,"[1000, 1000, 1000, 10]",0.0004787535146728595
NN5,8,T,0,1000000000.0,"[52, 50, 50, 10]",0.009495959522181206
NN5,8,T,0,1333521432.163324,"[68, 53, 54, 10]",0.007626657874712659
NN5,8,T,0,1778279410.0389228,"[68, 67, 69, 10]",0.00596197608984465
NN5,8,T,0,2371373705.6616554,"[138, 91, 91, 10]",0.004561736951660526
NN5,8,T,0,3162277660.1683793,"[236, 167, 167, 10]",0.0033513739033438363
NN5,8,T,0,4216965034.2858224,"[236, 167, 167, 10]",0.002743341116117932
NN5,8,T,0,5623413251.903491,"[236, 167, 236, 10]",0.0022739076722054392
NN5,8,T,0,7498942093.324558,"[312, 167, 236, 10]",0.0019137350245839934
NN5,8,T,0,10000000000.0,"[312, 168, 312, 10]",0.0016338457936811521
NN5,8,T,0,13335214321.63324,"[364, 168, 312, 10]",0.001419575686601278
NN5,8,T,0,17782794100.38923,"[512, 170, 364, 10]",0.0012425655406935361
NN5,8,T,0,23713737056.61655,"[512, 170, 512, 10]",0.0011078136326524695
NN5,8,T,0,31622776601.683792,"[500, 250, 500, 10]",0.000994438531323396
NN5,8,T,0,42169650342.85822,"[500, 250, 500, 10]",0.0009004472522805515
NN5,8,T,0,56234132519.034904,"[500, 250, 500, 10]",0.0008299637363985713
NN5,8,T,0,74989420933.24557,"[575, 250, 500, 10]",0.0007770189041875973
NN5,8,T,0,100000000000.0,"[586, 334, 512, 10]",0.0007319039562389383
NN5,8,T,0,133352143216.3324,"[586, 334, 512, 10]",0.0006958006211174146
NN5,8,T,0,177827941003.89227,"[667, 334, 512, 10]",0.0006653780603828785
NN5,8,T,0,237137370566.16553,"[667, 512, 512, 10]",0.0006390933491149109
NN5,8,T,0,316227766016.83795,"[667, 666, 667, 10]",0.000607670653756597
NN5,8,T,0,421696503428.5823,"[667, 666, 667, 10]",0.0005850739370659943
NN5,8,T,0,562341325190.3491,"[667, 666, 667, 10]",0.0005681287900697853
NN5,8,T,0,749894209332.4558,"[667, 666, 667, 10]",0.0005554217224610409
NN5,8,T,0,1000000000000.0,"[1000, 1000, 1000, 10]",0.0005160450723199183
NN5,8,T,0,1333521432163.324,"[1000, 1000, 1000, 10]",0.0005026000252844553
NN5,8,T,0,1778279410038.9229,"[1000, 1000, 1000, 10]",0.000492517662368359
NN5,8,T,0,2371373705661.6553,"[1000, 1000, 1000, 10]",0.0004849569568011902
NN5,8,T,0,3162277660168.3794,"[1000, 1000, 1000, 10]",0.00047928722747790257
NN5,8,T,0,4216965034285.8223,"[1000, 1000, 1000, 10]",0.00047503553028988677
NN5,8,T,0,5623413251903.491,"[1000, 1000, 1000, 10]",0.0004718472071887586
NN5,8,T,0,7498942093324.559,"[1000, 1000, 1000, 10]",0.00046945630215774174
NN5,8,T,0,10000000000000.0,"[1000, 1000, 1000, 10]",0.00046766337631991837
NN5,8,T,0,1e+18,"[1000, 1000, 1000, 10]",0.00046228768607735836
NN5,8,T,0,435200000000.0,"[1000, 1000, 1000, 10]",0.000585811161731683
NN5,16,R,1,1000000000.0,"[1000, 50, 50, 10]",0.021483446499939326
NN5,16,R,1,1333521432.163324,"[1000, 50, 50, 10]",0.01692574266560244
NN5,16,R,1,1778279410.0389228,"[667, 100, 134, 10]",0.012383767588862758
NN5,16,R,1,2371373705.6616554,"[667, 100, 138, 10]",0.009750993436522892
NN5,16,R,1,3162277660.1683793,"[667, 100, 154, 10]",0.007772804774574454
NN5,16,R,1,4216965034.2858224,"[667, 100, 167, 10]",0.006272766735129193
NN5,16,R,1,5623413251.903491,"[586, 167, 236, 10]",0.004774257420936211
NN5,16,R,1,7498942093.324558,"[586, 168, 286, 10]",0.003915171990847918
NN5,16,R,1,10000000000.0,"[586, 170, 334, 10]",0.003260207518885066
NN5,16,R,1,13335214321.63324,"[586, 170, 364, 10]",0.0027640798321479886
NN5,16,R,1,17782794100.38923,"[586, 170, 445, 10]",0.0023861346803738786
NN5,16,R,1,23713737056.61655,"[586, 170, 445, 10]",0.0020969736074913543
NN5,16,R,1,31622776601.683792,"[575, 250, 572, 10]",0.0018526534700726784
NN5,16,R,1,42169650342.85822,"[586, 334, 572, 10]",0.0016619728111597508
NN5,16,R,1,56234132519.034904,"[586, 334, 572, 10]",0.0015098593265255053
NN5,16,R,1,74989420933.24557,"[574, 501, 572, 10]",0.0013826860453688182
NN5,16,R,1,100000000000.0,"[574, 501, 572, 10]",0.001283373373849888
NN5,16,R,1,133352143216.3324,"[574, 501, 572, 10]",0.0012088993765645062
NN5,16,R,1,177827941003.89227,"[574, 501, 572, 10]",0.001153051757254357
NN5,16,R,1,237137370566.16553,"[574, 501, 667, 10]",0.0011068842950666695
NN5,16,R,1,316227766016.83795,"[574, 501, 667, 10]",0.0010721371136139307
NN5,16,R,1,421696503428.5823,"[574, 501, 667, 10]",0.0010460804034518978
NN5,16,R,1,562341325190.3491,"[667, 666, 1000, 10]",0.0010142156220555468
NN5,16,R,1,749894209332.4558,"[667, 666, 1000, 10]",0.000991595672500708
NN5,16,R,1,1000000000000.0,"[1000, 1000, 1000, 10]",0.0009191993795738889
NN5,16,R,1,1333521432163.324,"[1000, 1000, 1000, 10]",0.0009030678842146296
NN5,16,R,1,1778279410038.9229,"[1000, 1000, 1000, 10]",0.0008909709692568478
NN5,16,R,1,2371373705661.6553,"[1000, 1000, 1000, 10]",0.0008818995627792199
NN5,16,R,1,3162277660168.3794,"[1000, 1000, 1000, 10]",0.0008750969675911459
NN5,16,R,1,4216965034285.8223,"[1000, 1000, 1000, 10]",0.0008699957408511763
NN5,16,R,1,5623413251903.491,"[1000, 1000, 1000, 10]",0.0008661703604583813
NN5,16,R,1,7498942093324.559,"[1000, 1000, 1000, 10]",0.0008633017298533305
NN5,16,R,1,10000000000000.0,"[1000, 1000, 1000, 10]",0.0008611505603738889
NN5,16,R,1,1e+18,"[1000, 1000, 1000, 10]",0.0008547007560725768
NN5,16,R,1,435200000000.0,"[1000, 1000, 1000, 10]",0.0010029053974562419
NN5,16,R,0,1000000000.0,"[1000, 50, 50, 10]",0.021487542499939324
NN5,16,R,0,1333521432.163324,"[1000, 50, 50, 10]",0.016928814232283863
NN5,16,R,0,1778279410.0389228,"[1000, 50, 50, 10]",0.013510250302448854
NN5,16,R,0,2371373705.6616554,"[1000, 50, 53, 10]",0.010936107060717374
NN5,16,R,0,3162277660.1683793,"[1000, 50, 60, 10]",0.008990256147488183
NN5,16,R,0,4216965034.2858224,"[667, 100, 138, 10]",0.006382672581640054
NN5,16,R,0,5623413251.903491,"[667, 100, 138, 10]",0.005248061368243687
NN5,16,R,0,7498942093.324558,"[667, 100, 167, 10]",0.00438633815253574
NN5,16,R,0,10000000000.0,"[586, 167, 236, 10]",0.003361010920941007
NN5,16,R,0,13335214321.63324,"[586, 168, 286, 10]",0.002860460105737684
NN5,16,R,0,17782794100.38923,"[586, 168, 286, 10]",0.0024737878760672724
NN5,16,R,0,23713737056.61655,"[586, 170, 334, 10]",0.0021742604467730464
NN5,16,R,0,31622776601.683792,"[586, 170, 400, 10]",0.0019471092912775414
NN5,16,R,0,42169650342.85822,"[586, 170, 445, 10]",0.0017687581647148256
NN5,16,R,0,56234132519.034904,"[575, 250, 500, 10]",0.0016161870449682434
NN5,16,R,0,74989420933.24557,"[575, 250, 572, 10]",0.0014915821902764376
NN5,16,R,0,100000000000.0,"[586, 334, 572, 10]",0.0013826916947083598
NN5,16,R,0,133352143216.3324,"[574, 501, 572, 10]",0.0012941898722826656
NN5,16,R,0,177827941003.89227,"[574, 501, 572, 10]",0.0012170106061044996
NN5,16,R,0,237137370566.16553,"[574, 501, 572, 10]",0.0011591343213169646
NN5,16,R,0,316227766016.83795,"[574, 501, 572, 10]",0.001115733230497116
NN5,16,R,0,421696503428.5823,"[574, 501, 667, 10]",0.001080560422996244
NN5,16,R,0,562341325190.3491,"[574, 501, 667, 10]",0.0010523969943811104
NN5,16,R,0,749894209332.4558,"[574, 501, 667, 10]",0.0010312774023476736
NN5,16,R,0,1000000000000.0,"[667, 666, 1000, 10]",0.001007078543314142
NN5,16,R,0,1333521432163.324,"[667, 666, 1000, 10]",0.0009862436184809786
NN5,16,R,0,1778279410038.9229,"[1000, 1000, 1000, 10]",0.000916886536709204
NN5,16,R,0,2371373705661.6553,"[1000, 1000, 1000, 10]",0.0009013334967433066
NN5,16,R,0,3162277660168.3794,"[1000, 1000, 1000, 10]",0.0008896703621353638
NN5,16,R,0,4216965034285.8223,"[1000, 1000, 1000, 10]",0.0008809242450302026
NN5,16,R,0,5623413251903.491,"[1000, 1000, 1000, 10]",0.0008743655824588986
NN5,16,R,0,7498942093324.559,"[1000, 1000, 1000, 10]",0.0008694472793757123
NN5,16,R,0,10000000000000.0,"[1000, 1000, 1000, 10]",0.0008657590723738889
NN5,16,R,0,1e+18,"[1000, 1000, 1000, 10]",0.0008547008021576968
NN5,16,R,0,435200000000.0,"[1000, 1000, 1000, 10]",0.0011087995151033007
NN5,16,T,1,1000000000.0,"[1000, 1000, 1000, 10]",0.015188041371691077
NN5,16,T,1,1333521432.163324,"[1000, 1000, 1000, 10]",0.011603549189999738
NN5,16,T,1,1778279410.0389228,"[1000, 1000, 1000, 10]",0.008915559259551942
NN5,16,T,1,2371373705.6616554,"[1000, 1000, 1000, 10]",0.006899851175965187
NN5,16,T,1,3162277660.1683793,"[1000, 1000, 1000, 10]",0.00538828335637886
NN5,16,T,1,4216965034.2858224,"[1000, 1000, 1000, 10]",0.004254767401457787
NN5,16,T,1,5623413251.903491,"[1000, 1000, 1000, 10]",0.003404750350676524
NN5,16,T,1,7498942093.324558,"[1000, 1000, 1000, 10]",0.002767327486461804
NN5,16,T,1,10000000000.0,"[1000, 1000, 1000, 10]",0.0022893277716910763
NN5,16,T,1,13335214321.63324,"[1000, 1000, 1000, 10]",0.0019308785535219425
NN5,16,T,1,17782794100.38923,"[1000, 1000, 1000, 10]",0.0016620795604771628
NN5,16,T,1,23713737056.61655,"[1000, 1000, 1000, 10]",0.0014605087521184876
NN5,16,T,1,31622776601.683792,"[1000, 1000, 1000, 10]",0.0013093519701598548
NN5,16,T,1,42169650342.85822,"[1000, 1000, 1000, 10]",0.0011960003746677474
NN5,16,T,1,56234132519.034904,"[1000, 1000, 1000, 10]",0.0011109986695896214
NN5,16,T,1,74989420933.24557,"[1000, 1000, 1000, 10]",0.0010472563831681492
NN5,16,T,1,100000000000.0,"[1000, 1000, 1000, 10]",0.0009994564116910763
NN5,16,T,1,133352143216.3324,"[1000, 1000, 1000, 10]",0.000963611489874163
NN5,16,T,1,177827941003.89227,"[1000, 1000, 1000, 10]",0.0009367315905696851
NN5,16,T,1,237137370566.16553,"[1000, 1000, 1000, 10]",0.0009165745097338175
NN5,16,T,1,316227766016.83795,"[1000, 1000, 1000, 10]",0.0009014588315379543
NN5,16,T,1,421696503428.5823,"[1000, 1000, 1000, 10]",0.0008901236719887436
NN5,16,T,1,562341325190.3491,"[1000, 1000, 1000, 10]",0.0008816235014809309
NN5,16,T,1,749894209332.4558,"[1000, 1000, 1000, 10]",0.0008752492728387837
NN5,16,T,1,1000000000000.0,"[1000, 1000, 1000, 10]",0.0008704692756910764
NN5,16,T,1,1333521432163.324,"[1000, 1000, 1000, 10]",0.0008668847835093851
NN5,16,T,1,1778279410038.9229,"[1000, 1000, 1000, 10]",0.0008641967935789373
NN5,16,T,1,2371373705661.6553,"[1000, 1000, 1000, 10]",0.0008621810854953505
NN5,16,T,1,3162277660168.3794,"[1000, 1000, 1000, 10]",0.0008606695176757642
NN5,16,T,1,4216965034285.8223,"[1000, 1000, 1000, 10]",0.0008595360017208431
NN5,16,T,1,5623413251903.491,"[1000, 1000, 1000, 10]",0.0008586859846700619
NN5,16,T,1,7498942093324.559,"[1000, 1000, 1000, 10]",0.0008580485618058472
NN5,16,T,1,10000000000000.0,"[1000, 1000, 1000, 10]",0.0008575705620910765
NN5,16,T,1,1e+18,"[1000, 1000, 1000, 10]",0.0008561373860229805
NN5,16,T,1,435200000000.0,"[1000, 1000, 1000, 10]",0.0008890691363969588
NN5,16,T,0,1000000000.0,"[51, 50, 50, 10]",0.018634513122181173
NN5,16,T,0,1333521432.163324,"[51, 50, 53, 10]",0.015094223724802965
NN5,16,T,0,1778279410.0389228,"[82, 77, 80, 10]",0.011303321619486235
NN5,16,T,0,2371373705.6616554,"[160, 143, 154, 10]",0.008124639159678558
NN5,16,T,0,3162277660.1683793,"[167, 167, 167, 10]",0.006522001871549819
NN5,16,T,0,4216965034.2858224,"[236, 167, 167, 10]",0.005314740188399303
NN5,16,T,0,5623413251.903491,"[236, 167, 236, 10]",0.004385809153439051
NN5,16,T,0,7498942093.324558,"[287, 167, 236, 10]",0.003674268620630373
NN5,16,T,0,10000000000.0,"[312, 167, 287, 10]",0.0031264078499242598
NN5,16,T,0,13335214321.63324,"[364, 169, 336, 10]",0.002692956681961715
NN5,16,T,0,17782794100.38923,"[412, 169, 364, 10]",0.002359124043032416
NN5,16,T,0,23713737056.61655,"[512, 170, 445, 10]",0.0020956595346542616
NN5,16,T,0,31622776601.683792,"[512, 170, 512, 10]",0.0018885470840583859
NN5,16,T,0,42169650342.85822,"[586, 170, 586, 10]",0.0017273665147516757
NN5,16,T,0,56234132519.034904,"[572, 251, 572, 10]",0.001582343269278195
NN5,16,T,0,74989420933.24557,"[586, 334, 586, 10]",0.001469327925213451
NN5,16,T,0,100000000000.0,"[586, 334, 586, 10]",0.0013710142170881366
NN5,16,T,0,133352143216.3324,"[572, 502, 572, 10]",0.0012857643114091433
NN5,16,T,0,177827941003.89227,"[572, 502, 572, 10]",0.0012150338395925501
NN5,16,T,0,237137370566.16553,"[572, 502, 572, 10]",0.0011619934683539345
NN5,16,T,0,316227766016.83795,"[572, 502, 572, 10]",0.001122218801101253
NN5,16,T,0,421696503428.5823,"[572, 502, 572, 10]",0.0010923920084503417
NN5,16,T,0,562341325190.3491,"[572, 502, 572, 10]",0.0010700250693584637
NN5,16,T,0,749894209332.4558,"[667, 666, 667, 10]",0.0010432138434848018
NN5,16,T,0,1000000000000.0,"[1000, 1000, 1000, 10]",0.0009636522516910765
NN5,16,T,0,1333521432163.324,"[1000, 1000, 1000, 10]",0.0009367621576201503
NN5,16,T,0,1778279410038.9229,"[1000, 1000, 1000, 10]",0.0009165974317879578
NN5,16,T,0,2371373705661.6553,"[1000, 1000, 1000, 10]",0.0009014760206536201
NN5,16,T,0,3162277660168.3794,"[1000, 1000, 1000, 10]",0.0008901365620070449
NN5,16,T,0,4216965034285.8223,"[1000, 1000, 1000, 10]",0.0008816331676310133
NN5,16,T,0,5623413251903.491,"[1000, 1000, 1000, 10]",0.000875256521428757
NN5,16,T,0,7498942093324.559,"[1000, 1000, 1000, 10]",0.0008704747113667232
NN5,16,T,0,10000000000000.0,"[1000, 1000, 1000, 10]",0.0008668888596910765
NN5,16,T,0,1e+18,"[1000, 1000, 1000, 10]",0.0008561374792059565
NN5,16,T,0,435200000000.0,"[1000, 1000, 1000, 10]",0.0011031844305146058
NN5,32,R,1,1000000000.0,"[667, 100, 100, 10]",0.040865268967706286
NN5,32,R,1,1333521432.163324,"[667, 100, 100, 10]",0.03169966406642238
NN5,32,R,1,1778279410.0389228,"[667, 100, 134, 10]",0.02481440874815835
NN5,32,R,1,2371373705.6616554,"[667, 100, 138, 10]",0.019544358591849924
NN5,32,R,1,3162277660.1683793,"[667, 100, 138, 10]",0.01559026306379229
NN5,32,R,1,4216965034.2858224,"[667, 100, 167, 10]",0.012599777831110498
NN5,32,R,1,5623413251.903491,"[572, 174, 223, 10]",0.009676054759872868
NN5,32,R,1,7498942093.324558,"[572, 174, 250, 10]",0.007956314726154523
NN5,32,R,1,10000000000.0,"[586, 170, 334, 10]",0.006620315880101401
NN5,32,R,1,13335214321.63324,"[584, 203, 364, 10]",0.005610366873843312
NN5,32,R,1,17782794100.38923,"[584, 203, 364, 10]",0.004829445878152379
NN5,32,R,1,23713737056.61655,"[575, 200, 500, 10]",0.00421721452164679
NN5,32,R,1,31622776601.683792,"[575, 250, 572, 10]",0.0037416157531114666
NN5,32,R,1,42169650342.85822,"[586, 334, 572, 10]",0.003359502007431332
NN5,32,R,1,56234132519.034904,"[586, 334, 572, 10]",0.003055275038162841
NN5,32,R,1,74989420933.24557,"[574, 501, 572, 10]",0.002801644281051257
NN5,32,R,1,100000000000.0,"[574, 501, 572, 10]",0.002603018938013397
NN5,32,R,1,133352143216.3324,"[574, 501, 572, 10]",0.002454070943442633
NN5,32,R,1,177827941003.89227,"[574, 501, 572, 10]",0.002342375704822335
NN5,32,R,1,237137370566.16553,"[574, 501, 667, 10]",0.002252779310691397
NN5,32,R,1,316227766016.83795,"[574, 501, 667, 10]",0.0021832849477859194
NN5,32,R,1,421696503428.5823,"[574, 501, 1000, 10]",0.0021307883023803757
NN5,32,R,1,562341325190.3491,"[574, 501, 1000, 10]",0.0020755408380509458
NN5,32,R,1,749894209332.4558,"[1000, 1000, 1000, 10]",0.0018857470497277572
NN5,32,R,1,1000000000000.0,"[1000, 1000, 1000, 10]",0.0018427236601389265
NN5,32,R,1,1333521432163.324,"[1000, 1000, 1000, 10]",0.0018104606694204078
NN5,32,R,1,1778279410038.9229,"[1000, 1000, 1000, 10]",0.0017862668395048442
NN5,32,R,1,2371373705661.6553,"[1000, 1000, 1000, 10]",0.0017681240265495885
NN5,32,R,1,3162277660168.3794,"[1000, 1000, 1000, 10]",0.0017545188361734404
NN5,32,R,1,4216965034285.8223,"[1000, 1000, 1000, 10]",0.0017443163826935013
NN5,32,R,1,5623413251903.491,"[1000, 1000, 1000, 10]",0.0017366656219079113
NN5,32,R,1,7498942093324.559,"[1000, 1000, 1000, 10]",0.0017309283606978096
NN5,32,R,1,10000000000000.0,"[1000, 1000, 1000, 10]",0.0017266260217389264
NN5,32,R,1,1e+18,"[1000, 1000, 1000, 10]",0.0017137264131363023
NN5,32,R,1,435200000000.0,"[1000, 1000, 1000, 10]",0.002010135695903632
NN5,32,R,0,1000000000.0,"[572, 143, 143, 10]",0.04006069722092494
NN5,32,R,0,1333521432.163324,"[572, 143, 143, 10]",0.030882799119818127
NN5,32,R,0,1778279410.0389228,"[572, 143, 143, 10]",0.024000346479954797
NN5,32,R,0,2371373705.6616554,"[572, 143, 143, 10]",0.018839235099316405
NN5,32,R,0,3162277660.1683793,"[572, 143, 143, 10]",0.014968947561255845
NN5,32,R,0,4216965034.2858224,"[572, 143, 143, 10]",0.012066641348012662
NN5,32,R,0,5623413251.903491,"[572, 143, 154, 10]",0.009876138420436636
NN5,32,R,0,7498942093.324558,"[586, 167, 167, 10]",0.008142478080172528
NN5,32,R,0,10000000000.0,"[586, 167, 211, 10]",0.006832894772330447
NN5,32,R,0,13335214321.63324,"[586, 168, 286, 10]",0.0058239896673867916
NN5,32,R,0,17782794100.38923,"[586, 170, 308, 10]",0.0050443062429801405
NN5,32,R,0,23713737056.61655,"[586, 170, 334, 10]",0.004448421735877363
NN5,32,R,0,31622776601.683792,"[584, 203, 364, 10]",0.003957972484908934
NN5,32,R,0,42169650342.85822,"[572, 201, 445, 10]",0.003573364691904084
NN5,32,R,0,56234132519.034904,"[575, 250, 572, 10]",0.003271254314019462
NN5,32,R,0,74989420933.24557,"[575, 250, 572, 10]",0.0030194731935189855
NN5,32,R,0,100000000000.0,"[586, 334, 572, 10]",0.00280093977452855
NN5,32,R,0,133352143216.3324,"[574, 501, 572, 10]",0.002624651934878952
NN5,32,R,0,177827941003.89227,"[574, 501, 572, 10]",0.00247029340252262
NN5,32,R,0,237137370566.16553,"[574, 501, 572, 10]",0.00235454083294755
NN5,32,R,0,316227766016.83795,"[574, 501, 572, 10]",0.0022677386513078527
NN5,32,R,0,421696503428.5823,"[574, 501, 667, 10]",0.002200131566550546
NN5,32,R,0,562341325190.3491,"[574, 501, 667, 10]",0.0021438047093202788
NN5,32,R,0,749894209332.4558,"[574, 501, 667, 10]",0.002101565525253405
NN5,32,R,0,1000000000000.0,"[574, 501, 1000, 10]",0.002059375440165587
NN5,32,R,0,1333521432163.324,"[1000, 1000, 1000, 10]",0.0018795785986691906
NN5,32,R,0,1778279410038.9229,"[1000, 1000, 1000, 10]",0.0018380979744095566
NN5,32,R,0,2371373705661.6553,"[1000, 1000, 1000, 10]",0.0018069918944777618
NN5,32,R,0,3162277660168.3794,"[1000, 1000, 1000, 10]",0.0017836656252618764
NN5,32,R,0,4216965034285.8223,"[1000, 1000, 1000, 10]",0.0017661733910515538
NN5,32,R,0,5623413251903.491,"[1000, 1000, 1000, 10]",0.0017530560659089459
NN5,32,R,0,7498942093324.559,"[1000, 1000, 1000, 10]",0.0017432194597425733
NN5,32,R,0,10000000000000.0,"[1000, 1000, 1000, 10]",0.0017358430457389265
NN5,32,R,0,1e+18,"[1000, 1000, 1000, 10]",0.0017137265053065423
NN5,32,R,0,435200000000.0,"[1000, 1000, 1000, 10]",0.0022219239311977498
NN5,32,T,1,1000000000.0,"[1000, 1000, 1000, 10]",0.030379949761274377
NN5,32,T,1,1333521432.163324,"[1000, 1000, 1000, 10]",0.0232109653978917
NN5,32,T,1,1778279410.0389228,"[1000, 1000, 1000, 10]",0.01783498553699611
NN5,32,T,1,2371373705.6616554,"[1000, 1000, 1000, 10]",0.013803569369822598
NN5,32,T,1,3162277660.1683793,"[1000, 1000, 1000, 10]",0.010780433730649944
NN5,32,T,1,4216965034.2858224,"[1000, 1000, 1000, 10]",0.008513401820807797
NN5,32,T,1,5623413251.903491,"[1000, 1000, 1000, 10]",0.006813367719245273
NN5,32,T,1,7498942093.324558,"[1000, 1000, 1000, 10]",0.0055385219908158315
NN5,32,T,1,10000000000.0,"[1000, 1000, 1000, 10]",0.004582522561274376
NN5,32,T,1,13335214321.63324,"[1000, 1000, 1000, 10]",0.003865624124936109
NN5,32,T,1,17782794100.38923,"[1000, 1000, 1000, 10]",0.0033280261388465493
NN5,32,T,1,23713737056.61655,"[1000, 1000, 1000, 10]",0.0029248845221291992
NN5,32,T,1,31622776601.683792,"[1000, 1000, 1000, 10]",0.0026225709582119337
NN5,32,T,1,42169650342.85822,"[1000, 1000, 1000, 10]",0.0023958677672277187
NN5,32,T,1,56234132519.034904,"[1000, 1000, 1000, 10]",0.0022258643570714663
NN5,32,T,1,74989420933.24557,"[1000, 1000, 1000, 10]",0.002098379784228522
NN5,32,T,1,100000000000.0,"[1000, 1000, 1000, 10]",0.0020027798412743767
NN5,32,T,1,133352143216.3324,"[1000, 1000, 1000, 10]",0.00193108999764055
NN5,32,T,1,177827941003.89227,"[1000, 1000, 1000, 10]",0.001877330199031594
NN5,32,T,1,237137370566.16553,"[1000, 1000, 1000, 10]",0.0018370160373598588
NN5,32,T,1,316227766016.83795,"[1000, 1000, 1000, 10]",0.0018067846809681324
NN5,32,T,1,421696503428.5823,"[1000, 1000, 1000, 10]",0.001784114361869711
NN5,32,T,1,562341325190.3491,"[1000, 1000, 1000, 10]",0.0017671140208540856
NN5,32,T,1,749894209332.4558,"[1000, 1000, 1000, 10]",0.0017543655635697912
NN5,32,T,1,1000000000000.0,"[1000, 1000, 1000, 10]",0.0017448055692743767
NN5,32,T,1,1333521432163.324,"[1000, 1000, 1000, 10]",0.001737636584910994
NN5,32,T,1,1778279410038.9229,"[1000, 1000, 1000, 10]",0.0017322606050500984
NN5,32,T,1,2371373705661.6553,"[1000, 1000, 1000, 10]",0.0017282291888829249
NN5,32,T,1,3162277660168.3794,"[1000, 1000, 1000, 10]",0.0017252060532437523
NN5,32,T,1,4216965034285.8223,"[1000, 1000, 1000, 10]",0.00172293902133391
NN5,32,T,1,5623413251903.491,"[1000, 1000, 1000, 10]",0.0017212389872323477
NN5,32,T,1,7498942093324.559,"[1000, 1000, 1000, 10]",0.0017199641415039182
NN5,32,T,1,10000000000000.0,"[1000, 1000, 1000, 10]",0.0017190081420743767
NN5,32,T,1,1e+18,"[1000, 1000, 1000, 10]",0.0017161417899381848
NN5,32,T,1,435200000000.0,"[1000, 1000, 1000, 10]",0.0017820052906861413
NN5,32,T,0,1000000000.0,"[59, 50, 50, 10]",0.03750171557009777
NN5,32,T,0,1333521432.163324,"[67, 59, 59, 10]",0.02948668632788127
NN5,32,T,0,1778279410.0389228,"[69, 67, 69, 10]",0.023375277527995224
NN5,32,T,0,2371373705.6616554,"[154, 143, 143, 10]",0.016236137859587472
NN5,32,T,0,3162277660.1683793,"[167, 143, 154, 10]",0.01316688244036053
NN5,32,T,0,4216965034.2858224,"[174, 143, 174, 10]",0.010833735893898903
NN5,32,T,0,5623413251.903491,"[251, 174, 224, 10]",0.008985121962241029
NN5,32,T,0,7498942093.324558,"[251, 174, 251, 10]",0.007529703156233653
NN5,32,T,0,10000000000.0,"[348, 174, 251, 10]",0.0064108435404465515
NN5,32,T,0,13335214321.63324,"[401, 174, 372, 10]",0.005517476761056796
NN5,32,T,0,17782794100.38923,"[447, 174, 401, 10]",0.004821627646496088
NN5,32,T,0,23713737056.61655,"[500, 200, 400, 10]",0.0042568599181536364
NN5,32,T,0,31622776601.683792,"[575, 200, 500, 10]",0.0037997140425314055
NN5,32,T,0,42169650342.85822,"[575, 200, 575, 10]",0.0034507459874592306
NN5,32,T,0,56234132519.034904,"[575, 250, 575, 10]",0.003179056421841644
NN5,32,T,0,74989420933.24557,"[575, 250, 575, 10]",0.002958417753080953
NN5,32,T,0,100000000000.0,"[586, 334, 586, 10]",0.002762420472242471
NN5,32,T,0,133352143216.3324,"[572, 502, 572, 10]",0.0025927421512601245
NN5,32,T,0,177827941003.89227,"[572, 502, 572, 10]",0.0024512812076269387
NN5,32,T,0,237137370566.16553,"[572, 502, 572, 10]",0.0023452004651497074
NN5,32,T,0,316227766016.83795,"[572, 502, 572, 10]",0.0022656511306443443
NN5,32,T,0,421696503428.5823,"[572, 502, 572, 10]",0.002205997545342522
NN5,32,T,0,562341325190.3491,"[572, 502, 572, 10]",0.002161263667158766
NN5,32,T,0,749894209332.4558,"[667, 666, 667, 10]",0.002117983932181723
NN5,32,T,0,1000000000000.0,"[1000, 1000, 1000, 10]",0.0019311715212743767
NN5,32,T,0,1333521432163.324,"[1000, 1000, 1000, 10]",0.0018773913331325243
NN5,32,T,0,1778279410038.9229,"[1000, 1000, 1000, 10]",0.0018370618814681394
NN5,32,T,0,2371373705661.6553,"[1000, 1000, 1000, 10]",0.0018068190591994638
NN5,32,T,0,3162277660168.3794,"[1000, 1000, 1000, 10]",0.0017841401419063136
NN5,32,T,0,4216965034285.8223,"[1000, 1000, 1000, 10]",0.0017671333531542504
NN5,32,T,0,5623413251903.491,"[1000, 1000, 1000, 10]",0.0017543800607497378
NN5,32,T,0,7498942093324.559,"[1000, 1000, 1000, 10]",0.0017448164406256702
NN5,32,T,0,10000000000000.0,"[1000, 1000, 1000, 10]",0.0017376447372743767
NN5,32,T,0,1e+18,"[1000, 1000, 1000, 10]",0.0017161419763041367
NN5,32,T,0,435200000000.0,"[1000, 1000, 1000, 10]",0.0022102358789214353
NN6,1,R,1,1000000000.0,"[667, 100, 149, 143, 149, 143, 149, 10]",0.003123861741859684
NN6,1,R,1,1333521432.163324,"[667, 100, 167, 167, 236, 167, 211, 10]",0.0024593601623020696
NN6,1,R,1,1778279410.0389228,"[586, 167, 236, 167, 236, 167, 236, 10]",0.0019038593674873265
NN6,1,R,1,2371373705.6616554,"[586, 167, 236, 167, 236, 167, 236, 10]",0.0015439193393808942
NN6,1,R,1,3162277660.1683793,"[586, 168, 287, 167, 287, 167, 286, 10]",0.0012706976190327828
NN6,1,R,1,4216965034.2858224,"[586, 169, 364, 169, 364, 169, 364, 10]",0.0010615841824149932
NN6,1,R,1,5623413251.903491,"[586, 169, 364, 169, 364, 169, 364, 10]",0.00089993571532495
NN6,1,R,1,7498942093.324558,"[586, 169, 364, 169, 364, 170, 445, 10]",0.0007781469027114893
NN6,1,R,1,10000000000.0,"[575, 250, 500, 250, 500, 250, 500, 10]",0.0006717642155829333
NN6,1,R,1,13335214321.63324,"[575, 250, 575, 250, 575, 250, 572, 10]",0.0005886366027540591
NN6,1,R,1,17782794100.38923,"[575, 250, 575, 250, 575, 250, 572, 10]",0.0005256800509436952
NN6,1,R,1,23713737056.61655,"[575, 250, 575, 250, 575, 250, 572, 10]",0.0004784692973015646
NN6,1,R,1,31622776601.683792,"[586, 334, 586, 334, 586, 334, 667, 10]",0.00043851824603640093
NN6,1,R,1,42169650342.85822,"[586, 334, 586, 334, 586, 334, 667, 10]",0.00040699611722467687
NN6,1,R,1,56234132519.034904,"[574, 501, 574, 501, 574, 501, 667, 10]",0.00037839966502845534
NN6,1,R,1,74989420933.24557,"[575, 500, 575, 500, 574, 501, 667, 10]",0.0003571661130623438
NN6,1,R,1,100000000000.0,"[575, 500, 667, 666, 667, 666, 667, 10]",0.00033954025496589366
NN6,1,R,1,133352143216.3324,"[667, 666, 667, 665, 667, 665, 667, 10]",0.0003236232288046167
NN6,1,R,1,177827941003.89227,"[667, 500, 667, 500, 667, 500, 667, 10]",0.0003114833464433428
NN6,1,R,1,237137370566.16553,"[667, 500, 667, 500, 667, 500, 667, 10]",0.00030221113966594784
NN6,1,R,1,316227766016.83795,"[667, 500, 667, 500, 667, 666, 1000, 10]",0.000294458444507754
NN6,1,R,1,421696503428.5823,"[1000, 1000, 1000, 1000, 1000, 1000, 1000, 10]",0.0002790912522239029
NN6,1,R,1,562341325190.3491,"[1000, 1000, 1000, 1000, 1000, 1000, 1000, 10]",0.0002725253852175712
NN6,1,R,1,749894209332.4558,"[1000, 1000, 1000, 1000, 1000, 1000, 1000, 10]",0.000267601679570276
NN6,1,R,1,1000000000000.0,"[1000, 1000, 1000, 1000, 1000, 1000, 1000, 10]",0.0002639094212169118
NN6,1,R,1,1333521432163.324,"[1000, 1000, 1000, 1000, 1000, 1000, 1000, 10]",0.0002611406180583646
NN6,1,R,1,1778279410038.9229,"[1000, 1000, 1000, 1000, 1000, 1000, 1000, 10]",0.0002590643086029887
NN6,1,R,1,2371373705661.6553,"[1000, 1000, 1000, 1000, 1000, 1000, 1000, 10]",0.00025750729616562
NN6,1,R,1,3162277660168.3794,"[1000, 1000, 1000, 1000, 1000, 1000, 1000, 10]",0.0002563397015549787
NN6,1,R,1,4216965034285.8223,"[1000, 1000, 1000, 1000, 1000, 1000, 1000, 10]",0.0002554641291176109
NN6,1,R,1,5623413251903.491,"[1000, 1000, 1000, 1000, 1000, 1000, 1000, 10]",0.0002548075424169777
NN6,1,R,1,7498942093324.559,"[1000, 1000, 1000, 1000, 1000, 1000, 1000, 10]",0.0002543151718522482
NN6,1,R,1,10000000000000.0,"[1000, 1000, 1000, 1000, 1000, 1000, 1000, 10]",0.00025394594601691183
NN6,1,R,1,1e+18,"[1000, 1000, 1000, 1000, 1000, 1000, 1000, 10]",0.0002528389042874398
NN6,1,R,1,435200000000.0,"[1000, 1000, 1000, 1000, 1000, 1000, 1000, 10]",0.0002782766873345589
NN6,1,R,0,1000000000.0,"[1000, 50, 50, 50, 50, 50, 50, 10]",0.003776059114500161
NN6,1,R,0,1333521432.163324,"[667, 100, 100, 100, 100, 100, 100, 10]",0.0026518846805438957
NN6,1,R,0,1778279410.0389228,"[667, 100, 149, 143, 149, 143, 149, 10]",0.0020686902379149375
NN6,1,R,0,2371373705.6616554,"[667, 100, 167, 167, 214, 167, 211, 10]",0.0016745737960182038
NN6,1,R,0,3162277660.1683793,"[667, 100, 167, 167, 236, 167, 236, 10]",0.0013941433439945956
NN6,1,R,0,4216965034.2858224,"[586, 167, 236, 167, 236, 167, 236, 10]",0.0011035206609359396
NN6,1,R,0,5623413251.903491,"[586, 168, 287, 167, 287, 167, 286, 10]",0.0009428062611849136
NN6,1,R,0,7498942093.324558,"[586, 168, 287, 167, 287, 167, 286, 10]",0.0008172575597067899
NN6,1,R,0,10000000000.0,"[586, 169, 364, 169, 364, 169, 364, 10]",0.0007176778927082551
NN6,1,R,0,13335214321.63324,"[586, 169, 364, 169, 364, 169, 364, 10]",0.0006420423801208572
NN6,1,R,0,17782794100.38923,"[575, 250, 500, 250, 500, 250, 500, 10]",0.0005759550761461958
NN6,1,R,0,23713737056.61655,"[575, 250, 575, 250, 575, 250, 572, 10]",0.0005176162271078467
NN6,1,R,0,31622776601.683792,"[575, 250, 575, 250, 575, 250, 572, 10]",0.0004724222825019848
NN6,1,R,0,42169650342.85822,"[575, 250, 575, 250, 575, 250, 572, 10]",0.0004385316051451571
NN6,1,R,0,56234132519.034904,"[586, 334, 586, 334, 586, 334, 572, 10]",0.0004108006336522367
NN6,1,R,0,74989420933.24557,"[586, 334, 586, 334, 586, 334, 667, 10]",0.0003863951004451404
NN6,1,R,0,100000000000.0,"[574, 501, 574, 501, 574, 501, 667, 10]",0.00036466659541590834
NN6,1,R,0,133352143216.3324,"[574, 501, 574, 501, 574, 501, 667, 10]",0.00034693390437700927
NN6,1,R,0,177827941003.89227,"[575, 500, 575, 500, 574, 501, 667, 10]",0.00033357933031250486
NN6,1,R,0,237137370566.16553,"[667, 666, 667, 666, 667, 666, 667, 10]",0.0003193441586683306
NN6,1,R,0,316227766016.83795,"[667, 500, 667, 500, 667, 500, 667, 10]",0.00030842477893682125
NN6,1,R,0,421696503428.5823,"[667, 500, 667, 500, 667, 500, 667, 10]",0.0002999175376039549
NN6,1,R,0,562341325190.3491,"[667, 500, 667, 500, 667, 666, 1000, 10]",0.0002929902688559723
NN6,1,R,0,749894209332.4558,"[1000, 1000, 1000, 1000, 1000, 1000, 1000, 10]",0.000279124584924742
NN6,1,R,0,1000000000000.0,"[1000, 1000, 1000, 1000, 1000, 1000, 1000, 10]",0.0002725503812169118
NN6,1,R,0,1333521432163.324,"[1000, 1000, 1000, 1000, 1000, 1000, 1000, 10]",0.000267620423925438
NN6,1,R,0,1778279410038.9229,"[1000, 1000, 1000, 1000, 1000, 1000, 1000, 10]",0.00026392347750030546
NN6,1,R,0,2371373705661.6553,"[1000, 1000, 1000, 1000, 1000, 1000, 1000, 10]",0.00026115115878388626
NN6,1,R,0,3162277660168.3794,"[1000, 1000, 1000, 1000, 1000, 1000, 1000, 10]",0.0002590722130320195
NN6,1,R,0,4216965034285.8223,"[1000, 1000, 1000, 1000, 1000, 1000, 1000, 10]",0.0002575132236511783
NN6,1,R,0,5623413251903.491,"[1000, 1000, 1000, 1000, 1000, 1000, 1000, 10]",0.00025634414654207474
NN6,1,R,0,7498942093324.559,"[1000, 1000, 1000, 1000, 1000, 1000, 1000, 10]",0.0002554674623876948
NN6,1,R,0,10000000000000.0,"[1000, 1000, 1000, 1000, 1000, 1000, 1000, 10]",0.0002548100420169118
NN6,1,R,0,1e+18,"[1000, 1000, 1000, 1000, 1000, 1000, 1000, 10]",0.0002528389129283998
NN6,1,R,0,435200000000.0,"[1000, 1000, 1000, 1000, 1000, 1000, 1000, 10]",0.0002981318343933824
NN6,1,T,1,1000000000.0,"[1000, 1000, 1000, 1000, 1000, 1000, 1000, 10]",0.0024494606735294116
NN6,1,T,1,1333521432.163324,"[1000, 1000, 1000, 1000, 1000, 1000, 1000, 10]",0.001905614635531301
NN6,1,T,1,1778279410.0389228,"[1000, 1000, 1000, 1000, 1000, 1000, 1000, 10]",0.001497787640868119
NN6,1,T,1,2371373705.6616554,"[1000, 1000, 1000, 1000, 1000, 1000, 1000, 10]",0.0011919605391607403
NN6,1,T,1,3162277660.1683793,"[1000, 1000, 1000, 1000, 1000, 1000, 1000, 10]",0.0009626225665334492
NN6,1,T,1,4216965034.2858224,"[1000, 1000, 1000, 1000, 1000, 1000, 1000, 10]",0.0007906433488801983
NN6,1,T,1,5623413251.903491,"[1000, 1000, 1000, 1000, 1000, 1000, 1000, 10]",0.0006616771294364993
NN6,1,T,1,7498942093.324558,"[1000, 1000, 1000, 1000, 1000, 1000, 1000, 10]",0.0005649661082761708
NN6,1,T,1,10000000000.0,"[1000, 1000, 1000, 1000, 1000, 1000, 1000, 10]",0.0004924430735294117
NN6,1,T,1,13335214321.63324,"[1000, 1000, 1000, 1000, 1000, 1000, 1000, 10]",0.00043805846972960066
NN6,1,T,1,17782794100.38923,"[1000, 1000, 1000, 1000, 1000, 1000, 1000, 10]",0.0003972757702632824
NN6,1,T,1,23713737056.61655,"[1000, 1000, 1000, 1000, 1000, 1000, 1000, 10]",0.0003666930600925446
NN6,1,T,1,31622776601.683792,"[1000, 1000, 1000, 1000, 1000, 1000, 1000, 10]",0.0003437592628298155
NN6,1,T,1,42169650342.85822,"[1000, 1000, 1000, 1000, 1000, 1000, 1000, 10]",0.0003265613410644904
NN6,1,T,1,56234132519.034904,"[1000, 1000, 1000, 1000, 1000, 1000, 1000, 10]",0.0003136647191201205
NN6,1,T,1,74989420933.24557,"[1000, 1000, 1000, 1000, 1000, 1000, 1000, 10]",0.00030399361700408765
NN6,1,T,1,100000000000.0,"[1000, 1000, 1000, 1000, 1000, 1000, 1000, 10]",0.00029674131352941174
NN6,1,T,1,133352143216.3324,"[1000, 1000, 1000, 1000, 1000, 1000, 1000, 10]",0.0002913028531494306
NN6,1,T,1,177827941003.89227,"[1000, 1000, 1000, 1000, 1000, 1000, 1000, 10]",0.0002872245832027988
NN6,1,T,1,237137370566.16553,"[1000, 1000, 1000, 1000, 1000, 1000, 1000, 10]",0.000284166312185725
NN6,1,T,1,316227766016.83795,"[1000, 1000, 1000, 1000, 1000, 1000, 1000, 10]",0.0002818729324594521
NN6,1,T,1,421696503428.5823,"[1000, 1000, 1000, 1000, 1000, 1000, 1000, 10]",0.0002801531402829196
NN6,1,T,1,562341325190.3491,"[1000, 1000, 1000, 1000, 1000, 1000, 1000, 10]",0.0002788634780884826
NN6,1,T,1,749894209332.4558,"[1000, 1000, 1000, 1000, 1000, 1000, 1000, 10]",0.0002778963678768793
NN6,1,T,1,1000000000000.0,"[1000, 1000, 1000, 1000, 1000, 1000, 1000, 10]",0.00027717113752941173
NN6,1,T,1,1333521432163.324,"[1000, 1000, 1000, 1000, 1000, 1000, 1000, 10]",0.00027662729149141363
NN6,1,T,1,1778279410038.9229,"[1000, 1000, 1000, 1000, 1000, 1000, 1000, 10]",0.00027621946449675044
NN6,1,T,1,2371373705661.6553,"[1000, 1000, 1000, 1000, 1000, 1000, 1000, 10]",0.0002759136373950431
NN6,1,T,1,3162277660168.3794,"[1000, 1000, 1000, 1000, 1000, 1000, 1000, 10]",0.00027568429942241573
NN6,1,T,1,4216965034285.8223,"[1000, 1000, 1000, 1000, 1000, 1000, 1000, 10]",0.0002755123202047625
NN6,1,T,1,5623413251903.491,"[1000, 1000, 1000, 1000, 1000, 1000, 1000, 10]",0.0002753833539853188
NN6,1,T,1,7498942093324.559,"[1000, 1000, 1000, 1000, 1000, 1000, 1000, 10]",0.0002752866429641585
NN6,1,T,1,10000000000000.0,"[1000, 1000, 1000, 1000, 1000, 1000, 1000, 10]",0.0002752141199294117
NN6,1,T,1,1e+18,"[1000, 1000, 1000, 1000, 1000, 1000, 1000, 10]",0.0002749966757038757
NN6,1,T,1,435200000000.0,"[1000, 1000, 1000, 1000, 1000, 1000, 1000, 10]",0.000279993144117647
NN6,1,T,0,1000000000.0,"[154, 91, 91, 77, 77, 77, 77, 10]",0.003437577977641612
NN6,1,T,0,1333521432.163324,"[214, 167, 167, 167, 167, 167, 183, 10]",0.002380722052803352
NN6,1,T,0,1778279410.0389228,"[287, 167, 214, 167, 214, 167, 183, 10]",0.0019454083854114075
NN6,1,T,0,2371373705.6616554,"[287, 167, 236, 167, 236, 167, 236, 10]",0.0016028363089915906
NN6,1,T,0,3162277660.1683793,"[337, 167, 236, 167, 236, 167, 236, 10]",0.0013424931150736227
NN6,1,T,0,4216965034.2858224,"[364, 167, 287, 167, 287, 167, 236, 10]",0.00114540778622335
NN6,1,T,0,5623413251.903491,"[445, 168, 287, 167, 287, 167, 287, 10]",0.0009901466350621321
NN6,1,T,0,7498942093.324558,"[512, 170, 364, 169, 364, 169, 364, 10]",0.0008660001953920797
NN6,1,T,0,10000000000.0,"[586, 170, 364, 169, 364, 169, 364, 10]",0.0007703454136416016
NN6,1,T,0,13335214321.63324,"[575, 250, 500, 250, 500, 250, 500, 10]",0.0006869780859352667
NN6,1,T,0,17782794100.38923,"[575, 250, 575, 250, 575, 250, 500, 10]",0.0006131436137514118
NN6,1,T,0,23713737056.61655,"[575, 250, 575, 250, 575, 250, 575, 10]",0.000555957388335295
NN6,1,T,0,31622776601.683792,"[575, 250, 575, 250, 575, 250, 575, 10]",0.0005130712684539818
NN6,1,T,0,42169650342.85822,"[586, 334, 586, 334, 586, 334, 586, 10]",0.0004791832535980262
NN6,1,T,0,56234132519.034904,"[667, 334, 586, 334, 586, 334, 586, 10]",0.00044893195749400966
NN6,1,T,0,74989420933.24557,"[667, 334, 572, 502, 572, 502, 572, 10]",0.00042223039524662883
NN6,1,T,0,100000000000.0,"[667, 503, 572, 502, 572, 502, 572, 10]",0.000399244349968996
NN6,1,T,0,133352143216.3324,"[667, 503, 572, 502, 572, 502, 572, 10]",0.00038133436473754707
NN6,1,T,0,177827941003.89227,"[667, 666, 667, 666, 667, 503, 572, 10]",0.0003619085336996524
NN6,1,T,0,237137370566.16553,"[667, 666, 667, 666, 667, 666, 667, 10]",0.00034689929645085986
NN6,1,T,0,316227766016.83795,"[667, 666, 667, 666, 667, 666, 667, 10]",0.0003362284441244829
NN6,1,T,0,421696503428.5823,"[1000, 666, 667, 666, 667, 666, 667, 10]",0.00032721232706370875
NN6,1,T,0,562341325190.3491,"[1000, 666, 667, 666, 667, 666, 667, 10]",0.0003200308338722259
NN6,1,T,0,749894209332.4558,"[1000, 1000, 1000, 1000, 1000, 1000, 1000, 10]",0.0003010265851583815
NN6,1,T,0,1000000000000.0,"[1000, 1000, 1000, 1000, 1000, 1000, 1000, 10]",0.00029451635352941173
NN6,1,T,0,1333521432163.324,"[1000, 1000, 1000, 1000, 1000, 1000, 1000, 10]",0.0002896343685294343
NN6,1,T,0,1778279410038.9229,"[1000, 1000, 1000, 1000, 1000, 1000, 1000, 10]",0.00028597339624790327
NN6,1,T,0,2371373705661.6553,"[1000, 1000, 1000, 1000, 1000, 1000, 1000, 10]",0.0002832280543334565
NN6,1,T,0,3162277660168.3794,"[1000, 1000, 1000, 1000, 1000, 1000, 1000, 10]",0.0002811693383291753
NN6,1,T,0,4216965034285.8223,"[1000, 1000, 1000, 1000, 1000, 1000, 1000, 10]",0.0002796255191189047
NN6,1,T,0,5623413251903.491,"[1000, 1000, 1000, 1000, 1000, 1000, 1000, 10]",0.00027846781803286656
NN6,1,T,0,7498942093324.559,"[1000, 1000, 1000, 1000, 1000, 1000, 1000, 10]",0.0002775996646923087
NN6,1,T,0,10000000000000.0,"[1000, 1000, 1000, 1000, 1000, 1000, 1000, 10]",0.00027694864152941174
NN6,1,T,0,1e+18,"[1000, 1000, 1000, 1000, 1000, 1000, 1000, 10]",0.0002749966930490917
NN6,1,T,0,435200000000.0,"[1000, 1000, 1000, 1000, 1000, 1000, 1000, 10]",0.0003198488794117647
NN6,8,R,1,1000000000.0,"[1000, 50, 50, 50, 50, 50, 50, 10]",0.024033865203703843
NN6,8,R,1,1333521432.163324,"[1000, 50, 50, 50, 50, 50, 55, 10]",0.01924501712705175
NN6,8,R,1,1778279410.0389228,"[1000, 50, 68, 68, 68, 68, 68, 10]",0.014979872117375283
NN6,8,R,1,2371373705.6616554,"[667, 100, 138, 138, 138, 125, 143, 10]",0.010675485931233734
NN6,8,R,1,3162277660.1683793,"[667, 100, 143, 143, 167, 167, 167, 10]",0.008460771777530981
NN6,8,R,1,4216965034.2858224,"[667, 100, 167, 167, 236, 167, 236, 10]",0.006794710916294979
NN6,8,R,1,5623413251.903491,"[512, 167, 236, 167, 236, 167, 236, 10]",0.0053905983132512296
NN6,8,R,1,7498942093.324558,"[586, 168, 312, 168, 312, 168, 308, 10]",0.004466238882670687
NN6,8,R,1,10000000000.0,"[586, 168, 312, 168, 312, 168, 308, 10]",0.003757420564563848
NN6,8,R,1,13335214321.63324,"[586, 169, 364, 169, 364, 169, 364, 10]",0.00322237089028152
NN6,8,R,1,17782794100.38923,"[575, 250, 500, 250, 500, 250, 500, 10]",0.002764135087342155
NN6,8,R,1,23713737056.61655,"[575, 250, 500, 250, 500, 250, 500, 10]",0.002396588087147987
NN6,8,R,1,31622776601.683792,"[575, 250, 500, 250, 500, 250, 500, 10]",0.0021209667200448655
NN6,8,R,1,42169650342.85822,"[575, 250, 500, 250, 500, 250, 500, 10]",0.0019142798528859397
NN6,8,R,1,56234132519.034904,"[586, 334, 512, 334, 512, 334, 500, 10]",0.001745174758721171
NN6,8,R,1,74989420933.24557,"[586, 334, 586, 334, 586, 334, 667, 10]",0.0016108994417167793
NN6,8,R,1,100000000000.0,"[586, 334, 586, 334, 586, 334, 667, 10]",0.0015045572697125443
NN6,8,R,1,133352143216.3324,"[574, 501, 574, 501, 574, 501, 667, 10]",0.0014063580624906612
NN6,8,R,1,177827941003.89227,"[574, 501, 574, 501, 574, 501, 667, 10]",0.001334948275928213
NN6,8,R,1,237137370566.16553,"[667, 666, 667, 666, 667, 666, 667, 10]",0.0012747607566609377
NN6,8,R,1,316227766016.83795,"[667, 666, 667, 666, 667, 666, 667, 10]",0.0012209301286859099
NN6,8,R,1,421696503428.5823,"[667, 666, 667, 666, 667, 666, 1000, 10]",0.0011783303867096797
NN6,8,R,1,562341325190.3491,"[667, 500, 667, 500, 667, 666, 1000, 10]",0.0011444975778615453
NN6,8,R,1,749894209332.4558,"[1000, 1000, 1000, 1000, 1000, 1000, 1000, 10]",0.001049951420554242
NN6,8,R,1,1000000000000.0,"[1000, 1000, 1000, 1000, 1000, 1000, 1000, 10]",0.0010204133537273284
NN6,8,R,1,1333521432163.324,"[1000, 1000, 1000, 1000, 1000, 1000, 1000, 10]",0.000998262928458951
NN6,8,R,1,1778279410038.9229,"[1000, 1000, 1000, 1000, 1000, 1000, 1000, 10]",0.0009816524528159433
NN6,8,R,1,2371373705661.6553,"[1000, 1000, 1000, 1000, 1000, 1000, 1000, 10]",0.0009691963533169942
NN6,8,R,1,3162277660168.3794,"[1000, 1000, 1000, 1000, 1000, 1000, 1000, 10]",0.0009598555964318633
NN6,8,R,1,4216965034285.8223,"[1000, 1000, 1000, 1000, 1000, 1000, 1000, 10]",0.0009528510169329214
NN6,8,R,1,5623413251903.491,"[1000, 1000, 1000, 1000, 1000, 1000, 1000, 10]",0.000947598323327856
NN6,8,R,1,7498942093324.559,"[1000, 1000, 1000, 1000, 1000, 1000, 1000, 10]",0.0009436593588100198
NN6,8,R,1,10000000000000.0,"[1000, 1000, 1000, 1000, 1000, 1000, 1000, 10]",0.0009407055521273285
NN6,8,R,1,1e+18,"[1000, 1000, 1000, 1000, 1000, 1000, 1000, 10]",0.0009318492182915525
NN6,8,R,1,435200000000.0,"[1000, 1000, 1000, 1000, 1000, 1000, 1000, 10]",0.001135351482668505
NN6,8,R,0,1000000000.0,"[1000, 50, 50, 50, 50, 50, 50, 10]",0.024035913203703844
NN6,8,R,0,1333521432.163324,"[1000, 50, 50, 50, 50, 50, 50, 10]",0.01924668743936917
NN6,8,R,0,1778279410.0389228,"[1000, 50, 50, 50, 50, 50, 50, 10]",0.015655274771508798
NN6,8,R,0,2371373705.6616554,"[1000, 50, 59, 59, 68, 67, 68, 10]",0.012441099175459651
NN6,8,R,0,3162277660.1683793,"[1000, 50, 68, 67, 68, 67, 68, 10]",0.010250972481128419
NN6,8,R,0,4216965034.2858224,"[667, 100, 138, 125, 138, 125, 138, 10]",0.007118688427917
NN6,8,R,0,5623413251.903491,"[667, 100, 143, 143, 167, 167, 167, 10]",0.005797104179245436
NN6,8,R,0,7498942093.324558,"[667, 100, 167, 167, 236, 167, 211, 10]",0.004811576733460204
NN6,8,R,0,10000000000.0,"[512, 167, 236, 167, 236, 167, 236, 10]",0.0039047581440580827
NN6,8,R,0,13335214321.63324,"[512, 167, 236, 167, 236, 167, 308, 10]",0.003364961028010032
NN6,8,R,0,17782794100.38923,"[586, 168, 312, 168, 312, 168, 308, 10]",0.0029309606457707145
NN6,8,R,0,23713737056.61655,"[586, 168, 312, 168, 312, 168, 308, 10]",0.0026061243049984163
NN6,8,R,0,31622776601.683792,"[586, 170, 512, 170, 512, 170, 445, 10]",0.0023460741239088576
NN6,8,R,0,42169650342.85822,"[575, 250, 500, 250, 500, 250, 500, 10]",0.002073369054372197
NN6,8,R,0,56234132519.034904,"[575, 250, 500, 250, 500, 250, 500, 10]",0.0018785866390202636
NN6,8,R,0,74989420933.24557,"[575, 250, 500, 250, 500, 250, 500, 10]",0.0017325204336680591
NN6,8,R,0,100000000000.0,"[586, 334, 512, 334, 512, 334, 500, 10]",0.0016164991987326941
NN6,8,R,0,133352143216.3324,"[586, 334, 512, 334, 512, 334, 572, 10]",0.0015169611738334466
NN6,8,R,0,177827941003.89227,"[586, 334, 586, 334, 586, 334, 667, 10]",0.0014350582557685117
NN6,8,R,0,237137370566.16553,"[574, 501, 574, 501, 574, 501, 667, 10]",0.0013600285629950422
NN6,8,R,0,316227766016.83795,"[574, 501, 574, 501, 574, 501, 667, 10]",0.0013002060525351775
NN6,8,R,0,421696503428.5823,"[667, 501, 574, 501, 574, 501, 667, 10]",0.0012547163509766199
NN6,8,R,0,562341325190.3491,"[667, 666, 667, 666, 667, 666, 667, 10]",0.0012064940448723777
NN6,8,R,0,749894209332.4558,"[667, 666, 667, 666, 667, 666, 1000, 10]",0.0011691844167711128
NN6,8,R,0,1000000000000.0,"[667, 666, 667, 666, 667, 666, 1000, 10]",0.0011378261054459126
NN6,8,R,0,1333521432163.324,"[1000, 1000, 1000, 1000, 1000, 1000, 1000, 10]",0.0010501013753955381
NN6,8,R,0,1778279410038.9229,"[1000, 1000, 1000, 1000, 1000, 1000, 1000, 10]",0.0010205258039944778
NN6,8,R,0,2371373705661.6553,"[1000, 1000, 1000, 1000, 1000, 1000, 1000, 10]",0.0009983472542631241
NN6,8,R,0,3162277660168.3794,"[1000, 1000, 1000, 1000, 1000, 1000, 1000, 10]",0.0009817156882481902
NN6,8,R,0,4216965034285.8223,"[1000, 1000, 1000, 1000, 1000, 1000, 1000, 10]",0.0009692437732014607
NN6,8,R,0,5623413251903.491,"[1000, 1000, 1000, 1000, 1000, 1000, 1000, 10]",0.0009598911563286319
NN6,8,R,0,7498942093324.559,"[1000, 1000, 1000, 1000, 1000, 1000, 1000, 10]",0.0009528776830935926
NN6,8,R,0,10000000000000.0,"[1000, 1000, 1000, 1000, 1000, 1000, 1000, 10]",0.0009476183201273285
NN6,8,R,0,1e+18,"[1000, 1000, 1000, 1000, 1000, 1000, 1000, 10]",0.0009318492874192325
NN6,8,R,0,435200000000.0,"[1000, 1000, 1000, 1000, 1000, 1000, 1000, 10]",0.0012941926591390931
NN6,8,T,1,1000000000.0,"[1000, 1000, 1000, 1000, 1000, 1000, 1000, 10]",0.018401882631862744
NN6,8,T,1,1333521432.163324,"[1000, 1000, 1000, 1000, 1000, 1000, 1000, 10]",0.014051114327877859
NN6,8,T,1,1778279410.0389228,"[1000, 1000, 1000, 1000, 1000, 1000, 1000, 10]",0.010788498370572403
NN6,8,T,1,2371373705.6616554,"[1000, 1000, 1000, 1000, 1000, 1000, 1000, 10]",0.008341881556913374
NN6,8,T,1,3162277660.1683793,"[1000, 1000, 1000, 1000, 1000, 1000, 1000, 10]",0.006507177775895045
NN6,8,T,1,4216965034.2858224,"[1000, 1000, 1000, 1000, 1000, 1000, 1000, 10]",0.005131344034669038
NN6,8,T,1,5623413251.903491,"[1000, 1000, 1000, 1000, 1000, 1000, 1000, 10]",0.004099614279119446
NN6,8,T,1,7498942093.324558,"[1000, 1000, 1000, 1000, 1000, 1000, 1000, 10]",0.0033259261098368175
NN6,8,T,1,10000000000.0,"[1000, 1000, 1000, 1000, 1000, 1000, 1000, 10]",0.002745741831862745
NN6,8,T,1,13335214321.63324,"[1000, 1000, 1000, 1000, 1000, 1000, 1000, 10]",0.0023106650014642566
NN6,8,T,1,17782794100.38923,"[1000, 1000, 1000, 1000, 1000, 1000, 1000, 10]",0.0019844034057337106
NN6,8,T,1,23713737056.61655,"[1000, 1000, 1000, 1000, 1000, 1000, 1000, 10]",0.0017397417243678079
NN6,8,T,1,31622776601.683792,"[1000, 1000, 1000, 1000, 1000, 1000, 1000, 10]",0.0015562713462659748
NN6,8,T,1,42169650342.85822,"[1000, 1000, 1000, 1000, 1000, 1000, 1000, 10]",0.0014186879721433741
NN6,8,T,1,56234132519.034904,"[1000, 1000, 1000, 1000, 1000, 1000, 1000, 10]",0.001315514996588415
NN6,8,T,1,74989420933.24557,"[1000, 1000, 1000, 1000, 1000, 1000, 1000, 10]",0.001238146179660152
NN6,8,T,1,100000000000.0,"[1000, 1000, 1000, 1000, 1000, 1000, 1000, 10]",0.0011801277518627448
NN6,8,T,1,133352143216.3324,"[1000, 1000, 1000, 1000, 1000, 1000, 1000, 10]",0.001136620068822896
NN6,8,T,1,177827941003.89227,"[1000, 1000, 1000, 1000, 1000, 1000, 1000, 10]",0.0011039939092498414
NN6,8,T,1,237137370566.16553,"[1000, 1000, 1000, 1000, 1000, 1000, 1000, 10]",0.0010795277411132511
NN6,8,T,1,316227766016.83795,"[1000, 1000, 1000, 1000, 1000, 1000, 1000, 10]",0.0010611807033030678
NN6,8,T,1,421696503428.5823,"[1000, 1000, 1000, 1000, 1000, 1000, 1000, 10]",0.0010474223658908078
NN6,8,T,1,562341325190.3491,"[1000, 1000, 1000, 1000, 1000, 1000, 1000, 10]",0.0010371050683353118
NN6,8,T,1,749894209332.4558,"[1000, 1000, 1000, 1000, 1000, 1000, 1000, 10]",0.0010293681866424857
NN6,8,T,1,1000000000000.0,"[1000, 1000, 1000, 1000, 1000, 1000, 1000, 10]",0.001023566343862745
NN6,8,T,1,1333521432163.324,"[1000, 1000, 1000, 1000, 1000, 1000, 1000, 10]",0.00101921557555876
NN6,8,T,1,1778279410038.9229,"[1000, 1000, 1000, 1000, 1000, 1000, 1000, 10]",0.0010159529596014546
NN6,8,T,1,2371373705661.6553,"[1000, 1000, 1000, 1000, 1000, 1000, 1000, 10]",0.0010135063427877955
NN6,8,T,1,3162277660168.3794,"[1000, 1000, 1000, 1000, 1000, 1000, 1000, 10]",0.0010116716390067772
NN6,8,T,1,4216965034285.8223,"[1000, 1000, 1000, 1000, 1000, 1000, 1000, 10]",0.001010295805265551
NN6,8,T,1,5623413251903.491,"[1000, 1000, 1000, 1000, 1000, 1000, 1000, 10]",0.0010092640755100016
NN6,8,T,1,7498942093324.559,"[1000, 1000, 1000, 1000, 1000, 1000, 1000, 10]",0.0010084903873407189
NN6,8,T,1,10000000000000.0,"[1000, 1000, 1000, 1000, 1000, 1000, 1000, 10]",0.0010079102030627449
NN6,8,T,1,1e+18,"[1000, 1000, 1000, 1000, 1000, 1000, 1000, 10]",0.001006170649258457
NN6,8,T,1,435200000000.0,"[1000, 1000, 1000, 1000, 1000, 1000, 1000, 10]",0.0010461423965686272
NN6,8,T,0,1000000000.0,"[51, 50, 50, 50, 50, 50, 50, 10]",0.023068587015073163
NN6,8,T,0,1333521432.163324,"[64, 50, 50, 50, 50, 50, 53, 10]",0.018768194145455025
NN6,8,T,0,1778279410.0389228,"[77, 59, 60, 59, 60, 59, 68, 10]",0.014837810374774218
NN6,8,T,0,2371373705.6616554,"[143, 91, 91, 91, 91, 91, 138, 10]",0.010978425070731376
NN6,8,T,0,3162277660.1683793,"[149, 91, 91, 91, 91, 91, 138, 10]",0.009092045641832778
NN6,8,T,0,4216965034.2858224,"[236, 167, 167, 167, 167, 167, 167, 10]",0.0065646887495749
NN6,8,T,0,5623413251.903491,"[236, 167, 167, 167, 167, 167, 236, 10]",0.005461152175391978
NN6,8,T,0,7498942093.324558,"[312, 167, 236, 167, 236, 167, 236, 10]",0.004599156103789507
NN6,8,T,0,10000000000.0,"[312, 167, 236, 167, 236, 167, 312, 10]",0.003933340949772312
NN6,8,T,0,13335214321.63324,"[512, 168, 312, 168, 312, 168, 312, 10]",0.0034191658560055174
NN6,8,T,0,17782794100.38923,"[512, 168, 312, 168, 312, 168, 364, 10]",0.0030076501393008523
NN6,8,T,0,23713737056.61655,"[512, 168, 312, 168, 312, 168, 445, 10]",0.0026948835496677097
NN6,8,T,0,31622776601.683792,"[500, 250, 500, 250, 500, 250, 500, 10]",0.0023997055256324306
NN6,8,T,0,42169650342.85822,"[500, 250, 500, 250, 500, 250, 500, 10]",0.0021541036530191198
NN6,8,T,0,56234132519.034904,"[500, 250, 500, 250, 500, 250, 500, 10]",0.00196992823094519
NN6,8,T,0,74989420933.24557,"[575, 250, 500, 250, 500, 250, 500, 10]",0.0018311689474963914
NN6,8,T,0,100000000000.0,"[586, 334, 586, 334, 586, 334, 512, 10]",0.0017122297772450997
NN6,8,T,0,133352143216.3324,"[586, 334, 586, 334, 586, 334, 512, 10]",0.0016141262010334837
NN6,8,T,0,177827941003.89227,"[667, 334, 586, 334, 586, 334, 586, 10]",0.001538623132156144
NN6,8,T,0,237137370566.16553,"[667, 503, 572, 502, 572, 502, 572, 10]",0.001463032126749416
NN6,8,T,0,316227766016.83795,"[667, 503, 572, 502, 572, 503, 667, 10]",0.0014002161168270423
NN6,8,T,0,421696503428.5823,"[667, 666, 667, 666, 667, 666, 667, 10]",0.001342603734964028
NN6,8,T,0,562341325190.3491,"[667, 666, 667, 666, 667, 666, 667, 10]",0.0012945984450590253
NN6,8,T,0,749894209332.4558,"[667, 666, 667, 666, 667, 666, 667, 10]",0.001258599556141938
NN6,8,T,0,1000000000000.0,"[1000, 1000, 1000, 1000, 1000, 1000, 1000, 10]",0.001162328071862745
NN6,8,T,0,1333521432163.324,"[1000, 1000, 1000, 1000, 1000, 1000, 1000, 10]",0.0011232721918629253
NN6,8,T,0,1778279410038.9229,"[1000, 1000, 1000, 1000, 1000, 1000, 1000, 10]",0.0010939844136106773
NN6,8,T,0,2371373705661.6553,"[1000, 1000, 1000, 1000, 1000, 1000, 1000, 10]",0.0010720216782951035
NN6,8,T,0,3162277660168.3794,"[1000, 1000, 1000, 1000, 1000, 1000, 1000, 10]",0.0010555519502608534
NN6,8,T,0,4216965034285.8223,"[1000, 1000, 1000, 1000, 1000, 1000, 1000, 10]",0.0010432013965786886
NN6,8,T,0,5623413251903.491,"[1000, 1000, 1000, 1000, 1000, 1000, 1000, 10]",0.0010339397878903838
NN6,8,T,0,7498942093324.559,"[1000, 1000, 1000, 1000, 1000, 1000, 1000, 10]",0.0010269945611659206
NN6,8,T,0,10000000000000.0,"[1000, 1000, 1000, 1000, 1000, 1000, 1000, 10]",0.0010217863758627448
NN6,8,T,0,1e+18,"[1000, 1000, 1000, 1000, 1000, 1000, 1000, 10]",0.001006170788020185
NN6,8,T,0,435200000000.0,"[1000, 1000, 1000, 1000, 1000, 1000, 1000, 10]",0.0013649882789215683
NN6,16,R,1,1000000000.0,"[1000, 50, 50, 50, 50, 50, 50, 10]",0.04730645220500529
NN6,16,R,1,1333521432.163324,"[1000, 50, 50, 50, 50, 50, 50, 10]",0.03772902510965452
NN6,16,R,1,1778279410.0389228,"[1000, 50, 68, 67, 80, 77, 77, 10]",0.029116844014317907
NN6,16,R,1,2371373705.6616554,"[667, 100, 143, 143, 143, 143, 143, 10]",0.020763939957099183
NN6,16,R,1,3162277660.1683793,"[667, 100, 143, 143, 167, 167, 167, 10]",0.016548662849527378
NN6,16,R,1,4216965034.2858224,"[667, 100, 167, 167, 236, 167, 211, 10]",0.01331610796584287
NN6,16,R,1,5623413251.903491,"[586, 167, 236, 167, 236, 167, 236, 10]",0.010533654664393136
NN6,16,R,1,7498942093.324558,"[586, 168, 287, 167, 287, 167, 286, 10]",0.008699492172581386
NN6,16,R,1,10000000000.0,"[586, 169, 336, 169, 336, 169, 334, 10]",0.0072902522685408975
NN6,16,R,1,13335214321.63324,"[586, 170, 364, 169, 364, 169, 364, 10]",0.006211241211064746
NN6,16,R,1,17782794100.38923,"[572, 201, 447, 201, 447, 201, 445, 10]",0.005359255353230178
NN6,16,R,1,23713737056.61655,"[575, 250, 500, 250, 500, 250, 500, 10]",0.004672592711400416
NN6,16,R,1,31622776601.683792,"[575, 250, 575, 250, 575, 250, 572, 10]",0.004115723134863601
NN6,16,R,1,42169650342.85822,"[575, 250, 575, 250, 575, 250, 572, 10]",0.003690946210601988
NN6,16,R,1,56234132519.034904,"[586, 334, 586, 334, 586, 334, 572, 10]",0.0033340200001774623
NN6,16,R,1,74989420933.24557,"[574, 501, 574, 501, 574, 501, 572, 10]",0.0030383451176720843
NN6,16,R,1,100000000000.0,"[574, 501, 574, 501, 574, 501, 572, 10]",0.0027949395755764157
NN6,16,R,1,133352143216.3324,"[574, 501, 574, 501, 574, 501, 572, 10]",0.0026124111690394467
NN6,16,R,1,177827941003.89227,"[574, 501, 574, 501, 574, 501, 667, 10]",0.002474753992356148
NN6,16,R,1,237137370566.16553,"[574, 501, 574, 501, 574, 501, 667, 10]",0.002367654421490455
NN6,16,R,1,316227766016.83795,"[574, 501, 574, 501, 574, 501, 667, 10]",0.002287341073476281
NN6,16,R,1,421696503428.5823,"[575, 500, 575, 500, 574, 501, 667, 10]",0.002226930027198915
NN6,16,R,1,562341325190.3491,"[667, 500, 575, 500, 575, 500, 1000, 10]",0.002173636543700235
NN6,16,R,1,749894209332.4558,"[1000, 1000, 1000, 1000, 1000, 1000, 1000, 10]",0.001994346449662205
NN6,16,R,1,1000000000000.0,"[1000, 1000, 1000, 1000, 1000, 1000, 1000, 10]",0.0019352703160083783
NN6,16,R,1,1333521432163.324,"[1000, 1000, 1000, 1000, 1000, 1000, 1000, 10]",0.0018909694654716232
NN6,16,R,1,1778279410038.9229,"[1000, 1000, 1000, 1000, 1000, 1000, 1000, 10]",0.0018577485141856081
NN6,16,R,1,2371373705661.6553,"[1000, 1000, 1000, 1000, 1000, 1000, 1000, 10]",0.0018328363151877097
NN6,16,R,1,3162277660168.3794,"[1000, 1000, 1000, 1000, 1000, 1000, 1000, 10]",0.001814154801417448
NN6,16,R,1,4216965034285.8223,"[1000, 1000, 1000, 1000, 1000, 1000, 1000, 10]",0.0018001456424195641
NN6,16,R,1,5623413251903.491,"[1000, 1000, 1000, 1000, 1000, 1000, 1000, 10]",0.0017896402552094333
NN6,16,R,1,7498942093324.559,"[1000, 1000, 1000, 1000, 1000, 1000, 1000, 10]",0.0017817623261737608
NN6,16,R,1,10000000000000.0,"[1000, 1000, 1000, 1000, 1000, 1000, 1000, 10]",0.0017758547128083782
NN6,16,R,1,1e+18,"[1000, 1000, 1000, 1000, 1000, 1000, 1000, 10]",0.0017581420451368262
NN6,16,R,1,435200000000.0,"[1000, 1000, 1000, 1000, 1000, 1000, 1000, 10]",0.002165146573890731
NN6,16,R,0,1000000000.0,"[1000, 50, 50, 50, 50, 50, 50, 10]",0.04731054820500529
NN6,16,R,0,1333521432.163324,"[1000, 50, 50, 50, 50, 50, 50, 10]",0.03773209667633595
NN6,16,R,0,1778279410.0389228,"[1000, 50, 50, 50, 50, 50, 50, 10]",0.030549271340615202
NN6,16,R,0,2371373705.6616554,"[1000, 50, 60, 59, 65, 63, 63, 10]",0.024349421328536354
NN6,16,R,0,3162277660.1683793,"[1000, 50, 68, 67, 68, 67, 68, 10]",0.019910458674946296
NN6,16,R,0,4216965034.2858224,"[667, 100, 143, 143, 143, 143, 143, 10]",0.01364343161942358
NN6,16,R,0,5623413251.903491,"[667, 100, 143, 143, 167, 167, 167, 10]",0.01122132765295629
NN6,16,R,0,7498942093.324558,"[667, 100, 167, 167, 214, 167, 211, 10]",0.009344786395447637
NN6,16,R,0,10000000000.0,"[586, 167, 236, 167, 236, 167, 236, 10]",0.00756222133935624
NN6,16,R,0,13335214321.63324,"[586, 167, 236, 167, 236, 167, 236, 10]",0.006484225524720324
NN6,16,R,0,17782794100.38923,"[586, 168, 287, 167, 287, 167, 286, 10]",0.005640066772065865
NN6,16,R,0,23713737056.61655,"[586, 169, 336, 169, 336, 169, 364, 10]",0.004979545627269667
NN6,16,R,0,31622776601.683792,"[586, 170, 364, 169, 364, 170, 445, 10]",0.0044688641556072705
NN6,16,R,0,42169650342.85822,"[572, 201, 447, 201, 447, 201, 445, 10]",0.004019692749333672
NN6,16,R,0,56234132519.034904,"[575, 250, 575, 250, 575, 250, 500, 10]",0.003636460964035596
NN6,16,R,0,74989420933.24557,"[575, 250, 575, 250, 575, 250, 572, 10]",0.0033316083748855343
NN6,16,R,0,100000000000.0,"[586, 334, 586, 334, 586, 334, 572, 10]",0.003079975152467663
NN6,16,R,0,133352143216.3324,"[586, 334, 586, 334, 586, 334, 572, 10]",0.002873711010101823
NN6,16,R,0,177827941003.89227,"[574, 501, 574, 501, 574, 501, 572, 10]",0.0026674377848524195
NN6,16,R,0,237137370566.16553,"[574, 501, 574, 501, 574, 501, 572, 10]",0.0025167983144960037
NN6,16,R,0,316227766016.83795,"[574, 501, 574, 501, 574, 501, 572, 10]",0.0024038346479788187
NN6,16,R,0,421696503428.5823,"[574, 501, 574, 501, 574, 501, 667, 10]",0.002315548437206911
NN6,16,R,0,562341325190.3491,"[574, 501, 574, 501, 574, 501, 667, 10]",0.0022482670975904834
NN6,16,R,0,749894209332.4558,"[575, 500, 575, 500, 574, 501, 667, 10]",0.0021976078184230063
NN6,16,R,0,1000000000000.0,"[667, 500, 575, 500, 574, 501, 1000, 10]",0.0021564104492789054
NN6,16,R,0,1333521432163.324,"[1000, 1000, 667, 500, 667, 666, 1000, 10]",0.0020744192401508095
NN6,16,R,0,1778279410038.9229,"[1000, 1000, 1000, 1000, 1000, 1000, 1000, 10]",0.0019354952165426768
NN6,16,R,0,2371373705661.6553,"[1000, 1000, 1000, 1000, 1000, 1000, 1000, 10]",0.0018911381170799695
NN6,16,R,0,3162277660168.3794,"[1000, 1000, 1000, 1000, 1000, 1000, 1000, 10]",0.0018578749850501016
NN6,16,R,0,4216965034285.8223,"[1000, 1000, 1000, 1000, 1000, 1000, 1000, 10]",0.0018329311549566427
NN6,16,R,0,5623413251903.491,"[1000, 1000, 1000, 1000, 1000, 1000, 1000, 10]",0.0018142259212109851
NN6,16,R,0,7498942093324.559,"[1000, 1000, 1000, 1000, 1000, 1000, 1000, 10]",0.0018001989747409065
NN6,16,R,0,10000000000000.0,"[1000, 1000, 1000, 1000, 1000, 1000, 1000, 10]",0.0017896802488083783
NN6,16,R,0,1e+18,"[1000, 1000, 1000, 1000, 1000, 1000, 1000, 10]",0.0017581421833921863
NN6,16,R,0,435200000000.0,"[1000, 1000, 1000, 1000, 1000, 1000, 1000, 10]",0.0024828289268319075
NN6,16,T,1,1000000000.0,"[1000, 1000, 1000, 1000, 1000, 1000, 1000, 10]",0.03668585290686255
NN6,16,T,1,1333521432.163324,"[1000, 1000, 1000, 1000, 1000, 1000, 1000, 10]",0.02798431629889277
NN6,16,T,1,1778279410.0389228,"[1000, 1000, 1000, 1000, 1000, 1000, 1000, 10]",0.02145908438428186
NN6,16,T,1,2371373705.6616554,"[1000, 1000, 1000, 1000, 1000, 1000, 1000, 10]",0.0165658507569638
NN6,16,T,1,3162277660.1683793,"[1000, 1000, 1000, 1000, 1000, 1000, 1000, 10]",0.012896443194927144
NN6,16,T,1,4216965034.2858224,"[1000, 1000, 1000, 1000, 1000, 1000, 1000, 10]",0.010144775712475131
NN6,16,T,1,5623413251.903491,"[1000, 1000, 1000, 1000, 1000, 1000, 1000, 10]",0.008081316201375947
NN6,16,T,1,7498942093.324558,"[1000, 1000, 1000, 1000, 1000, 1000, 1000, 10]",0.00653393986281069
NN6,16,T,1,10000000000.0,"[1000, 1000, 1000, 1000, 1000, 1000, 1000, 10]",0.005373571306862545
NN6,16,T,1,13335214321.63324,"[1000, 1000, 1000, 1000, 1000, 1000, 1000, 10]",0.004503417646065568
NN6,16,T,1,17782794100.38923,"[1000, 1000, 1000, 1000, 1000, 1000, 1000, 10]",0.003850894454604476
NN6,16,T,1,23713737056.61655,"[1000, 1000, 1000, 1000, 1000, 1000, 1000, 10]",0.0033615710918726708
NN6,16,T,1,31622776601.683792,"[1000, 1000, 1000, 1000, 1000, 1000, 1000, 10]",0.002994630335669005
NN6,16,T,1,42169650342.85822,"[1000, 1000, 1000, 1000, 1000, 1000, 1000, 10]",0.0027194635874238033
NN6,16,T,1,56234132519.034904,"[1000, 1000, 1000, 1000, 1000, 1000, 1000, 10]",0.0025131176363138853
NN6,16,T,1,74989420933.24557,"[1000, 1000, 1000, 1000, 1000, 1000, 1000, 10]",0.0023583800024573596
NN6,16,T,1,100000000000.0,"[1000, 1000, 1000, 1000, 1000, 1000, 1000, 10]",0.002242343146862545
NN6,16,T,1,133352143216.3324,"[1000, 1000, 1000, 1000, 1000, 1000, 1000, 10]",0.0021553277807828475
NN6,16,T,1,177827941003.89227,"[1000, 1000, 1000, 1000, 1000, 1000, 1000, 10]",0.002090075461636738
NN6,16,T,1,237137370566.16553,"[1000, 1000, 1000, 1000, 1000, 1000, 1000, 10]",0.0020411431253635577
NN6,16,T,1,316227766016.83795,"[1000, 1000, 1000, 1000, 1000, 1000, 1000, 10]",0.002004449049743191
NN6,16,T,1,421696503428.5823,"[1000, 1000, 1000, 1000, 1000, 1000, 1000, 10]",0.001976932374918671
NN6,16,T,1,562341325190.3491,"[1000, 1000, 1000, 1000, 1000, 1000, 1000, 10]",0.001956297779807679
NN6,16,T,1,749894209332.4558,"[1000, 1000, 1000, 1000, 1000, 1000, 1000, 10]",0.0019408240164220263
NN6,16,T,1,1000000000000.0,"[1000, 1000, 1000, 1000, 1000, 1000, 1000, 10]",0.001929220330862545
NN6,16,T,1,1333521432163.324,"[1000, 1000, 1000, 1000, 1000, 1000, 1000, 10]",0.0019205187942545753
NN6,16,T,1,1778279410038.9229,"[1000, 1000, 1000, 1000, 1000, 1000, 1000, 10]",0.0019139935623399642
NN6,16,T,1,2371373705661.6553,"[1000, 1000, 1000, 1000, 1000, 1000, 1000, 10]",0.0019091003287126462
NN6,16,T,1,3162277660168.3794,"[1000, 1000, 1000, 1000, 1000, 1000, 1000, 10]",0.0019054309211506096
NN6,16,T,1,4216965034285.8223,"[1000, 1000, 1000, 1000, 1000, 1000, 1000, 10]",0.0019026792536681577
NN6,16,T,1,5623413251903.491,"[1000, 1000, 1000, 1000, 1000, 1000, 1000, 10]",0.0019006157941570585
NN6,16,T,1,7498942093324.559,"[1000, 1000, 1000, 1000, 1000, 1000, 1000, 10]",0.0018990684178184932
NN6,16,T,1,10000000000000.0,"[1000, 1000, 1000, 1000, 1000, 1000, 1000, 10]",0.001897908049262545
NN6,16,T,1,1e+18,"[1000, 1000, 1000, 1000, 1000, 1000, 1000, 10]",0.001894428941653969
NN6,16,T,1,435200000000.0,"[1000, 1000, 1000, 1000, 1000, 1000, 1000, 10]",0.0019743724362743095
NN6,16,T,0,1000000000.0,"[53, 50, 50, 50, 50, 50, 50, 10]",0.0449746823213225
NN6,16,T,0,1333521432.163324,"[63, 50, 50, 50, 50, 50, 50, 10]",0.036391991415260096
NN6,16,T,0,1778279410.0389228,"[63, 50, 50, 50, 50, 50, 58, 10]",0.029898763409291478
NN6,16,T,0,2371373705.6616554,"[138, 77, 77, 77, 77, 77, 87, 10]",0.022146679258101893
NN6,16,T,0,3162277660.1683793,"[174, 143, 143, 143, 143, 143, 154, 10]",0.015724771635198018
NN6,16,T,0,4216965034.2858224,"[214, 167, 167, 167, 167, 167, 167, 10]",0.0127589311086672
NN6,16,T,0,5623413251.903491,"[287, 167, 167, 167, 167, 167, 236, 10]",0.010561222831356996
NN6,16,T,0,7498942093.324558,"[287, 167, 214, 167, 214, 167, 236, 10]",0.008872237342488353
NN6,16,T,0,10000000000.0,"[287, 167, 236, 167, 236, 167, 287, 10]",0.007555168127718708
NN6,16,T,0,13335214321.63324,"[364, 167, 287, 167, 287, 167, 337, 10]",0.006548512799925847
NN6,16,T,0,17782794100.38923,"[412, 169, 337, 167, 287, 167, 364, 10]",0.005749625956653138
NN6,16,T,0,23713737056.61655,"[445, 170, 364, 169, 364, 170, 445, 10]",0.005116943237392547
NN6,16,T,0,31622776601.683792,"[572, 201, 447, 201, 447, 201, 572, 10]",0.0045925582855800475
NN6,16,T,0,42169650342.85822,"[575, 250, 500, 250, 500, 250, 575, 10]",0.004152537466654454
NN6,16,T,0,56234132519.034904,"[575, 250, 575, 250, 575, 250, 575, 10]",0.0037746302882616894
NN6,16,T,0,74989420933.24557,"[575, 250, 575, 250, 575, 250, 575, 10]",0.0034852714594685893
NN6,16,T,0,100000000000.0,"[586, 334, 586, 334, 586, 334, 586, 10]",0.003238499099621668
NN6,16,T,0,133352143216.3324,"[572, 502, 572, 502, 572, 502, 572, 10]",0.0030224179337352526
NN6,16,T,0,177827941003.89227,"[572, 502, 572, 502, 572, 502, 572, 10]",0.0028277572214043126
NN6,16,T,0,237137370566.16553,"[572, 502, 572, 502, 572, 502, 572, 10]",0.00268178228044281
NN6,16,T,0,316227766016.83795,"[572, 502, 572, 502, 572, 502, 572, 10]",0.002572316517508132
NN6,16,T,0,421696503428.5823,"[572, 502, 572, 502, 572, 502, 572, 10]",0.0024902287757632576
NN6,16,T,0,562341325190.3491,"[572, 502, 572, 502, 572, 502, 572, 10]",0.002428671653571598
NN6,16,T,0,749894209332.4558,"[667, 503, 572, 502, 572, 503, 667, 10]",0.0023739879627479436
NN6,16,T,0,1000000000000.0,"[1000, 503, 572, 502, 572, 503, 667, 10]",0.0023220432071214257
NN6,16,T,0,1333521432163.324,"[1000, 1000, 1000, 1000, 1000, 1000, 1000, 10]",0.0021286320268629057
NN6,16,T,0,1778279410038.9229,"[1000, 1000, 1000, 1000, 1000, 1000, 1000, 10]",0.00207005647035841
NN6,16,T,0,2371373705661.6553,"[1000, 1000, 1000, 1000, 1000, 1000, 1000, 10]",0.002026130999727262
NN6,16,T,0,3162277660168.3794,"[1000, 1000, 1000, 1000, 1000, 1000, 1000, 10]",0.0019931915436587617
NN6,16,T,0,4216965034285.8223,"[1000, 1000, 1000, 1000, 1000, 1000, 1000, 10]",0.0019684904362944327
NN6,16,T,0,5623413251903.491,"[1000, 1000, 1000, 1000, 1000, 1000, 1000, 10]",0.0019499672189178226
NN6,16,T,0,7498942093324.559,"[1000, 1000, 1000, 1000, 1000, 1000, 1000, 10]",0.0019360767654688967
NN6,16,T,0,10000000000000.0,"[1000, 1000, 1000, 1000, 1000, 1000, 1000, 10]",0.001925660394862545
NN6,16,T,0,1e+18,"[1000, 1000, 1000, 1000, 1000, 1000, 1000, 10]",0.001894429219177425
NN6,16,T,0,435200000000.0,"[1000, 1000, 1000, 1000, 1000, 1000, 1000, 10]",0.002612064200980192
NN6,32,R,1,1000000000.0,"[1000, 50, 50, 50, 50, 50, 50, 10]",0.09609975386533094
NN6,32,R,1,1333521432.163324,"[1000, 50, 50, 50, 50, 50, 50, 10]",0.07694489967462942
NN6,32,R,1,1778279410.0389228,"[1000, 50, 60, 59, 73, 72, 71, 10]",0.06049478026025517
NN6,32,R,1,2371373705.6616554,"[667, 100, 143, 143, 154, 154, 154, 10]",0.04213663191103662
NN6,32,R,1,3162277660.1683793,"[667, 100, 167, 167, 167, 167, 167, 10]",0.03352797475788931
NN6,32,R,1,4216965034.2858224,"[586, 167, 236, 167, 236, 167, 211, 10]",0.02636627357427998
NN6,32,R,1,5623413251.903491,"[586, 167, 236, 167, 236, 167, 236, 10]",0.02151901258862747
NN6,32,R,1,7498942093.324558,"[586, 167, 236, 167, 236, 167, 236, 10]",0.017876675597007154
NN6,32,R,1,10000000000.0,"[586, 169, 336, 169, 336, 169, 334, 10]",0.01507588727202837
NN6,32,R,1,13335214321.63324,"[584, 203, 367, 204, 365, 204, 364, 10]",0.012891570753410478
NN6,32,R,1,17782794100.38923,"[572, 201, 447, 201, 447, 201, 445, 10]",0.011072953217292594
NN6,32,R,1,23713737056.61655,"[572, 201, 572, 201, 572, 201, 445, 10]",0.009733432482805844
NN6,32,R,1,31622776601.683792,"[575, 250, 575, 250, 575, 250, 572, 10]",0.008638363659998203
NN6,32,R,1,42169650342.85822,"[575, 250, 575, 250, 575, 250, 572, 10]",0.0077888098114749765
NN6,32,R,1,56234132519.034904,"[575, 500, 575, 500, 575, 500, 572, 10]",0.007062087744274905
NN6,32,R,1,74989420933.24557,"[575, 500, 575, 500, 575, 500, 572, 10]",0.006413834703073169
NN6,32,R,1,100000000000.0,"[575, 500, 575, 500, 575, 500, 572, 10]",0.005927713501293834
NN6,32,R,1,133352143216.3324,"[575, 500, 575, 500, 575, 500, 572, 10]",0.005563174027045776
NN6,32,R,1,177827941003.89227,"[575, 500, 575, 500, 575, 500, 667, 10]",0.005279964856335662
NN6,32,R,1,237137370566.16553,"[575, 500, 575, 500, 575, 500, 667, 10]",0.005066057269294502
NN6,32,R,1,316227766016.83795,"[575, 500, 575, 500, 575, 500, 800, 10]",0.004905209831160348
NN6,32,R,1,421696503428.5823,"[575, 500, 575, 500, 575, 500, 800, 10]",0.004776300332342981
NN6,32,R,1,562341325190.3491,"[1000, 1000, 1000, 1000, 1000, 1000, 1000, 10]",0.004237037636182399
NN6,32,R,1,749894209332.4558,"[1000, 1000, 1000, 1000, 1000, 1000, 1000, 10]",0.004079479055468953
NN6,32,R,1,1000000000000.0,"[1000, 1000, 1000, 1000, 1000, 1000, 1000, 10]",0.0039613267881612995
NN6,32,R,1,1333521432163.324,"[1000, 1000, 1000, 1000, 1000, 1000, 1000, 10]",0.0038727250870877893
NN6,32,R,1,1778279410038.9229,"[1000, 1000, 1000, 1000, 1000, 1000, 1000, 10]",0.003806283184515759
NN6,32,R,1,2371373705661.6553,"[1000, 1000, 1000, 1000, 1000, 1000, 1000, 10]",0.0037564587865199623
NN6,32,R,1,3162277660168.3794,"[1000, 1000, 1000, 1000, 1000, 1000, 1000, 10]",0.0037190957589794387
NN6,32,R,1,4216965034285.8223,"[1000, 1000, 1000, 1000, 1000, 1000, 1000, 10]",0.003691077440983671
NN6,32,R,1,5623413251903.491,"[1000, 1000, 1000, 1000, 1000, 1000, 1000, 10]",0.0036700666665634095
NN6,32,R,1,7498942093324.559,"[1000, 1000, 1000, 1000, 1000, 1000, 1000, 10]",0.0036543108084920646
NN6,32,R,1,10000000000000.0,"[1000, 1000, 1000, 1000, 1000, 1000, 1000, 10]",0.0036424955817612992
NN6,32,R,1,1e+18,"[1000, 1000, 1000, 1000, 1000, 1000, 1000, 10]",0.0036070702464181953
NN6,32,R,1,435200000000.0,"[1000, 1000, 1000, 1000, 1000, 1000, 1000, 10]",0.0044210793039260055
NN6,32,R,0,1000000000.0,"[1000, 50, 50, 50, 50, 50, 50, 10]",0.09610794586533095
NN6,32,R,0,1333521432.163324,"[1000, 50, 50, 50, 50, 50, 50, 10]",0.07695104280799227
NN6,32,R,0,1778279410.0389228,"[1000, 50, 50, 50, 50, 50, 50, 10]",0.06258539213655077
NN6,32,R,0,2371373705.6616554,"[1000, 50, 50, 50, 50, 50, 50, 10]",0.05181267388474389
NN6,32,R,0,3162277660.1683793,"[1000, 50, 64, 63, 73, 72, 73, 10]",0.04128609232481657
NN6,32,R,0,4216965034.2858224,"[667, 100, 143, 143, 154, 143, 154, 10]",0.027899676440751635
NN6,32,R,0,5623413251.903491,"[667, 100, 143, 143, 167, 167, 167, 10]",0.023016042664973452
NN6,32,R,0,7498942093.324558,"[667, 100, 167, 167, 214, 167, 211, 10]",0.01920403365558801
NN6,32,R,0,10000000000.0,"[586, 167, 236, 167, 236, 167, 236, 10]",0.015576145938553682
NN6,32,R,0,13335214321.63324,"[586, 167, 236, 167, 236, 167, 236, 10]",0.01342015430928185
NN6,32,R,0,17782794100.38923,"[586, 168, 287, 167, 287, 167, 334, 10]",0.01178819907218541
NN6,32,R,0,23713737056.61655,"[586, 169, 336, 169, 336, 169, 364, 10]",0.010453581454458878
NN6,32,R,0,31622776601.683792,"[572, 201, 447, 201, 447, 201, 445, 10]",0.009282667791104628
NN6,32,R,0,42169650342.85822,"[572, 201, 447, 201, 447, 201, 445, 10]",0.008393828009499584
NN6,32,R,0,56234132519.034904,"[575, 250, 575, 250, 575, 250, 572, 10]",0.007679994249368053
NN6,32,R,0,74989420933.24557,"[575, 250, 575, 250, 575, 250, 572, 10]",0.007070134140042069
NN6,32,R,0,100000000000.0,"[586, 334, 586, 334, 586, 334, 572, 10]",0.006572346817871318
NN6,32,R,0,133352143216.3324,"[574, 501, 574, 501, 574, 501, 572, 10]",0.006076572829090714
NN6,32,R,0,177827941003.89227,"[574, 501, 574, 501, 574, 501, 572, 10]",0.0056748109045906886
NN6,32,R,0,237137370566.16553,"[574, 501, 574, 501, 574, 501, 572, 10]",0.005373531963877857
NN6,32,R,0,316227766016.83795,"[574, 501, 574, 501, 574, 501, 667, 10]",0.00514219419297777
NN6,32,R,0,421696503428.5823,"[574, 501, 574, 501, 574, 501, 667, 10]",0.0049627519762514396
NN6,32,R,0,562341325190.3491,"[574, 501, 574, 501, 574, 501, 667, 10]",0.004828189297018584
NN6,32,R,0,749894209332.4558,"[574, 501, 574, 501, 574, 501, 800, 10]",0.00472140983542702
NN6,32,R,0,1000000000000.0,"[1000, 1000, 1000, 1000, 1000, 1000, 1000, 10]",0.004237837508161299
NN6,32,R,0,1333521432163.324,"[1000, 1000, 1000, 1000, 1000, 1000, 1000, 10]",0.004080078874834137
NN6,32,R,0,1778279410038.9229,"[1000, 1000, 1000, 1000, 1000, 1000, 1000, 10]",0.003961776589229897
NN6,32,R,0,2371373705661.6553,"[1000, 1000, 1000, 1000, 1000, 1000, 1000, 10]",0.003873062390304482
NN6,32,R,0,3162277660168.3794,"[1000, 1000, 1000, 1000, 1000, 1000, 1000, 10]",0.003806536126244746
NN6,32,R,0,4216965034285.8223,"[1000, 1000, 1000, 1000, 1000, 1000, 1000, 10]",0.003756648466057828
NN6,32,R,0,5623413251903.491,"[1000, 1000, 1000, 1000, 1000, 1000, 1000, 10]",0.003719237998566513
NN6,32,R,0,7498942093324.559,"[1000, 1000, 1000, 1000, 1000, 1000, 1000, 10]",0.003691184105626356
NN6,32,R,0,10000000000000.0,"[1000, 1000, 1000, 1000, 1000, 1000, 1000, 10]",0.0036701466537612994
NN6,32,R,0,1e+18,"[1000, 1000, 1000, 1000, 1000, 1000, 1000, 10]",0.0036070705229289154
NN6,32,R,0,435200000000.0,"[1000, 1000, 1000, 1000, 1000, 1000, 1000, 10]",0.005056444009808358
NN6,32,T,1,1000000000.0,"[1000, 1000, 1000, 1000, 1000, 1000, 1000, 10]",0.07344270664227831
NN6,32,T,1,1333521432.163324,"[1000, 1000, 1000, 1000, 1000, 1000, 1000, 10]",0.05603963342633877
NN6,32,T,1,1778279410.0389228,"[1000, 1000, 1000, 1000, 1000, 1000, 1000, 10]",0.04298916959711695
NN6,32,T,1,2371373705.6616554,"[1000, 1000, 1000, 1000, 1000, 1000, 1000, 10]",0.03320270234248083
NN6,32,T,1,3162277660.1683793,"[1000, 1000, 1000, 1000, 1000, 1000, 1000, 10]",0.02586388721840751
NN6,32,T,1,4216965034.2858224,"[1000, 1000, 1000, 1000, 1000, 1000, 1000, 10]",0.020360552253503483
NN6,32,T,1,5623413251.903491,"[1000, 1000, 1000, 1000, 1000, 1000, 1000, 10]",0.016233633231305115
NN6,32,T,1,7498942093.324558,"[1000, 1000, 1000, 1000, 1000, 1000, 1000, 10]",0.0131388805541746
NN6,32,T,1,10000000000.0,"[1000, 1000, 1000, 1000, 1000, 1000, 1000, 10]",0.010818143442278312
NN6,32,T,1,13335214321.63324,"[1000, 1000, 1000, 1000, 1000, 1000, 1000, 10]",0.009077836120684357
NN6,32,T,1,17782794100.38923,"[1000, 1000, 1000, 1000, 1000, 1000, 1000, 10]",0.007772789737762175
NN6,32,T,1,23713737056.61655,"[1000, 1000, 1000, 1000, 1000, 1000, 1000, 10]",0.006794143012298564
NN6,32,T,1,31622776601.683792,"[1000, 1000, 1000, 1000, 1000, 1000, 1000, 10]",0.006060261499891232
NN6,32,T,1,42169650342.85822,"[1000, 1000, 1000, 1000, 1000, 1000, 1000, 10]",0.005509928003400829
NN6,32,T,1,56234132519.034904,"[1000, 1000, 1000, 1000, 1000, 1000, 1000, 10]",0.005097236101180992
NN6,32,T,1,74989420933.24557,"[1000, 1000, 1000, 1000, 1000, 1000, 1000, 10]",0.004787760833467941
NN6,32,T,1,100000000000.0,"[1000, 1000, 1000, 1000, 1000, 1000, 1000, 10]",0.004555687122278312
NN6,32,T,1,133352143216.3324,"[1000, 1000, 1000, 1000, 1000, 1000, 1000, 10]",0.004381656390118916
NN6,32,T,1,177827941003.89227,"[1000, 1000, 1000, 1000, 1000, 1000, 1000, 10]",0.004251151751826698
NN6,32,T,1,237137370566.16553,"[1000, 1000, 1000, 1000, 1000, 1000, 1000, 10]",0.004153287079280337
NN6,32,T,1,316227766016.83795,"[1000, 1000, 1000, 1000, 1000, 1000, 1000, 10]",0.004079898928039604
NN6,32,T,1,421696503428.5823,"[1000, 1000, 1000, 1000, 1000, 1000, 1000, 10]",0.004024865578390564
NN6,32,T,1,562341325190.3491,"[1000, 1000, 1000, 1000, 1000, 1000, 1000, 10]",0.00398359638816858
NN6,32,T,1,749894209332.4558,"[1000, 1000, 1000, 1000, 1000, 1000, 1000, 10]",0.003952648861397274
NN6,32,T,1,1000000000000.0,"[1000, 1000, 1000, 1000, 1000, 1000, 1000, 10]",0.0039294414902783115
NN6,32,T,1,1333521432163.324,"[1000, 1000, 1000, 1000, 1000, 1000, 1000, 10]",0.003912038417062372
NN6,32,T,1,1778279410038.9229,"[1000, 1000, 1000, 1000, 1000, 1000, 1000, 10]",0.00389898795323315
NN6,32,T,1,2371373705661.6553,"[1000, 1000, 1000, 1000, 1000, 1000, 1000, 10]",0.003889201485978514
NN6,32,T,1,3162277660168.3794,"[1000, 1000, 1000, 1000, 1000, 1000, 1000, 10]",0.003881862670854441
NN6,32,T,1,4216965034285.8223,"[1000, 1000, 1000, 1000, 1000, 1000, 1000, 10]",0.003876359335889537
NN6,32,T,1,5623413251903.491,"[1000, 1000, 1000, 1000, 1000, 1000, 1000, 10]",0.0038722324168673386
NN6,32,T,1,7498942093324.559,"[1000, 1000, 1000, 1000, 1000, 1000, 1000, 10]",0.003869137664190208
NN6,32,T,1,10000000000000.0,"[1000, 1000, 1000, 1000, 1000, 1000, 1000, 10]",0.0038668169270783116
NN6,32,T,1,1e+18,"[1000, 1000, 1000, 1000, 1000, 1000, 1000, 10]",0.0038598587118611597
NN6,32,T,1,435200000000.0,"[1000, 1000, 1000, 1000, 1000, 1000, 1000, 10]",0.0040197457011018406
NN6,32,T,0,1000000000.0,"[50, 50, 50, 50, 50, 50, 50, 10]",0.09104693918443509
NN6,32,T,0,1333521432.163324,"[55, 50, 50, 50, 50, 50, 50, 10]",0.0739231760079507
NN6,32,T,0,1778279410.0389228,"[69, 50, 50, 50, 50, 50, 55, 10]",0.06098215642265923
NN6,32,T,0,2371373705.6616554,"[138, 77, 77, 77, 77, 77, 138, 10]",0.04519198053903681
NN6,32,T,0,3162277660.1683793,"[174, 143, 143, 143, 143, 143, 154, 10]",0.031863563448284074
NN6,32,T,0,4216965034.2858224,"[214, 167, 167, 167, 167, 167, 214, 10]",0.02589944180930733
NN6,32,T,0,5623413251.903491,"[287, 167, 167, 167, 167, 167, 236, 10]",0.021493890248802917
NN6,32,T,0,7498942093.324558,"[287, 167, 214, 167, 214, 167, 236, 10]",0.01810006716088822
NN6,32,T,0,10000000000.0,"[312, 167, 236, 167, 236, 167, 236, 10]",0.015474909281335094
NN6,32,T,0,13335214321.63324,"[312, 167, 236, 167, 236, 167, 337, 10]",0.013467215446520749
NN6,32,T,0,17782794100.38923,"[412, 169, 337, 168, 337, 169, 364, 10]",0.011895162125250148
NN6,32,T,0,23713737056.61655,"[445, 169, 337, 168, 337, 169, 445, 10]",0.010638616132715363
NN6,32,T,0,31622776601.683792,"[572, 201, 447, 201, 447, 201, 572, 10]",0.00948287626097694
NN6,32,T,0,42169650342.85822,"[572, 201, 572, 201, 572, 201, 572, 10]",0.0086223157673404
NN6,32,T,0,56234132519.034904,"[572, 251, 572, 251, 572, 251, 572, 10]",0.00792682540845882
NN6,32,T,0,74989420933.24557,"[572, 251, 572, 251, 572, 251, 572, 10]",0.007346757849922683
NN6,32,T,0,100000000000.0,"[572, 502, 572, 502, 572, 502, 572, 10]",0.006872656534373876
NN6,32,T,0,133352143216.3324,"[572, 502, 572, 502, 572, 502, 572, 10]",0.006353488070586901
NN6,32,T,0,177827941003.89227,"[572, 502, 572, 502, 572, 502, 572, 10]",0.005964166645925021
NN6,32,T,0,237137370566.16553,"[572, 502, 572, 502, 572, 502, 572, 10]",0.005672216764002015
NN6,32,T,0,316227766016.83795,"[572, 502, 572, 502, 572, 502, 572, 10]",0.00545328523813266
NN6,32,T,0,421696503428.5823,"[572, 502, 572, 502, 572, 502, 572, 10]",0.005289109754642911
NN6,32,T,0,562341325190.3491,"[667, 503, 572, 502, 572, 503, 667, 10]",0.0051579482771890225
NN6,32,T,0,749894209332.4558,"[667, 503, 572, 502, 572, 503, 667, 10]",0.005046350162146304
NN6,32,T,0,1000000000000.0,"[1000, 1000, 1000, 1000, 1000, 1000, 1000, 10]",0.004484488402278311
NN6,32,T,0,1333521432163.324,"[1000, 1000, 1000, 1000, 1000, 1000, 1000, 10]",0.004328264882279033
NN6,32,T,0,1778279410038.9229,"[1000, 1000, 1000, 1000, 1000, 1000, 1000, 10]",0.004211113769270042
NN6,32,T,0,2371373705661.6553,"[1000, 1000, 1000, 1000, 1000, 1000, 1000, 10]",0.0041232628280077465
NN6,32,T,0,3162277660168.3794,"[1000, 1000, 1000, 1000, 1000, 1000, 1000, 10]",0.004057383915870745
NN6,32,T,0,4216965034285.8223,"[1000, 1000, 1000, 1000, 1000, 1000, 1000, 10]",0.004007981701142087
NN6,32,T,0,5623413251903.491,"[1000, 1000, 1000, 1000, 1000, 1000, 1000, 10]",0.003970935266388867
NN6,32,T,0,7498942093324.559,"[1000, 1000, 1000, 1000, 1000, 1000, 1000, 10]",0.003943154359491015
NN6,32,T,0,10000000000000.0,"[1000, 1000, 1000, 1000, 1000, 1000, 1000, 10]",0.003922321618278312
NN6,32,T,0,1e+18,"[1000, 1000, 1000, 1000, 1000, 1000, 1000, 10]",0.0038598592669080714
NN6,32,T,0,435200000000.0,"[1000, 1000, 1000, 1000, 1000, 1000, 1000, 10]",0.005295129230513606
