tag,net,C,c,k,B,mux,P_lane_max,mu,bwd,F,P_lane_dbm,IL_window,acl,T,comp,comm,E_laser,E_tune,E_dyn,E_fab,E_leak,E_comp,E_total,max_chain,segments,relays,commF,commB,fabric_bound,T_max,T_bf,u_bf,T_ideal,E_ideal,acl_ideal,IL_ideal,P_ideal_dbm,secs
rate,NN2,64,16,4,10000000000.0,SDM,0.0,1,R,6,-5.638574516291353,13.661425483708648,"[51, 49, 63, 32, 1]",9.231529995099732e-05,8.011199203187251e-05,1.1958307919124815e-05,5.8549456732982975e-06,3.529215744000007e-06,4.021019648e-05,8.409472000000001e-05,2.8004769393134547e-06,0.00029263773999999997,0.0004291272948366117,6.0,3451.0,2807.0,1.0809186654447613e-06,1.0877389253680054e-05,0.0,9.249647642158556e-05,9.247059406864438e-05,63,8.460471171570324e-05,0.0004387705801684055,"[64, 49, 63, 32, 1]",32.76141276307128,13.461412763071277,0.8107738494873047
rate,NN2,64,16,2,20000000000.0,SDM,0.0,1,R,6,-1.1231245813316342,13.661425483708648,"[51, 49, 63, 32, 1]",9.204353524511497e-05,8.011199203187251e-05,1.1686543213242466e-05,8.280143578136094e-06,1.7646078720000036e-06,4.021019648e-05,8.409472000000001e-05,2.7922326851958073e-06,0.00029263773999999997,0.00042977964061533187,6.0,3451.0,2807.0,9.45036312503585e-07,1.074150690073888e-05,0.0,9.222471171570321e-05,9.219235877452673e-05,63,8.459177053923263e-05,0.0004166939445679771,"[64, 49, 63, 32, 1]",32.76141276307128,17.976862698030995,0.38816237449645996
rate,NN2,64,16,1,40000000000.0,SDM,0.0,1,R,3,-0.9829746030117281,9.286125527068837,"[49, 49, 63, 32, 1]",0.0001008411823039385,8.011199203187251e-05,2.0484190272065992e-05,7.810655277813449e-06,1.6116948479999974e-06,7.04939033599998e-05,8.409472000000001e-05,3.059118106372278e-06,0.00029263773999999997,0.0004597078315921855,11.0,6288.0,5648.0,1.6038598419153497e-06,1.8880330430150644e-05,0.0,0.00010112588818629145,0.0001010676528921738,63,8.459177053923263e-05,0.00040565582305952764,"[64, 49, 63, 32, 1]",32.76141276307128,22.49231263299071,0.4078943729400635
rate,NN2,64,16,4,10000000000.0,WDM,0.0,1,R,6,-4.5833578123999175,14.716642187600083,"[51, 49, 63, 32, 1]",9.231529995099732e-05,8.011199203187251e-05,1.1958307919124815e-05,7.4652531615244965e-06,4.141036339200001e-05,4.021019648e-05,8.409472000000001e-05,2.8004769393134547e-06,0.00029263773999999997,0.0004686187499728379,6.0,3451.0,2807.0,1.0809186654447613e-06,1.0877389253680054e-05,0.0,9.249647642158556e-05,9.247059406864438e-05,63,8.460471171570324e-05,0.0005043278337492056,"[64, 49, 63, 32, 1]",33.81662946696271,14.516629466962709,0.35425257682800293
rate,NN2,64,16,2,20000000000.0,WDM,0.0,1,R,6,-0.06790787744019866,14.716642187600083,"[51, 49, 63, 32, 1]",9.204353524511497e-05,8.011199203187251e-05,1.1686543213242466e-05,1.0557462267576584e-05,2.0705181696000004e-05,4.021019648e-05,8.409472000000001e-05,2.7922326851958073e-06,0.00029263773999999997,0.0004509975331287724,6.0,3451.0,2807.0,9.45036312503585e-07,1.074150690073888e-05,0.0,9.222471171570321e-05,9.219235877452673e-05,63,8.459177053923263e-05,0.00044947257135837714,"[64, 49, 63, 32, 1]",33.81662946696271,19.032079401922427,0.36615920066833496
rate,NN2,64,16,1,40000000000.0,WDM,0.0,1,R,2,-2.143670489677106,8.125429640403459,"[64, 25, 21, 17, 1]",0.00010858758089942532,8.704966585287079e-05,2.1292915046554525e-05,2.898582147494544e-06,3.8550651135999896e-06,3.3820293119999964e-05,3.9022592e-05,3.294112854164966e-06,0.00027939197999999997,0.0003622826252352594,16.0,3064.0,2732.0,2.7879281115125553e-06,1.850498693504197e-05,0.0,0.00011018235877452673,0.00011007235877452673,63,8.459177053923263e-05,0.00042204513645472763,"[64, 49, 63, 32, 1]",33.81662946696271,23.547529336882143,0.4959695339202881
rate,NN2,64,16,4,10000000000.0,SDM,8.0,1,R,6,-5.638574516291353,13.661425483708648,"[51, 49, 63, 32, 1]",9.231529995099732e-05,8.011199203187251e-05,1.1958307919124815e-05,5.8549456732982975e-06,3.529215744000007e-06,4.021019648e-05,8.409472000000001e-05,2.8004769393134547e-06,0.00029263773999999997,0.0004291272948366117,6.0,3451.0,2807.0,1.0809186654447613e-06,1.0877389253680054e-05,0.0,9.249647642158556e-05,9.247059406864438e-05,63,8.460471171570324e-05,0.0004387705801684055,"[64, 49, 63, 32, 1]",32.76141276307128,13.461412763071277,0.388089656829834
rate,NN2,64,16,2,20000000000.0,SDM,8.0,1,R,6,-1.1231245813316342,13.661425483708648,"[51, 49, 63, 32, 1]",9.204353524511497e-05,8.011199203187251e-05,1.1686543213242466e-05,8.280143578136094e-06,1.7646078720000036e-06,4.021019648e-05,8.409472000000001e-05,2.7922326851958073e-06,0.00029263773999999997,0.00042977964061533187,6.0,3451.0,2807.0,9.45036312503585e-07,1.074150690073888e-05,0.0,9.222471171570321e-05,9.219235877452673e-05,63,8.459177053923263e-05,0.0004166939445679771,"[64, 49, 63, 32, 1]",32.76141276307128,17.976862698030995,0.3964722156524658
rate,NN2,64,16,1,40000000000.0,SDM,8.0,1,R,6,3.392325353628083,13.661425483708648,"[51, 49, 63, 32, 1]",9.191412348040909e-05,8.011199203187251e-05,1.1557131448536583e-05,1.1709891346596595e-05,8.823039360000018e-07,4.021019648e-05,8.409472000000001e-05,2.7883068499016897e-06,0.00029263773999999997,0.0004323231586124982,6.0,3451.0,2807.0,8.803304301506438e-07,1.067680101838594e-05,0.0,9.209529995099733e-05,9.206294700982085e-05,63,8.459177053923263e-05,0.00040565582305952764,"[64, 49, 63, 32, 1]",32.76141276307128,22.49231263299071,0.35666894912719727
rate,NN2,64,16,4,10000000000.0,WDM,8.0,1,R,6,-4.5833578123999175,14.716642187600083,"[51, 49, 63, 32, 1]",9.231529995099732e-05,8.011199203187251e-05,1.1958307919124815e-05,7.4652531615244965e-06,4.141036339200001e-05,4.021019648e-05,8.409472000000001e-05,2.8004769393134547e-06,0.00029263773999999997,0.0004686187499728379,6.0,3451.0,2807.0,1.0809186654447613e-06,1.0877389253680054e-05,0.0,9.249647642158556e-05,9.247059406864438e-05,63,8.460471171570324e-05,0.0005043278337492056,"[64, 49, 63, 32, 1]",33.81662946696271,14.516629466962709,0.37047290802001953
rate,NN2,64,16,2,20000000000.0,WDM,8.0,1,R,6,-0.06790787744019866,14.716642187600083,"[51, 49, 63, 32, 1]",9.204353524511497e-05,8.011199203187251e-05,1.1686543213242466e-05,1.0557462267576584e-05,2.0705181696000004e-05,4.021019648e-05,8.409472000000001e-05,2.7922326851958073e-06,0.00029263773999999997,0.0004509975331287724,6.0,3451.0,2807.0,9.45036312503585e-07,1.074150690073888e-05,0.0,9.222471171570321e-05,9.219235877452673e-05,63,8.459177053923263e-05,0.00044947257135837714,"[64, 49, 63, 32, 1]",33.81662946696271,19.032079401922427,0.4033477306365967
rate,NN2,64,16,1,40000000000.0,WDM,8.0,1,R,6,4.447542057519518,14.716642187600083,"[51, 49, 63, 32, 1]",9.191412348040909e-05,8.011199203187251e-05,1.1557131448536583e-05,1.4930506323048993e-05,1.0352590848000002e-05,4.021019648e-05,8.409472000000001e-05,2.7883068499016897e-06,0.00029263773999999997,0.0004450140605009507,6.0,3451.0,2807.0,8.803304301506438e-07,1.067680101838594e-05,0.0,9.209529995099733e-05,9.206294700982085e-05,63,8.459177053923263e-05,0.00042204513645472763,"[64, 49, 63, 32, 1]",33.81662946696271,23.547529336882143,0.353238582611084
rate,NN2,64,16,4,10000000000.0,SDM,0.0,1,T,6,-5.638574516291353,13.661425483708648,"[64, 49, 63, 32, 1]",8.526208021975823e-05,8.315288994769223e-05,1.8641902720659933e-06,7.327650636558854e-07,4.416925695999993e-07,1.0023924479999984e-05,9.358912e-06,2.5865104655465856e-06,0.00036662558,0.00038976938457880244,6.0,3646.0,2976.0,1.0550363125035849e-06,8.091539595624086e-07,0.0,8.526208021975823e-05,8.526208021975823e-05,64,8.37244331609347e-05,0.00038823898568278345,"[47, 49, 63, 32, 1]",32.76141276307128,13.461412763071277,0.3568143844604492
rate,NN2,64,16,2,20000000000.0,SDM,0.0,1,T,6,-1.1231245813316342,13.661425483708648,"[64, 49, 63, 32, 1]",8.499031551387586e-05,8.315288994769223e-05,1.5924255661836405e-06,1.036286291055346e-06,2.2084628479999966e-07,1.0023924479999984e-05,9.358912e-06,2.5782662114289378e-06,0.00036662558,0.00038984381526728425,6.0,3646.0,2976.0,9.191539595624086e-07,6.732716066212321e-07,0.0,8.499031551387586e-05,8.499031551387586e-05,64,8.37179625726994e-05,0.00038663693587181206,"[47, 49, 63, 32, 1]",32.76141276307128,17.976862698030995,0.38762545585632324
rate,NN2,64,16,1,40000000000.0,SDM,0.0,1,T,3,-0.9829746030117281,9.286125527068837,"[64, 49, 63, 32, 1]",8.604590374916999e-05,8.315288994769223e-05,2.6480138014777582e-06,9.84514792608339e-07,2.0315035839999693e-07,1.2895720960000062e-05,9.358912e-06,2.6102885361348207e-06,0.00036662558,0.0003926781666471432,11.0,6703.0,6033.0,1.5779774889741733e-06,1.0700363125035852e-06,0.0,8.604590374916999e-05,8.604590374916999e-05,64,8.371472727858176e-05,0.0003858359109663264,"[47, 49, 63, 32, 1]",32.76141276307128,22.49231263299071,0.41584324836730957
rate,NN2,64,16,4,10000000000.0,WDM,0.0,1,T,6,-4.5833578123999175,14.716642187600083,"[64, 49, 63, 32, 1]",8.526208021975823e-05,8.315288994769223e-05,1.8641902720659933e-06,9.343001649117246e-07,4.499462220799995e-06,1.0023924479999984e-05,9.358912e-06,2.5865104655465856e-06,0.00036662558,0.0003940286893312583,6.0,3646.0,2976.0,1.0550363125035849e-06,8.091539595624086e-07,0.0,8.526208021975823e-05,8.526208021975823e-05,64,8.37244331609347e-05,0.0003920049708859835,"[47, 49, 63, 32, 1]",33.81662946696271,14.516629466962709,0.36136913299560547
rate,NN2,64,16,2,20000000000.0,WDM,0.0,1,T,6,-0.06790787744019866,14.716642187600083,"[64, 49, 63, 32, 1]",8.499031551387586e-05,8.315288994769223e-05,1.5924255661836405e-06,1.3212999645455926e-06,2.2497311103999976e-06,1.0023924479999984e-05,9.358912e-06,2.5782662114289378e-06,0.00036662558,0.00039215771376637453,6.0,3646.0,2976.0,9.191539595624086e-07,6.732716066212321e-07,0.0,8.499031551387586e-05,8.499031551387586e-05,64,8.37179625726994e-05,0.00038851992847341207,"[47, 49, 63, 32, 1]",33.81662946696271,19.032079401922427,0.3597221374511719
rate,NN2,64,16,1,40000000000.0,WDM,0.0,1,T,2,-2.143670489677106,8.125429640403459,"[64, 49, 63, 32, 1]",8.723413904328762e-05,8.315288994769223e-05,3.8362490955954046e-06,1.0972950837085334e-06,1.3695755391999818e-06,1.5763953920000402e-05,9.358912e-06,2.646334842017173e-06,0.00036662558,0.00039686165138492607,16.0,9758.0,9088.0,2.301506900738879e-06,1.534742194856526e-06,0.0,8.723413904328762e-05,8.723413904328762e-05,64,8.371472727858176e-05,0.00038677740726712637,"[47, 49, 63, 32, 1]",33.81662946696271,23.547529336882143,0.4332582950592041
rate,NN2,64,16,4,10000000000.0,SDM,8.0,1,T,6,-5.638574516291353,13.661425483708648,"[64, 49, 63, 32, 1]",8.526208021975823e-05,8.315288994769223e-05,1.8641902720659933e-06,7.327650636558854e-07,4.416925695999993e-07,1.0023924479999984e-05,9.358912e-06,2.5865104655465856e-06,0.00036662558,0.00038976938457880244,6.0,3646.0,2976.0,1.0550363125035849e-06,8.091539595624086e-07,0.0,8.526208021975823e-05,8.526208021975823e-05,64,8.37244331609347e-05,0.00038823898568278345,"[47, 49, 63, 32, 1]",32.76141276307128,13.461412763071277,0.3792109489440918
rate,NN2,64,16,2,20000000000.0,SDM,8.0,1,T,6,-1.1231245813316342,13.661425483708648,"[64, 49, 63, 32, 1]",8.499031551387586e-05,8.315288994769223e-05,1.5924255661836405e-06,1.036286291055346e-06,2.2084628479999966e-07,1.0023924479999984e-05,9.358912e-06,2.5782662114289378e-06,0.00036662558,0.00038984381526728425,6.0,3646.0,2976.0,9.191539595624086e-07,6.732716066212321e-07,0.0,8.499031551387586e-05,8.499031551387586e-05,64,8.37179625726994e-05,0.00038663693587181206,"[47, 49, 63, 32, 1]",32.76141276307128,17.976862698030995,0.36942338943481445
rate,NN2,64,16,1,40000000000.0,SDM,8.0,1,T,6,3.392325353628083,13.661425483708648,"[64, 49, 63, 32, 1]",8.485766845505234e-05,8.315288994769223e-05,1.459778507360111e-06,1.4655301273117707e-06,1.1042314239999983e-07,1.0023924479999984e-05,9.358912e-06,2.574242230252468e-06,0.00036662558,0.0003901586119799642,6.0,3646.0,2976.0,8.544480772094674e-07,6.053304301506438e-07,0.0,8.485766845505234e-05,8.485766845505234e-05,64,8.371472727858176e-05,0.0003858359109663264,"[47, 49, 63, 32, 1]",32.76141276307128,22.49231263299071,0.36538076400756836
rate,NN2,64,16,4,10000000000.0,WDM,8.0,1,T,6,-4.5833578123999175,14.716642187600083,"[64, 49, 63, 32, 1]",8.526208021975823e-05,8.315288994769223e-05,1.8641902720659933e-06,9.343001649117246e-07,4.499462220799995e-06,1.0023924479999984e-05,9.358912e-06,2.5865104655465856e-06,0.00036662558,0.0003940286893312583,6.0,3646.0,2976.0,1.0550363125035849e-06,8.091539595624086e-07,0.0,8.526208021975823e-05,8.526208021975823e-05,64,8.37244331609347e-05,0.0003920049708859835,"[47, 49, 63, 32, 1]",33.81662946696271,14.516629466962709,0.3874971866607666
rate,NN2,64,16,2,20000000000.0,WDM,8.0,1,T,6,-0.06790787744019866,14.716642187600083,"[64, 49, 63, 32, 1]",8.499031551387586e-05,8.315288994769223e-05,1.5924255661836405e-06,1.3212999645455926e-06,2.2497311103999976e-06,1.0023924479999984e-05,9.358912e-06,2.5782662114289378e-06,0.00036662558,0.00039215771376637453,6.0,3646.0,2976.0,9.191539595624086e-07,6.732716066212321e-07,0.0,8.499031551387586e-05,8.499031551387586e-05,64,8.37179625726994e-05,0.00038851992847341207,"[47, 49, 63, 32, 1]",33.81662946696271,19.032079401922427,0.3615376949310303
rate,NN2,64,16,1,40000000000.0,WDM,8.0,1,T,6,4.447542057519518,14.716642187600083,"[64, 49, 63, 32, 1]",8.485766845505234e-05,8.315288994769223e-05,1.459778507360111e-06,1.8686003298234492e-06,1.1248655551999988e-06,1.0023924479999984e-05,9.358912e-06,2.574242230252468e-06,0.00036662558,0.0003915761245952759,6.0,3646.0,2976.0,8.544480772094674e-07,6.053304301506438e-07,0.0,8.485766845505234e-05,8.485766845505234e-05,64,8.371472727858176e-05,0.00038677740726712637,"[47, 49, 63, 32, 1]",33.81662946696271,23.547529336882143,0.35131001472473145
rate,NN2,64,16,4,10000000000.0,SDM,0.0,8,R,6,-5.638574516291353,13.661425483708648,"[51, 49, 63, 32, 1]",0.00031422255211879677,0.0002211430677290837,9.111948438971307e-05,4.683956538638638e-05,2.8233725952000057e-05,0.00032168157184,0.0006727577600000001,9.532255341075818e-06,0.0018308307599999999,0.0029098756385194623,6.0,3451.0,2807.0,6.373859841915349e-06,8.474562454779772e-05,0.0,0.00031567196388350264,0.00031541314035409083,63,0.000256428601557423,0.0029871399511272297,"[64, 49, 63, 32, 1]",32.76141276307128,13.461412763071277,0.3478844165802002
rate,NN2,64,16,2,20000000000.0,SDM,0.0,8,R,6,-1.1231245813316342,13.661425483708648,"[51, 49, 63, 32, 1]",0.00031396372858938495,0.0002211430677290837,9.086066086030129e-05,6.624114862508875e-05,1.4116862976000029e-05,0.00032168157184,0.0006727577600000001,9.52440367048758e-06,0.0018308307599999999,0.0029151525071115765,6.0,3451.0,2807.0,6.244448077209467e-06,8.461621278309182e-05,0.0,0.00031541314035409083,0.00031515431682467907,63,0.000256428601557423,0.002810530006992038,"[64, 49, 63, 32, 1]",32.76141276307128,17.976862698030995,0.371962308883667
rate,NN2,64,16,1,40000000000.0,SDM,0.0,8,R,3,-0.9829746030117281,9.286125527068837,"[64, 25, 22, 16, 1]",0.0003694441891417991,0.0002474030388011269,0.00012008115034067217,2.1136539593405475e-05,4.361433292799996e-06,0.00019265101823999996,0.00031124070399999996,1.1207458921805617e-05,0.0017245881999999998,0.002265185354048011,11.0,2124.0,1792.0,1.4021751640924318e-05,0.00010605939869974785,0.0,0.00038645784623644376,0.00038317232976585556,51,0.000256428601557423,0.002722225034924442,"[64, 49, 63, 32, 1]",32.76141276307128,22.49231263299071,0.42545080184936523
rate,NN2,64,16,4,10000000000.0,WDM,0.0,8,R,6,-4.5833578123999175,14.716642187600083,"[51, 49, 63, 32, 1]",0.00031422255211879677,0.0002211430677290837,9.111948438971307e-05,5.972202529219597e-05,0.00033128290713600007,0.00032168157184,0.0006727577600000001,9.532255341075818e-06,0.0018308307599999999,0.0032258072796092717,6.0,3451.0,2807.0,6.373859841915349e-06,8.474562454779772e-05,0.0,0.00031567196388350264,0.00031541314035409083,63,0.000256428601557423,0.0035115979797736303,"[64, 49, 63, 32, 1]",33.81662946696271,14.516629466962709,0.36679720878601074
rate,NN2,64,16,2,20000000000.0,WDM,0.0,8,R,6,-0.06790787744019866,14.716642187600083,"[51, 49, 63, 32, 1]",0.00031396372858938495,0.0002211430677290837,9.086066086030129e-05,8.445969814061268e-05,0.00016564145356800003,0.00032168157184,0.0006727577600000001,9.52440367048758e-06,0.0018308307599999999,0.0030848956472191,6.0,3451.0,2807.0,6.244448077209467e-06,8.461621278309182e-05,0.0,0.00031541314035409083,0.00031515431682467907,63,0.000256428601557423,0.003072759021315238,"[64, 49, 63, 32, 1]",33.81662946696271,19.032079401922427,0.3870658874511719
rate,NN2,64,16,1,40000000000.0,WDM,0.0,8,R,2,-2.143670489677106,8.125429640403459,"[64, 17, 16, 16, 1]",0.00041438725167703024,0.00026349708201479796,0.0001489301696622323,1.5998614931044166e-05,2.113519165439997e-05,0.00018698653696000005,0.00023854489599999998,1.2570851666874389e-05,0.0017032070799999999,0.0021784431712123186,16.0,2184.0,1917.0,2.1199202478174965e-05,0.00012773096718405732,0.0,0.00045783902270703203,0.00042466072091656553,17,0.000256428601557423,0.0028533395420860417,"[64, 49, 63, 32, 1]",33.81662946696271,23.547529336882143,0.4612412452697754
rate,NN2,64,16,4,10000000000.0,SDM,8.0,8,R,6,-5.638574516291353,13.661425483708648,"[51, 49, 63, 32, 1]",0.00031422255211879677,0.0002211430677290837,9.111948438971307e-05,4.683956538638638e-05,2.8233725952000057e-05,0.00032168157184,0.0006727577600000001,9.532255341075818e-06,0.0018308307599999999,0.0029098756385194623,6.0,3451.0,2807.0,6.373859841915349e-06,8.474562454779772e-05,0.0,0.00031567196388350264,0.00031541314035409083,63,0.000256428601557423,0.0029871399511272297,"[64, 49, 63, 32, 1]",32.76141276307128,13.461412763071277,0.39710116386413574
rate,NN2,64,16,2,20000000000.0,SDM,8.0,8,R,6,-1.1231245813316342,13.661425483708648,"[51, 49, 63, 32, 1]",0.00031396372858938495,0.0002211430677290837,9.086066086030129e-05,6.624114862508875e-05,1.4116862976000029e-05,0.00032168157184,0.0006727577600000001,9.52440367048758e-06,0.0018308307599999999,0.0029151525071115765,6.0,3451.0,2807.0,6.244448077209467e-06,8.461621278309182e-05,0.0,0.00031541314035409083,0.00031515431682467907,63,0.000256428601557423,0.002810530006992038,"[64, 49, 63, 32, 1]",32.76141276307128,17.976862698030995,0.47241711616516113
rate,NN2,64,16,1,40000000000.0,SDM,8.0,8,R,6,3.392325353628083,13.661425483708648,"[51, 49, 63, 32, 1]",0.0003138343168246791,0.0002211430677290837,9.073124909559541e-05,9.367913077277276e-05,7.058431488000014e-06,0.00032168157184,0.0006727577600000001,9.520477835193465e-06,0.0018308307599999999,0.0029355281319359662,6.0,3451.0,2807.0,6.179742194856525e-06,8.455150690073888e-05,0.0,0.000315283728589385,0.0003150249050599732,63,0.000256428601557423,0.002722225034924442,"[64, 49, 63, 32, 1]",32.76141276307128,22.49231263299071,0.37712693214416504
rate,NN2,64,16,4,10000000000.0,WDM,8.0,8,R,6,-4.5833578123999175,14.716642187600083,"[51, 49, 63, 32, 1]",0.00031422255211879677,0.0002211430677290837,9.111948438971307e-05,5.972202529219597e-05,0.00033128290713600007,0.00032168157184,0.0006727577600000001,9.532255341075818e-06,0.0018308307599999999,0.0032258072796092717,6.0,3451.0,2807.0,6.373859841915349e-06,8.474562454779772e-05,0.0,0.00031567196388350264,0.00031541314035409083,63,0.000256428601557423,0.0035115979797736303,"[64, 49, 63, 32, 1]",33.81662946696271,14.516629466962709,0.3797900676727295
rate,NN2,64,16,2,20000000000.0,WDM,8.0,8,R,6,-0.06790787744019866,14.716642187600083,"[51, 49, 63, 32, 1]",0.00031396372858938495,0.0002211430677290837,9.086066086030129e-05,8.445969814061268e-05,0.00016564145356800003,0.00032168157184,0.0006727577600000001,9.52440367048758e-06,0.0018308307599999999,0.0030848956472191,6.0,3451.0,2807.0,6.244448077209467e-06,8.461621278309182e-05,0.0,0.00031541314035409083,0.00031515431682467907,63,0.000256428601557423,0.003072759021315238,"[64, 49, 63, 32, 1]",33.81662946696271,19.032079401922427,0.3597264289855957
rate,NN2,64,16,1,40000000000.0,WDM,8.0,8,R,6,4.447542057519518,14.716642187600083,"[51, 49, 63, 32, 1]",0.0003138343168246791,0.0002211430677290837,9.073124909559541e-05,0.00011944405058439194,8.282072678400002e-05,0.00032168157184,0.0006727577600000001,9.520477835193465e-06,0.0018308307599999999,0.0030370553470435856,6.0,3451.0,2807.0,6.179742194856525e-06,8.455150690073888e-05,0.0,0.000315283728589385,0.0003150249050599732,63,0.000256428601557423,0.0028533395420860417,"[64, 49, 63, 32, 1]",33.81662946696271,23.547529336882143,0.43123555183410645
rate,NN2,64,16,4,10000000000.0,SDM,0.0,8,T,6,-5.638574516291353,13.661425483708648,"[64, 49, 63, 32, 1]",0.0002424173993973097,0.00023011673853700842,1.0340660860301286e-05,5.862120509247083e-06,3.5335405567999945e-06,8.019139583999988e-05,7.4871296e-05,7.353974228116787e-06,0.00207763348,0.002249445807134164,6.0,3646.0,2976.0,6.166801018385937e-06,4.173859841915349e-06,0.0,0.0002424173993973097,0.0002424173993973097,64,0.00023414591316756915,0.002237324860649158,"[47, 49, 63, 32, 1]",32.76141276307128,13.461412763071277,0.33872175216674805
rate,NN2,64,16,2,20000000000.0,SDM,0.0,8,T,6,-1.1231245813316342,13.661425483708648,"[64, 49, 63, 32, 1]",0.00024215857586789793,0.00023011673853700842,1.0081837330889521e-05,8.290290328442768e-06,1.7667702783999973e-06,8.019139583999988e-05,7.4871296e-05,7.346122557528551e-06,0.00207763348,0.002250099355004371,6.0,3646.0,2976.0,6.037389253680055e-06,4.044448077209467e-06,0.0,0.00024215857586789793,0.00024215857586789793,64,0.00023414591316756915,0.002224510032495505,"[47, 49, 63, 32, 1]",32.76141276307128,17.976862698030995,0.37317633628845215
rate,NN2,64,16,1,40000000000.0,SDM,0.0,8,T,3,-0.9829746030117281,9.286125527068837,"[64, 49, 63, 32, 1]",0.0002504644582208391,0.00023011673853700842,1.8387719683830697e-05,7.876118340866712e-06,1.6252028671999754e-06,0.0001031657676800005,7.4871296e-05,7.598089804587374e-06,0.00207763348,0.0022727699546926544,11.0,6703.0,6033.0,1.1225624547797702e-05,7.162095136032996e-06,0.0,0.0002504644582208391,0.0002504644582208391,64,0.00023414591316756915,0.0022181026184186783,"[47, 49, 63, 32, 1]",32.76141276307128,22.49231263299071,0.387282133102417
rate,NN2,64,16,4,10000000000.0,WDM,0.0,8,T,6,-4.5833578123999175,14.716642187600083,"[64, 49, 63, 32, 1]",0.0002424173993973097,0.00023011673853700842,1.0340660860301286e-05,7.474401319293797e-06,3.599569776639996e-05,8.019139583999988e-05,7.4871296e-05,7.353974228116787e-06,0.00207763348,0.0022835202451538103,6.0,3646.0,2976.0,6.166801018385937e-06,4.173859841915349e-06,0.0,0.0002424173993973097,0.0002424173993973097,64,0.00023414591316756915,0.0022674527422747582,"[47, 49, 63, 32, 1]",33.81662946696271,14.516629466962709,0.36894869804382324
rate,NN2,64,16,2,20000000000.0,WDM,0.0,8,T,6,-0.06790787744019866,14.716642187600083,"[64, 49, 63, 32, 1]",0.00024215857586789793,0.00023011673853700842,1.0081837330889521e-05,1.057039971636474e-05,1.799784888319998e-05,8.019139583999988e-05,7.4871296e-05,7.346122557528551e-06,0.00207763348,0.0022686105429970934,6.0,3646.0,2976.0,6.037389253680055e-06,4.044448077209467e-06,0.0,0.00024215857586789793,0.00024215857586789793,64,0.00023414591316756915,0.002239573973308305,"[47, 49, 63, 32, 1]",33.81662946696271,19.032079401922427,0.36085057258605957
rate,NN2,64,16,1,40000000000.0,WDM,0.0,8,T,2,-2.143670489677106,8.125429640403459,"[64, 49, 63, 32, 1]",0.00025889975233848615,0.00023011673853700842,2.6823013801477753e-05,8.778360669668268e-06,1.0956604313599854e-05,0.00012611163136000322,7.4871296e-05,7.853982886940315e-06,0.00207763348,0.0023062053552302115,16.0,9758.0,9088.0,1.6478565724268287e-05,1.0344448077209467e-05,0.0,0.00025889975233848615,0.00025889975233848615,64,0.00023414591316756915,0.002225634588825078,"[47, 49, 63, 32, 1]",33.81662946696271,23.547529336882143,0.4086282253265381
rate,NN2,64,16,4,10000000000.0,SDM,8.0,8,T,6,-5.638574516291353,13.661425483708648,"[64, 49, 63, 32, 1]",0.0002424173993973097,0.00023011673853700842,1.0340660860301286e-05,5.862120509247083e-06,3.5335405567999945e-06,8.019139583999988e-05,7.4871296e-05,7.353974228116787e-06,0.00207763348,0.002249445807134164,6.0,3646.0,2976.0,6.166801018385937e-06,4.173859841915349e-06,0.0,0.0002424173993973097,0.0002424173993973097,64,0.00023414591316756915,0.002237324860649158,"[47, 49, 63, 32, 1]",32.76141276307128,13.461412763071277,0.36897778511047363
rate,NN2,64,16,2,20000000000.0,SDM,8.0,8,T,6,-1.1231245813316342,13.661425483708648,"[64, 49, 63, 32, 1]",0.00024215857586789793,0.00023011673853700842,1.0081837330889521e-05,8.290290328442768e-06,1.7667702783999973e-06,8.019139583999988e-05,7.4871296e-05,7.346122557528551e-06,0.00207763348,0.002250099355004371,6.0,3646.0,2976.0,6.037389253680055e-06,4.044448077209467e-06,0.0,0.00024215857586789793,0.00024215857586789793,64,0.00023414591316756915,0.002224510032495505,"[47, 49, 63, 32, 1]",32.76141276307128,17.976862698030995,0.3654046058654785
rate,NN2,64,16,1,40000000000.0,SDM,8.0,8,T,6,3.392325353628083,13.661425483708648,"[64, 49, 63, 32, 1]",0.00024202916410319205,0.00023011673853700842,9.952425566183637e-06,1.1724241018494166e-05,8.833851391999986e-07,8.019139583999988e-05,7.4871296e-05,7.342196722234434e-06,0.00207763348,0.0022526459947199286,6.0,3646.0,2976.0,5.9726833713271135e-06,3.9797421948565245e-06,0.0,0.00024202916410319205,0.00024202916410319205,64,0.00023414591316756915,0.0022181026184186783,"[47, 49, 63, 32, 1]",32.76141276307128,22.49231263299071,0.3660125732421875
rate,NN2,64,16,4,10000000000.0,WDM,8.0,8,T,6,-4.5833578123999175,14.716642187600083,"[64, 49, 63, 32, 1]",0.0002424173993973097,0.00023011673853700842,1.0340660860301286e-05,7.474401319293797e-06,3.599569776639996e-05,8.019139583999988e-05,7.4871296e-05,7.353974228116787e-06,0.00207763348,0.0022835202451538103,6.0,3646.0,2976.0,6.166801018385937e-06,4.173859841915349e-06,0.0,0.0002424173993973097,0.0002424173993973097,64,0.00023414591316756915,0.0022674527422747582,"[47, 49, 63, 32, 1]",33.81662946696271,14.516629466962709,0.3669559955596924
rate,NN2,64,16,2,20000000000.0,WDM,8.0,8,T,6,-0.06790787744019866,14.716642187600083,"[64, 49, 63, 32, 1]",0.00024215857586789793,0.00023011673853700842,1.0081837330889521e-05,1.057039971636474e-05,1.799784888319998e-05,8.019139583999988e-05,7.4871296e-05,7.346122557528551e-06,0.00207763348,0.0022686105429970934,6.0,3646.0,2976.0,6.037389253680055e-06,4.044448077209467e-06,0.0,0.00024215857586789793,0.00024215857586789793,64,0.00023414591316756915,0.002239573973308305,"[47, 49, 63, 32, 1]",33.81662946696271,19.032079401922427,0.36205339431762695
rate,NN2,64,16,1,40000000000.0,WDM,8.0,8,T,6,4.447542057519518,14.716642187600083,"[64, 49, 63, 32, 1]",0.00024202916410319205,0.00023011673853700842,9.952425566183637e-06,1.4948802638587594e-05,8.99892444159999e-06,8.019139583999988e-05,7.4871296e-05,7.342196722234434e-06,0.00207763348,0.002263986095642422,6.0,3646.0,2976.0,5.9726833713271135e-06,3.9797421948565245e-06,0.0,0.00024202916410319205,0.00024202916410319205,64,0.00023414591316756915,0.002225634588825078,"[47, 49, 63, 32, 1]",33.81662946696271,23.547529336882143,0.39005064964294434
rate,NN2,64,16,4,10000000000.0,SDM,0.0,32,R,6,-5.638574516291353,13.661425483708648,"[51, 49, 63, 32, 1]",0.001074379657813664,0.0007039660557768924,0.0003625736020367718,0.00018735826154554552,0.00011293490380800023,0.00128672628736,0.0026910310400000003,3.259238129943531e-05,0.0071046354,0.01141527827401298,6.0,3451.0,2807.0,2.454327160662123e-05,0.0003380303304301506,0.0,0.0010801773048724878,0.0010791420107548405,63,0.0008449327660758198,0.011724387972673212,"[64, 49, 63, 32, 1]",32.76141276307128,13.461412763071277,0.40646910667419434
rate,NN2,64,16,2,20000000000.0,SDM,0.0,32,R,6,-1.1231245813316342,13.661425483708648,"[51, 49, 63, 32, 1]",0.0010741208342842524,0.0007039660557768924,0.0003623147785073601,0.000264964594500355,5.6467451904000115e-05,0.00128672628736,0.0026910310400000003,3.258452962884708e-05,0.0071046354,0.011436409303393203,6.0,3451.0,2807.0,2.441385984191535e-05,0.00033790091866544474,0.0,0.001079918481343076,0.0010788831872254288,63,0.0008449327660758198,0.011017948196132443,"[64, 49, 63, 32, 1]",32.76141276307128,17.976862698030995,0.38852453231811523
rate,NN2,64,16,1,40000000000.0,SDM,0.0,32,R,3,-0.9829746030117281,9.286125527068837,"[64, 25, 22, 16, 1]",0.0013190229152133459,0.0008317511766373797,0.0004794317385759662,8.45461583736219e-05,1.7445733171199983e-05,0.0007706040729599998,0.0012449628159999998,4.0013879155912056e-05,0.00667966516,0.008837237819660733,11.0,2124.0,1792.0,5.564057517033608e-05,0.00042379116340563014,0.0,0.0013640267166371936,0.00135898725075484,51,0.0008449327660758198,0.01066472830786206,"[64, 49, 63, 32, 1]",32.76141276307128,22.49231263299071,0.3867485523223877
rate,NN2,64,16,4,10000000000.0,WDM,0.0,32,R,6,-4.5833578123999175,14.716642187600083,"[51, 49, 63, 32, 1]",0.001074379657813664,0.0007039660557768924,0.0003625736020367718,0.0002388881011687839,0.0013251316285440003,0.00128672628736,0.0026910310400000003,3.259238129943531e-05,0.0071046354,0.01267900483837222,6.0,3451.0,2807.0,2.454327160662123e-05,0.0003380303304301506,0.0,0.0010801773048724878,0.0010791420107548405,63,0.0008449327660758198,0.013822220087258813,"[64, 49, 63, 32, 1]",33.81662946696271,14.516629466962709,0.37797021865844727
rate,NN2,64,16,2,20000000000.0,WDM,0.0,32,R,6,-0.06790787744019866,14.716642187600083,"[51, 49, 63, 32, 1]",0.0010741208342842524,0.0007039660557768924,0.0003623147785073601,0.0003378387925624507,0.0006625658142720001,0.00128672628736,0.0026910310400000003,3.258452962884708e-05,0.0071046354,0.012115381863823299,6.0,3451.0,2807.0,2.441385984191535e-05,0.00033790091866544474,0.0,0.001079918481343076,0.0010788831872254288,63,0.0008449327660758198,0.012066864253425244,"[64, 49, 63, 32, 1]",33.81662946696271,19.032079401922427,0.40206050872802734
rate,NN2,64,16,1,40000000000.0,WDM,0.0,32,R,2,-2.143670489677106,8.125429640403459,"[64, 25, 18, 16, 1]",0.001501293554327011,0.0008532373900625318,0.0006402161642644793,8.809239429993263e-05,0.00011704224030719971,0.001027799941119999,0.001190371328,4.55432412640642e-05,0.00666360884,0.009132457984991195,16.0,2919.0,2603.0,8.38539644851808e-05,0.0005563621997792985,0.0,0.0016490925989901348,0.0015891921148568086,17,0.0008449327660758198,0.01118918633650846,"[64, 49, 63, 32, 1]",33.81662946696271,23.547529336882143,0.47811460494995117
rate,NN2,64,16,4,10000000000.0,SDM,8.0,32,R,6,-5.638574516291353,13.661425483708648,"[51, 49, 63, 32, 1]",0.001074379657813664,0.0007039660557768924,0.0003625736020367718,0.00018735826154554552,0.00011293490380800023,0.00128672628736,0.0026910310400000003,3.259238129943531e-05,0.0071046354,0.01141527827401298,6.0,3451.0,2807.0,2.454327160662123e-05,0.0003380303304301506,0.0,0.0010801773048724878,0.0010791420107548405,63,0.0008449327660758198,0.011724387972673212,"[64, 49, 63, 32, 1]",32.76141276307128,13.461412763071277,0.3823561668395996
rate,NN2,64,16,2,20000000000.0,SDM,8.0,32,R,6,-1.1231245813316342,13.661425483708648,"[51, 49, 63, 32, 1]",0.0010741208342842524,0.0007039660557768924,0.0003623147785073601,0.000264964594500355,5.6467451904000115e-05,0.00128672628736,0.0026910310400000003,3.258452962884708e-05,0.0071046354,0.011436409303393203,6.0,3451.0,2807.0,2.441385984191535e-05,0.00033790091866544474,0.0,0.001079918481343076,0.0010788831872254288,63,0.0008449327660758198,0.011017948196132443,"[64, 49, 63, 32, 1]",32.76141276307128,17.976862698030995,0.3762702941894531
rate,NN2,64,16,1,40000000000.0,SDM,8.0,32,R,6,3.392325353628083,13.661425483708648,"[51, 49, 63, 32, 1]",0.0010739914225195465,0.0007039660557768924,0.0003621853667426542,0.00037471652309109104,2.8233725952000057e-05,0.00128672628736,0.0026910310400000003,3.258060379355296e-05,0.0071046354,0.011517923580196644,6.0,3451.0,2807.0,2.4349153959562405e-05,0.0003378362127830918,0.0,0.0010797890695783702,0.001078753775460723,63,0.0008449327660758198,0.01066472830786206,"[64, 49, 63, 32, 1]",32.76141276307128,22.49231263299071,0.38713979721069336
rate,NN2,64,16,4,10000000000.0,WDM,8.0,32,R,6,-4.5833578123999175,14.716642187600083,"[51, 49, 63, 32, 1]",0.001074379657813664,0.0007039660557768924,0.0003625736020367718,0.0002388881011687839,0.0013251316285440003,0.00128672628736,0.0026910310400000003,3.259238129943531e-05,0.0071046354,0.01267900483837222,6.0,3451.0,2807.0,2.454327160662123e-05,0.0003380303304301506,0.0,0.0010801773048724878,0.0010791420107548405,63,0.0008449327660758198,0.013822220087258813,"[64, 49, 63, 32, 1]",33.81662946696271,14.516629466962709,0.38304972648620605
rate,NN2,64,16,2,20000000000.0,WDM,8.0,32,R,6,-0.06790787744019866,14.716642187600083,"[51, 49, 63, 32, 1]",0.0010741208342842524,0.0007039660557768924,0.0003623147785073601,0.0003378387925624507,0.0006625658142720001,0.00128672628736,0.0026910310400000003,3.258452962884708e-05,0.0071046354,0.012115381863823299,6.0,3451.0,2807.0,2.441385984191535e-05,0.00033790091866544474,0.0,0.001079918481343076,0.0010788831872254288,63,0.0008449327660758198,0.012066864253425244,"[64, 49, 63, 32, 1]",33.81662946696271,19.032079401922427,0.3791379928588867
rate,NN2,64,16,1,40000000000.0,WDM,8.0,32,R,6,4.447542057519518,14.716642187600083,"[51, 49, 63, 32, 1]",0.0010739914225195465,0.0007039660557768924,0.0003621853667426542,0.0004777762023375678,0.00033128290713600007,0.00128672628736,0.0026910310400000003,3.258060379355296e-05,0.0071046354,0.011924032440627123,6.0,3451.0,2807.0,2.4349153959562405e-05,0.0003378362127830918,0.0,0.0010797890695783702,0.001078753775460723,63,0.0008449327660758198,0.01118918633650846,"[64, 49, 63, 32, 1]",33.81662946696271,23.547529336882143,0.3885009288787842
rate,NN2,64,16,4,10000000000.0,SDM,0.0,32,T,6,-5.638574516291353,13.661425483708648,"[64, 49, 63, 32, 1]",0.0007795376217115741,0.0007322393137924494,3.945830791912481e-05,2.344848203698833e-05,1.4134162227199978e-05,0.0003207655833599995,0.000299485184,2.364805329224231e-05,0.00794394628,0.008625427744916429,6.0,3646.0,2976.0,2.371503631250358e-05,1.574327160662123e-05,0.0,0.0007795376217115741,0.0007795376217115741,64,0.0007482508413641865,0.008576998538432851,"[47, 49, 63, 32, 1]",32.76141276307128,13.461412763071277,0.3430447578430176
rate,NN2,64,16,2,20000000000.0,SDM,0.0,32,T,6,-1.1231245813316342,13.661425483708648,"[64, 49, 63, 32, 1]",0.0007792787981821624,0.0007322393137924494,3.919948438971305e-05,3.3161161313771074e-05,7.067081113599989e-06,0.0003207655833599995,0.000299485184,2.364020162165408e-05,0.00794394628,0.008628065491409024,6.0,3646.0,2976.0,2.35856245477977e-05,1.5613859841915348e-05,0.0,0.0007792787981821624,0.0007792787981821624,64,0.0007482508413641865,0.008525739225818237,"[47, 49, 63, 32, 1]",32.76141276307128,17.976862698030995,0.36687302589416504
rate,NN2,64,16,1,40000000000.0,SDM,0.0,32,T,3,-0.9829746030117281,9.286125527068837,"[64, 49, 63, 32, 1]",0.0008124317393586329,0.0007322393137924494,7.235242556618364e-05,3.150447336346685e-05,6.500811468799902e-06,0.000412663070720002,0.000299485184,2.4645929245183485e-05,0.00794394628,0.008718745748797451,11.0,6703.0,6033.0,4.430327160662123e-05,2.8049153959562406e-05,0.0,0.0008124317393586329,0.0008124317393586329,64,0.0007482508413641865,0.00850010956951093,"[47, 49, 63, 32, 1]",32.76141276307128,22.49231263299071,0.37982988357543945
rate,NN2,64,16,4,10000000000.0,WDM,0.0,32,T,6,-4.5833578123999175,14.716642187600083,"[64, 49, 63, 32, 1]",0.0007795376217115741,0.0007322393137924494,3.945830791912481e-05,2.9897605277175188e-05,0.00014398279106559984,0.0003207655833599995,0.000299485184,2.364805329224231e-05,0.00794394628,0.008761725496995016,6.0,3646.0,2976.0,2.371503631250358e-05,1.574327160662123e-05,0.0,0.0007795376217115741,0.0007795376217115741,64,0.0007482508413641865,0.00869751006493525,"[47, 49, 63, 32, 1]",33.81662946696271,14.516629466962709,0.32846975326538086
rate,NN2,64,16,2,20000000000.0,WDM,0.0,32,T,6,-0.06790787744019866,14.716642187600083,"[64, 49, 63, 32, 1]",0.0007792787981821624,0.0007322393137924494,3.919948438971305e-05,4.228159886545896e-05,7.199139553279992e-05,0.0003207655833599995,0.000299485184,2.364020162165408e-05,0.00794394628,0.008702110243379912,6.0,3646.0,2976.0,2.35856245477977e-05,1.5613859841915348e-05,0.0,0.0007792787981821624,0.0007792787981821624,64,0.0007482508413641865,0.008585994989069437,"[47, 49, 63, 32, 1]",33.81662946696271,19.032079401922427,0.43125176429748535
rate,NN2,64,16,1,40000000000.0,WDM,0.0,32,T,2,-2.143670489677106,8.125429640403459,"[64, 49, 63, 32, 1]",0.0008457140922998094,0.0007322393137924494,0.00010563477850736011,3.511344267867307e-05,4.382641725439942e-05,0.0005044465254400129,0.000299485184,2.5655582704007016e-05,0.00794394628,0.008852473432077092,16.0,9758.0,9088.0,6.50856245477977e-05,4.0549153959562405e-05,0.0,0.0008457140922998094,0.0008457140922998094,64,0.0007482508413641865,0.00853023745113653,"[47, 49, 63, 32, 1]",33.81662946696271,23.547529336882143,0.439345121383667
rate,NN2,64,16,4,10000000000.0,SDM,8.0,32,T,6,-5.638574516291353,13.661425483708648,"[64, 49, 63, 32, 1]",0.0007795376217115741,0.0007322393137924494,3.945830791912481e-05,2.344848203698833e-05,1.4134162227199978e-05,0.0003207655833599995,0.000299485184,2.364805329224231e-05,0.00794394628,0.008625427744916429,6.0,3646.0,2976.0,2.371503631250358e-05,1.574327160662123e-05,0.0,0.0007795376217115741,0.0007795376217115741,64,0.0007482508413641865,0.008576998538432851,"[47, 49, 63, 32, 1]",32.76141276307128,13.461412763071277,0.377347469329834
rate,NN2,64,16,2,20000000000.0,SDM,8.0,32,T,6,-1.1231245813316342,13.661425483708648,"[64, 49, 63, 32, 1]",0.0007792787981821624,0.0007322393137924494,3.919948438971305e-05,3.3161161313771074e-05,7.067081113599989e-06,0.0003207655833599995,0.000299485184,2.364020162165408e-05,0.00794394628,0.008628065491409024,6.0,3646.0,2976.0,2.35856245477977e-05,1.5613859841915348e-05,0.0,0.0007792787981821624,0.0007792787981821624,64,0.0007482508413641865,0.008525739225818237,"[47, 49, 63, 32, 1]",32.76141276307128,17.976862698030995,0.35016870498657227
rate,NN2,64,16,1,40000000000.0,SDM,8.0,32,T,6,3.392325353628083,13.661425483708648,"[64, 49, 63, 32, 1]",0.0007791493864174565,0.0007322393137924494,3.907007262500717e-05,4.689696407397666e-05,3.5335405567999945e-06,0.0003207655833599995,0.000299485184,2.363627578635996e-05,0.00794394628,0.008638263827777135,6.0,3646.0,2976.0,2.352091866544476e-05,1.5549153959562408e-05,0.0,0.0007791493864174565,0.0007791493864174565,64,0.0007482508413641865,0.00850010956951093,"[47, 49, 63, 32, 1]",32.76141276307128,22.49231263299071,0.3378431797027588
rate,NN2,64,16,4,10000000000.0,WDM,8.0,32,T,6,-4.5833578123999175,14.716642187600083,"[64, 49, 63, 32, 1]",0.0007795376217115741,0.0007322393137924494,3.945830791912481e-05,2.9897605277175188e-05,0.00014398279106559984,0.0003207655833599995,0.000299485184,2.364805329224231e-05,0.00794394628,0.008761725496995016,6.0,3646.0,2976.0,2.371503631250358e-05,1.574327160662123e-05,0.0,0.0007795376217115741,0.0007795376217115741,64,0.0007482508413641865,0.00869751006493525,"[47, 49, 63, 32, 1]",33.81662946696271,14.516629466962709,0.32068634033203125
rate,NN2,64,16,2,20000000000.0,WDM,8.0,32,T,6,-0.06790787744019866,14.716642187600083,"[64, 49, 63, 32, 1]",0.0007792787981821624,0.0007322393137924494,3.919948438971305e-05,4.228159886545896e-05,7.199139553279992e-05,0.0003207655833599995,0.000299485184,2.364020162165408e-05,0.00794394628,0.008702110243379912,6.0,3646.0,2976.0,2.35856245477977e-05,1.5613859841915348e-05,0.0,0.0007792787981821624,0.0007792787981821624,64,0.0007482508413641865,0.008585994989069437,"[47, 49, 63, 32, 1]",33.81662946696271,19.032079401922427,0.3792111873626709
rate,NN2,64,16,1,40000000000.0,WDM,8.0,32,T,6,4.447542057519518,14.716642187600083,"[64, 49, 63, 32, 1]",0.0007791493864174565,0.0007322393137924494,3.907007262500717e-05,5.9795210554350376e-05,3.599569776639996e-05,0.0003207655833599995,0.000299485184,2.363627578635996e-05,0.00794394628,0.008683624231467109,6.0,3646.0,2976.0,2.352091866544476e-05,1.5549153959562408e-05,0.0,0.0007791493864174565,0.0007791493864174565,64,0.0007482508413641865,0.00853023745113653,"[47, 49, 63, 32, 1]",33.81662946696271,23.547529336882143,0.3662984371185303
rate,NN4,64,16,4,10000000000.0,SDM,0.0,1,R,6,-5.638574516291353,13.661425483708648,"[64, 63, 52, 48, 63, 32, 1]",0.00016618094168508536,0.000139877856546874,2.605808513821134e-05,1.58222370913648e-05,9.537251302400002e-06,0.0001086302796799999,0.00022582272,5.041265046958749e-06,0.00102154774,0.0013864014931207233,6.0,6300.0,5174.0,2.016101392635081e-06,2.404198374557626e-05,0.0,0.00016643976521449712,0.00016643976521449712,64,0.00014861002366377737,0.0014373912655118882,"[64, 63, 64, 49, 63, 32, 1]",32.76141276307128,13.461412763071277,0.7179296016693115
rate,NN4,64,16,2,20000000000.0,SDM,0.0,1,R,6,-1.1231245813316342,13.661425483708648,"[64, 63, 52, 48, 63, 32, 1]",0.0001657732946262618,0.000139877856546874,2.5650438079387805e-05,2.2376022281690674e-05,4.768625651200001e-06,0.0001086302796799999,0.00022582272,5.028898665782278e-06,0.00102154774,0.0013881742862786727,6.0,6300.0,5174.0,1.8155131573409636e-06,2.3834924922046842e-05,0.0,0.0001660321181556736,0.0001660321181556736,63,0.00014859061189907152,0.0013752567702395822,"[64, 63, 64, 49, 63, 32, 1]",32.76141276307128,17.976862698030995,0.6639437675476074
rate,NN4,64,16,1,40000000000.0,SDM,0.0,1,R,3,-0.9829746030117281,9.286125527068837,"[64, 63, 64, 25, 22, 16, 1]",0.00018562603269628542,0.00014448128160711497,4.089975108917045e-05,1.7259758477316695e-05,3.5614763199999943e-06,0.00015599206400000024,0.000194505088,5.631151327874514e-06,0.0010123474199999999,0.0013892969581251913,11.0,7710.0,6870.0,3.380463779879346e-06,3.75192873092911e-05,0.0,0.00018657270639096772,0.00018656623580273242,63,0.00014859061189907152,0.0013441898170410763,"[64, 63, 64, 49, 63, 32, 1]",32.76141276307128,22.49231263299071,0.7930772304534912
rate,NN4,64,16,4,10000000000.0,WDM,0.0,1,R,6,-4.5833578123999175,14.716642187600083,"[64, 63, 52, 48, 63, 32, 1]",0.00016618094168508536,0.000139877856546874,2.605808513821134e-05,2.0173885815436073e-05,0.00011771654602239994,0.0001086302796799999,0.00022582272,5.041265046958749e-06,0.00102154774,0.0014989324365647946,6.0,6300.0,5174.0,2.016101392635081e-06,2.404198374557626e-05,0.0,0.00016643976521449712,0.00016643976521449712,64,0.00014861002366377737,0.001630376319924688,"[64, 63, 64, 49, 63, 32, 1]",33.81662946696271,14.516629466962709,0.7214174270629883
rate,NN4,64,16,2,20000000000.0,WDM,0.0,1,R,6,-0.06790787744019866,14.716642187600083,"[64, 63, 52, 48, 63, 32, 1]",0.0001657732946262618,0.000139877856546874,2.5650438079387805e-05,2.8530182925955914e-05,5.885827301119997e-05,0.0001086302796799999,0.00022582272,5.028898665782278e-06,0.00102154774,0.001448418094282938,6.0,6300.0,5174.0,1.8155131573409636e-06,2.3834924922046842e-05,0.0,0.0001660321181556736,0.0001660321181556736,63,0.00014859061189907152,0.001471749297445982,"[64, 63, 64, 49, 63, 32, 1]",33.81662946696271,19.032079401922427,0.6806509494781494
rate,NN4,64,16,1,40000000000.0,WDM,0.0,1,R,2,-2.143670489677106,8.125429640403459,"[64, 63, 64, 25, 21, 17, 1]",0.00020330720916687366,0.00014448128160711497,5.858092755975868e-05,1.9174340203215147e-05,2.5701316371199963e-05,0.00022266817024000005,0.000194622592,6.167527497286279e-06,0.00101238198,0.0014807159263117015,16.0,11190.0,10350.0,4.951346132820521e-06,5.362958142693816e-05,0.0,0.00020730741227332065,0.0002072750593321442,63,0.00014859061189907152,0.0013924360806442761,"[64, 63, 64, 49, 63, 32, 1]",33.81662946696271,23.547529336882143,0.9317786693572998
rate,NN4,64,16,4,10000000000.0,SDM,8.0,1,R,6,-5.638574516291353,13.661425483708648,"[64, 63, 52, 48, 63, 32, 1]",0.00016618094168508536,0.000139877856546874,2.605808513821134e-05,1.58222370913648e-05,9.537251302400002e-06,0.0001086302796799999,0.00022582272,5.041265046958749e-06,0.00102154774,0.0013864014931207233,6.0,6300.0,5174.0,2.016101392635081e-06,2.404198374557626e-05,0.0,0.00016643976521449712,0.00016643976521449712,64,0.00014861002366377737,0.0014373912655118882,"[64, 63, 64, 49, 63, 32, 1]",32.76141276307128,13.461412763071277,0.6333160400390625
rate,NN4,64,16,2,20000000000.0,SDM,8.0,1,R,6,-1.1231245813316342,13.661425483708648,"[64, 63, 52, 48, 63, 32, 1]",0.0001657732946262618,0.000139877856546874,2.5650438079387805e-05,2.2376022281690674e-05,4.768625651200001e-06,0.0001086302796799999,0.00022582272,5.028898665782278e-06,0.00102154774,0.0013881742862786727,6.0,6300.0,5174.0,1.8155131573409636e-06,2.3834924922046842e-05,0.0,0.0001660321181556736,0.0001660321181556736,63,0.00014859061189907152,0.0013752567702395822,"[64, 63, 64, 49, 63, 32, 1]",32.76141276307128,17.976862698030995,0.6628310680389404
rate,NN4,64,16,1,40000000000.0,SDM,8.0,1,R,6,3.392325353628083,13.661425483708648,"[64, 63, 52, 48, 63, 32, 1]",0.000165579176979203,0.000139877856546874,2.5456320432328984e-05,3.16444741827296e-05,2.3843128256000005e-06,0.0001086302796799999,0.00022582272,5.023009912841102e-06,0.00102154774,0.0013950525366011705,6.0,6300.0,5174.0,1.718454333811552e-06,2.3737866098517432e-05,0.0,0.00016583800050861476,0.00016583800050861476,63,0.00014859061189907152,0.0013441898170410763,"[64, 63, 64, 49, 63, 32, 1]",32.76141276307128,22.49231263299071,0.7050671577453613
rate,NN4,64,16,4,10000000000.0,WDM,8.0,1,R,6,-4.5833578123999175,14.716642187600083,"[64, 63, 52, 48, 63, 32, 1]",0.00016618094168508536,0.000139877856546874,2.605808513821134e-05,2.0173885815436073e-05,0.00011771654602239994,0.0001086302796799999,0.00022582272,5.041265046958749e-06,0.00102154774,0.0014989324365647946,6.0,6300.0,5174.0,2.016101392635081e-06,2.404198374557626e-05,0.0,0.00016643976521449712,0.00016643976521449712,64,0.00014861002366377737,0.001630376319924688,"[64, 63, 64, 49, 63, 32, 1]",33.81662946696271,14.516629466962709,0.7099487781524658
rate,NN4,64,16,2,20000000000.0,WDM,8.0,1,R,6,-0.06790787744019866,14.716642187600083,"[64, 63, 52, 48, 63, 32, 1]",0.0001657732946262618,0.000139877856546874,2.5650438079387805e-05,2.8530182925955914e-05,5.885827301119997e-05,0.0001086302796799999,0.00022582272,5.028898665782278e-06,0.00102154774,0.001448418094282938,6.0,6300.0,5174.0,1.8155131573409636e-06,2.3834924922046842e-05,0.0,0.0001660321181556736,0.0001660321181556736,63,0.00014859061189907152,0.001471749297445982,"[64, 63, 64, 49, 63, 32, 1]",33.81662946696271,19.032079401922427,0.7352848052978516
rate,NN4,64,16,1,40000000000.0,WDM,8.0,1,R,6,4.447542057519518,14.716642187600083,"[64, 63, 52, 48, 63, 32, 1]",0.000165579176979203,0.000139877856546874,2.5456320432328984e-05,4.0347771630872146e-05,2.9429136505599985e-05,0.0001086302796799999,0.00022582272,5.023009912841102e-06,0.00102154774,0.0014308006577293132,6.0,6300.0,5174.0,1.718454333811552e-06,2.3737866098517432e-05,0.0,0.00016583800050861476,0.00016583800050861476,63,0.00014859061189907152,0.0013924360806442761,"[64, 63, 64, 49, 63, 32, 1]",33.81662946696271,23.547529336882143,0.6659002304077148
rate,NN4,64,16,4,10000000000.0,SDM,0.0,1,T,6,-5.638574516291353,13.661425483708648,"[64, 63, 64, 49, 63, 32, 1]",0.00015776615210342195,0.00015399365520050472,3.5274969029172216e-06,1.8503622372938116e-06,1.115352371199991e-06,2.6731075839999915e-05,2.5870912e-05,4.785993990209408e-06,0.00137398058,0.001434334276438703,6.0,6692.0,5514.0,1.9643366867527284e-06,1.5631602161644932e-06,0.0,0.00015776615210342195,0.00015776615210342195,64,0.0001548676427185188,0.0014282336783595737,"[53, 63, 47, 49, 63, 32, 1]",32.76141276307128,13.461412763071277,0.6234245300292969
rate,NN4,64,16,2,20000000000.0,SDM,0.0,1,T,6,-1.1231245813316342,13.661425483708648,"[64, 63, 64, 49, 63, 32, 1]",0.00015736497563283372,0.00015399365520050472,3.1263204323289864e-06,2.6168073712839706e-06,5.576761855999955e-07,2.6731075839999915e-05,2.5870912e-05,4.773823900797644e-06,0.00137398058,0.0014345308752976814,6.0,6692.0,5514.0,1.7637484514586106e-06,1.3625719808703756e-06,0.0,0.00015736497563283372,0.00015736497563283372,64,0.00015486117213028353,0.0014244217944127766,"[53, 63, 47, 49, 63, 32, 1]",32.76141276307128,17.976862698030995,0.5885322093963623
rate,NN4,64,16,1,40000000000.0,SDM,0.0,1,T,3,-0.9829746030117281,9.286125527068837,"[64, 63, 64, 49, 63, 32, 1]",0.00015959703445636312,0.00015399365520050472,5.358379255858398e-06,2.4811827851177094e-06,5.119813087999911e-07,3.3662827520000566e-05,2.5870912e-05,4.841535637268231e-06,0.00137398058,0.0014413490192511866,11.0,12289.0,11111.0,3.0755131573409636e-06,2.282866098517434e-06,0.0,0.00015959703445636312,0.00015959703445636312,64,0.00015485793683616588,0.001422515852439378,"[53, 63, 47, 49, 63, 32, 1]",32.76141276307128,22.49231263299071,0.7671115398406982
rate,NN4,64,16,4,10000000000.0,WDM,0.0,1,T,6,-4.5833578123999175,14.716642187600083,"[64, 63, 64, 49, 63, 32, 1]",0.00015776615210342195,0.00015399365520050472,3.5274969029172216e-06,2.3592742465433674e-06,1.2203301811199979e-05,2.6731075839999915e-05,2.5870912e-05,4.785993990209408e-06,0.00137398058,0.0014459311378879527,6.0,6692.0,5514.0,1.9643366867527284e-06,1.5631602161644932e-06,0.0,0.00015776615210342195,0.00015776615210342195,64,0.0001548676427185188,0.0014382453672427738,"[53, 63, 47, 49, 63, 32, 1]",33.81662946696271,14.516629466962709,0.6669363975524902
rate,NN4,64,16,2,20000000000.0,WDM,0.0,1,T,6,-0.06790787744019866,14.716642187600083,"[64, 63, 64, 49, 63, 32, 1]",0.00015736497563283372,0.00015399365520050472,3.1263204323289864e-06,3.3365176368192212e-06,6.1016509055999895e-06,2.6731075839999915e-05,2.5870912e-05,4.773823900797644e-06,0.00137398058,0.0014407945602832168,6.0,6692.0,5514.0,1.7637484514586106e-06,1.3625719808703756e-06,0.0,0.00015736497563283372,0.00015736497563283372,64,0.00015486117213028353,0.0014294276388543766,"[53, 63, 47, 49, 63, 32, 1]",33.81662946696271,19.032079401922427,0.6353127956390381
rate,NN4,64,16,1,40000000000.0,WDM,0.0,1,T,2,-2.143670489677106,8.125429640403459,"[64, 63, 64, 49, 63, 32, 1]",0.00016200703445636312,0.00015399365520050472,7.768379255858398e-06,2.7638521988100514e-06,3.5808607487998827e-06,4.059101568000098e-05,2.5870912e-05,4.914645397268231e-06,0.00137398058,0.001451701866024879,16.0,17884.0,16706.0,4.464924922046846e-06,3.303454333811552e-06,0.0,0.00016200703445636312,0.00016200703445636312,64,0.00015485793683616588,0.0014250187746601781,"[53, 63, 47, 49, 63, 32, 1]",33.81662946696271,23.547529336882143,0.8077425956726074
rate,NN4,64,16,4,10000000000.0,SDM,8.0,1,T,6,-5.638574516291353,13.661425483708648,"[64, 63, 64, 49, 63, 32, 1]",0.00015776615210342195,0.00015399365520050472,3.5274969029172216e-06,1.8503622372938116e-06,1.115352371199991e-06,2.6731075839999915e-05,2.5870912e-05,4.785993990209408e-06,0.00137398058,0.001434334276438703,6.0,6692.0,5514.0,1.9643366867527284e-06,1.5631602161644932e-06,0.0,0.00015776615210342195,0.00015776615210342195,64,0.0001548676427185188,0.0014282336783595737,"[53, 63, 47, 49, 63, 32, 1]",32.76141276307128,13.461412763071277,0.6757287979125977
rate,NN4,64,16,2,20000000000.0,SDM,8.0,1,T,6,-1.1231245813316342,13.661425483708648,"[64, 63, 64, 49, 63, 32, 1]",0.00015736497563283372,0.00015399365520050472,3.1263204323289864e-06,2.6168073712839706e-06,5.576761855999955e-07,2.6731075839999915e-05,2.5870912e-05,4.773823900797644e-06,0.00137398058,0.0014345308752976814,6.0,6692.0,5514.0,1.7637484514586106e-06,1.3625719808703756e-06,0.0,0.00015736497563283372,0.00015736497563283372,64,0.00015486117213028353,0.0014244217944127766,"[53, 63, 47, 49, 63, 32, 1]",32.76141276307128,17.976862698030995,0.6057553291320801
rate,NN4,64,16,1,40000000000.0,SDM,8.0,1,T,6,3.392325353628083,13.661425483708648,"[64, 63, 64, 49, 63, 32, 1]",0.00015716762269165724,0.00015399365520050472,2.928967491152516e-06,3.7007244745876232e-06,2.788380927999977e-07,2.6731075839999915e-05,2.5870912e-05,4.7678370019741135e-06,0.00137398058,0.0014353299674093615,6.0,6692.0,5514.0,1.6666896279291992e-06,1.2622778632233167e-06,0.0,0.00015716762269165724,0.00015716762269165724,64,0.00015485793683616588,0.001422515852439378,"[53, 63, 47, 49, 63, 32, 1]",32.76141276307128,22.49231263299071,0.6871917247772217
rate,NN4,64,16,4,10000000000.0,WDM,8.0,1,T,6,-4.5833578123999175,14.716642187600083,"[64, 63, 64, 49, 63, 32, 1]",0.00015776615210342195,0.00015399365520050472,3.5274969029172216e-06,2.3592742465433674e-06,1.2203301811199979e-05,2.6731075839999915e-05,2.5870912e-05,4.785993990209408e-06,0.00137398058,0.0014459311378879527,6.0,6692.0,5514.0,1.9643366867527284e-06,1.5631602161644932e-06,0.0,0.00015776615210342195,0.00015776615210342195,64,0.0001548676427185188,0.0014382453672427738,"[53, 63, 47, 49, 63, 32, 1]",33.81662946696271,14.516629466962709,0.64797043800354
rate,NN4,64,16,2,20000000000.0,WDM,8.0,1,T,6,-0.06790787744019866,14.716642187600083,"[64, 63, 64, 49, 63, 32, 1]",0.00015736497563283372,0.00015399365520050472,3.1263204323289864e-06,3.3365176368192212e-06,6.1016509055999895e-06,2.6731075839999915e-05,2.5870912e-05,4.773823900797644e-06,0.00137398058,0.0014407945602832168,6.0,6692.0,5514.0,1.7637484514586106e-06,1.3625719808703756e-06,0.0,0.00015736497563283372,0.00015736497563283372,64,0.00015486117213028353,0.0014294276388543766,"[53, 63, 47, 49, 63, 32, 1]",33.81662946696271,19.032079401922427,0.648853063583374
rate,NN4,64,16,1,40000000000.0,WDM,8.0,1,T,6,4.447542057519518,14.716642187600083,"[64, 63, 64, 49, 63, 32, 1]",0.00015716762269165724,0.00015399365520050472,2.928967491152516e-06,4.718548493086735e-06,3.0508254527999947e-06,2.6731075839999915e-05,2.5870912e-05,4.7678370019741135e-06,0.00137398058,0.0014391197787878608,6.0,6692.0,5514.0,1.6666896279291992e-06,1.2622778632233167e-06,0.0,0.00015716762269165724,0.00015716762269165724,64,0.00015485793683616588,0.0014250187746601781,"[53, 63, 47, 49, 63, 32, 1]",33.81662946696271,23.547529336882143,0.6484220027923584
rate,NN4,64,16,4,10000000000.0,SDM,0.0,8,R,6,-5.638574516291353,13.661425483708648,"[64, 63, 51, 49, 63, 32, 1]",0.0006591538342573867,0.0004553428079427047,0.00020185102631468192,0.00012646757198074438,7.623150940160003e-05,0.0008682594713599992,0.00180440576,1.999609071603208e-05,0.00643108076,0.009326441163458375,6.0,6302.0,5176.0,1.2537277863223314e-05,0.00018931374845145861,0.0,0.0006610173636691513,0.0006610173636691513,63,0.0005243282303805872,0.009738309115869016,"[64, 63, 64, 49, 63, 32, 1]",32.76141276307128,13.461412763071277,0.6950197219848633
rate,NN4,64,16,2,20000000000.0,SDM,0.0,8,R,6,-1.1231245813316342,13.661425483708648,"[64, 63, 51, 49, 63, 32, 1]",0.0006587655989632689,0.0004553428079427047,0.00020146279102056428,0.00017885215549556384,3.811575470080001e-05,0.0008682594713599992,0.00180440576,1.9984313210149725e-05,0.00643108076,0.009340698214766513,6.0,6302.0,5176.0,1.2343160216164493e-05,0.00018911963080439978,0.0,0.0006606291283750336,0.0006606291283750337,63,0.0005243282303805872,0.00924123786469292,"[64, 63, 64, 49, 63, 32, 1]",32.76141276307128,17.976862698030995,0.7287428379058838
rate,NN4,64,16,1,40000000000.0,SDM,0.0,8,R,3,-0.9829746030117281,9.286125527068837,"[64, 63, 64, 25, 22, 16, 1]",0.0008057662231239215,0.00048009000144651583,0.0003237162216774057,0.00013807806781853356,2.8491810559999954e-05,0.001247936512000002,0.001556040704,2.444372414468728e-05,0.0063581181999999995,0.009353109018523223,11.0,7710.0,6870.0,2.5302816721055812e-05,0.0002984134049563499,0.0,0.0008247067754338572,0.0008227814082584464,58,0.0005243282303805872,0.008992702239104873,"[64, 63, 64, 49, 63, 32, 1]",32.76141276307128,22.49231263299071,0.7263634204864502
rate,NN4,64,16,4,10000000000.0,WDM,0.0,8,R,6,-4.5833578123999175,14.716642187600083,"[64, 63, 51, 49, 63, 32, 1]",0.0006591538342573867,0.0004553428079427047,0.00020185102631468192,0.00016125041874687928,0.0009406153308159993,0.0008682594713599992,0.00180440576,1.999609071603208e-05,0.00643108076,0.01022560783163891,6.0,6302.0,5176.0,1.2537277863223314e-05,0.00018931374845145861,0.0,0.0006610173636691513,0.0006610173636691513,63,0.0005243282303805872,0.011282189551171416,"[64, 63, 64, 49, 63, 32, 1]",33.81662946696271,14.516629466962709,0.7050056457519531
rate,NN4,64,16,2,20000000000.0,WDM,0.0,8,R,6,-0.06790787744019866,14.716642187600083,"[64, 63, 51, 49, 63, 32, 1]",0.0006587655989632689,0.0004553428079427047,0.00020146279102056428,0.00022804252913017755,0.00047030766540799964,0.0008682594713599992,0.00180440576,1.9984313210149725e-05,0.00643108076,0.009822080499108326,6.0,6302.0,5176.0,1.2343160216164493e-05,0.00018911963080439978,0.0,0.0006606291283750336,0.0006606291283750337,63,0.0005243282303805872,0.01001317808234412,"[64, 63, 64, 49, 63, 32, 1]",33.81662946696271,19.032079401922427,0.663184404373169
rate,NN4,64,16,1,40000000000.0,WDM,0.0,8,R,2,-2.143670489677106,8.125429640403459,"[63, 62, 63, 17, 16, 16, 1]",0.0009398041395687208,0.0004990659573932844,0.00043877818217543643,0.0001442948634716992,0.00019224787041279993,0.0016755666944000005,0.0014637608960000003,2.850989837795671e-05,0.0063309770799999995,0.009835357302662457,16.0,10167.0,9401.0,3.800556167595352e-05,0.00040077262049948294,0.0,0.0009889785401397395,0.0009814108200231523,59,0.0005243282303805872,0.009378672347930472,"[64, 63, 64, 49, 63, 32, 1]",33.81662946696271,23.547529336882143,0.9021255970001221
rate,NN4,64,16,4,10000000000.0,SDM,8.0,8,R,6,-5.638574516291353,13.661425483708648,"[64, 63, 51, 49, 63, 32, 1]",0.0006591538342573867,0.0004553428079427047,0.00020185102631468192,0.00012646757198074438,7.623150940160003e-05,0.0008682594713599992,0.00180440576,1.999609071603208e-05,0.00643108076,0.009326441163458375,6.0,6302.0,5176.0,1.2537277863223314e-05,0.00018931374845145861,0.0,0.0006610173636691513,0.0006610173636691513,63,0.0005243282303805872,0.009738309115869016,"[64, 63, 64, 49, 63, 32, 1]",32.76141276307128,13.461412763071277,0.6813583374023438
rate,NN4,64,16,2,20000000000.0,SDM,8.0,8,R,6,-1.1231245813316342,13.661425483708648,"[64, 63, 51, 49, 63, 32, 1]",0.0006587655989632689,0.0004553428079427047,0.00020146279102056428,0.00017885215549556384,3.811575470080001e-05,0.0008682594713599992,0.00180440576,1.9984313210149725e-05,0.00643108076,0.009340698214766513,6.0,6302.0,5176.0,1.2343160216164493e-05,0.00018911963080439978,0.0,0.0006606291283750336,0.0006606291283750337,63,0.0005243282303805872,0.00924123786469292,"[64, 63, 64, 49, 63, 32, 1]",32.76141276307128,17.976862698030995,0.6502127647399902
rate,NN4,64,16,1,40000000000.0,SDM,8.0,8,R,6,3.392325353628083,13.661425483708648,"[64, 63, 51, 49, 63, 32, 1]",0.0006585714813162101,0.0004553428079427047,0.00020126867337350545,0.00025293514396148876,1.9057877350400007e-05,0.0008682594713599992,0.00180440576,1.9978424457208548e-05,0.00643108076,0.009395717437129096,6.0,6302.0,5176.0,1.224610139263508e-05,0.00018902257198087036,0.0,0.0006604350107279748,0.0006604350107279748,63,0.0005243282303805872,0.008992702239104873,"[64, 63, 64, 49, 63, 32, 1]",32.76141276307128,22.49231263299071,0.6992552280426025
rate,NN4,64,16,4,10000000000.0,WDM,8.0,8,R,6,-4.5833578123999175,14.716642187600083,"[64, 63, 51, 49, 63, 32, 1]",0.0006591538342573867,0.0004553428079427047,0.00020185102631468192,0.00016125041874687928,0.0009406153308159993,0.0008682594713599992,0.00180440576,1.999609071603208e-05,0.00643108076,0.01022560783163891,6.0,6302.0,5176.0,1.2537277863223314e-05,0.00018931374845145861,0.0,0.0006610173636691513,0.0006610173636691513,63,0.0005243282303805872,0.011282189551171416,"[64, 63, 64, 49, 63, 32, 1]",33.81662946696271,14.516629466962709,0.685723066329956
rate,NN4,64,16,2,20000000000.0,WDM,8.0,8,R,6,-0.06790787744019866,14.716642187600083,"[64, 63, 51, 49, 63, 32, 1]",0.0006587655989632689,0.0004553428079427047,0.00020146279102056428,0.00022804252913017755,0.00047030766540799964,0.0008682594713599992,0.00180440576,1.9984313210149725e-05,0.00643108076,0.009822080499108326,6.0,6302.0,5176.0,1.2343160216164493e-05,0.00018911963080439978,0.0,0.0006606291283750336,0.0006606291283750337,63,0.0005243282303805872,0.01001317808234412,"[64, 63, 64, 49, 63, 32, 1]",33.81662946696271,19.032079401922427,0.6857607364654541
rate,NN4,64,16,1,40000000000.0,WDM,8.0,8,R,6,4.447542057519518,14.716642187600083,"[64, 63, 51, 49, 63, 32, 1]",0.0006585714813162101,0.0004553428079427047,0.00020126867337350545,0.00032250083749375857,0.00023515383270399982,0.0008682594713599992,0.00180440576,1.9978424457208548e-05,0.00643108076,0.009681379086014966,6.0,6302.0,5176.0,1.224610139263508e-05,0.00018902257198087036,0.0,0.0006604350107279748,0.0006604350107279748,63,0.0005243282303805872,0.009378672347930472,"[64, 63, 64, 49, 63, 32, 1]",33.81662946696271,23.547529336882143,0.6349451541900635
rate,NN4,64,16,4,10000000000.0,SDM,0.0,8,T,6,-5.638574516291353,13.661425483708648,"[64, 63, 64, 49, 63, 32, 1]",0.0005182947264523349,0.0004949095824905943,2.1425143961740748e-05,1.4802897898350493e-05,8.922818969599927e-06,0.00021384860671999932,0.000206967296,1.572298882165803e-05,0.00778608348,0.008246348088409608,6.0,6692.0,5514.0,1.2330219039693903e-05,9.094924922046845e-06,0.0,0.0005182947264523349,0.0005182947264523349,64,0.0005012916982976256,0.008197730933360075,"[53, 63, 47, 49, 63, 32, 1]",32.76141276307128,13.461412763071277,0.5920834541320801
rate,NN4,64,16,2,20000000000.0,SDM,0.0,8,T,6,-1.1231245813316342,13.661425483708648,"[64, 63, 64, 49, 63, 32, 1]",0.0005179064911582173,0.0004949095824905943,2.1036908667623106e-05,2.0934458970271765e-05,4.461409484799964e-06,0.00021384860671999932,0.000206967296,1.571121131577568e-05,0.00778608348,0.008248006462490846,6.0,6692.0,5514.0,1.2136101392635082e-05,8.900807274988022e-06,0.0,0.0005179064911582173,0.0005179064911582173,64,0.0005012916982976256,0.008167237432119816,"[53, 63, 47, 49, 63, 32, 1]",32.76141276307128,17.976862698030995,0.6420719623565674
rate,NN4,64,16,1,40000000000.0,SDM,0.0,8,T,3,-0.9829746030117281,9.286125527068837,"[64, 63, 64, 49, 63, 32, 1]",0.0005355417852758645,0.0004949095824905943,3.867220278527017e-05,1.9849462280941675e-05,4.0958504703999284e-06,0.00026930262016000453,0.000206967296,1.6246195598128623e-05,0.00778608348,0.008302544904509475,11.0,12289.0,11111.0,2.25066896279292e-05,1.6165513157340966e-05,0.0,0.0005355417852758645,0.0005355417852758645,64,0.0005012916982976256,0.008151990681499686,"[53, 63, 47, 49, 63, 32, 1]",32.76141276307128,22.49231263299071,0.7157585620880127
rate,NN4,64,16,4,10000000000.0,WDM,0.0,8,T,6,-4.5833578123999175,14.716642187600083,"[64, 63, 64, 49, 63, 32, 1]",0.0005182947264523349,0.0004949095824905943,2.1425143961740748e-05,1.887419397234694e-05,9.762641448959983e-05,0.00021384860671999932,0.000206967296,1.572298882165803e-05,0.00778608348,0.008339122980003603,6.0,6692.0,5514.0,1.2330219039693903e-05,9.094924922046845e-06,0.0,0.0005182947264523349,0.0005182947264523349,64,0.0005012916982976256,0.008277824444425675,"[53, 63, 47, 49, 63, 32, 1]",33.81662946696271,14.516629466962709,0.6118972301483154
rate,NN4,64,16,2,20000000000.0,WDM,0.0,8,T,6,-0.06790787744019866,14.716642187600083,"[64, 63, 64, 49, 63, 32, 1]",0.0005179064911582173,0.0004949095824905943,2.1036908667623106e-05,2.669214109455377e-05,4.8813207244799916e-05,0.00021384860671999932,0.000206967296,1.571121131577568e-05,0.00778608348,0.00829811594237513,6.0,6692.0,5514.0,1.2136101392635082e-05,8.900807274988022e-06,0.0,0.0005179064911582173,0.0005179064911582173,64,0.0005012916982976256,0.008207284187652616,"[53, 63, 47, 49, 63, 32, 1]",33.81662946696271,19.032079401922427,0.5895445346832275
rate,NN4,64,16,1,40000000000.0,WDM,0.0,8,T,2,-2.143670489677106,8.125429640403459,"[64, 63, 64, 49, 63, 32, 1]",0.0005532159029229232,0.0004949095824905943,5.634632043232899e-05,2.211081759048041e-05,2.864688599039906e-05,0.00032472812544000787,0.000206967296,1.6782357631069798e-05,0.00778608348,0.008385318962651957,16.0,17884.0,16706.0,3.281904256910567e-05,2.352727786322332e-05,0.0,0.0005532159029229232,0.0005532159029229232,64,0.0005012916982976256,0.008172014059266087,"[53, 63, 47, 49, 63, 32, 1]",33.81662946696271,23.547529336882143,0.8518106937408447
rate,NN4,64,16,4,10000000000.0,SDM,8.0,8,T,6,-5.638574516291353,13.661425483708648,"[64, 63, 64, 49, 63, 32, 1]",0.0005182947264523349,0.0004949095824905943,2.1425143961740748e-05,1.4802897898350493e-05,8.922818969599927e-06,0.00021384860671999932,0.000206967296,1.572298882165803e-05,0.00778608348,0.008246348088409608,6.0,6692.0,5514.0,1.2330219039693903e-05,9.094924922046845e-06,0.0,0.0005182947264523349,0.0005182947264523349,64,0.0005012916982976256,0.008197730933360075,"[53, 63, 47, 49, 63, 32, 1]",32.76141276307128,13.461412763071277,0.608283281326294
rate,NN4,64,16,2,20000000000.0,SDM,8.0,8,T,6,-1.1231245813316342,13.661425483708648,"[64, 63, 64, 49, 63, 32, 1]",0.0005179064911582173,0.0004949095824905943,2.1036908667623106e-05,2.0934458970271765e-05,4.461409484799964e-06,0.00021384860671999932,0.000206967296,1.571121131577568e-05,0.00778608348,0.008248006462490846,6.0,6692.0,5514.0,1.2136101392635082e-05,8.900807274988022e-06,0.0,0.0005179064911582173,0.0005179064911582173,64,0.0005012916982976256,0.008167237432119816,"[53, 63, 47, 49, 63, 32, 1]",32.76141276307128,17.976862698030995,0.6438076496124268
rate,NN4,64,16,1,40000000000.0,SDM,8.0,8,T,6,3.392325353628083,13.661425483708648,"[64, 63, 64, 49, 63, 32, 1]",0.0005177123735111586,0.0004949095824905943,2.0842791020564278e-05,2.9605795796700986e-05,2.230704742399982e-06,0.00021384860671999932,0.000206967296,1.5705322562834505e-05,0.00778608348,0.008254441205821935,6.0,6692.0,5514.0,1.2039042569105668e-05,8.80374845145861e-06,0.0,0.0005177123735111586,0.0005177123735111586,64,0.0005012916982976256,0.008151990681499686,"[53, 63, 47, 49, 63, 32, 1]",32.76141276307128,22.49231263299071,0.6113409996032715
rate,NN4,64,16,4,10000000000.0,WDM,8.0,8,T,6,-4.5833578123999175,14.716642187600083,"[64, 63, 64, 49, 63, 32, 1]",0.0005182947264523349,0.0004949095824905943,2.1425143961740748e-05,1.887419397234694e-05,9.762641448959983e-05,0.00021384860671999932,0.000206967296,1.572298882165803e-05,0.00778608348,0.008339122980003603,6.0,6692.0,5514.0,1.2330219039693903e-05,9.094924922046845e-06,0.0,0.0005182947264523349,0.0005182947264523349,64,0.0005012916982976256,0.008277824444425675,"[53, 63, 47, 49, 63, 32, 1]",33.81662946696271,14.516629466962709,0.5985584259033203
rate,NN4,64,16,2,20000000000.0,WDM,8.0,8,T,6,-0.06790787744019866,14.716642187600083,"[64, 63, 64, 49, 63, 32, 1]",0.0005179064911582173,0.0004949095824905943,2.1036908667623106e-05,2.669214109455377e-05,4.8813207244799916e-05,0.00021384860671999932,0.000206967296,1.571121131577568e-05,0.00778608348,0.00829811594237513,6.0,6692.0,5514.0,1.2136101392635082e-05,8.900807274988022e-06,0.0,0.0005179064911582173,0.0005179064911582173,64,0.0005012916982976256,0.008207284187652616,"[53, 63, 47, 49, 63, 32, 1]",33.81662946696271,19.032079401922427,0.5806951522827148
rate,NN4,64,16,1,40000000000.0,WDM,8.0,8,T,6,4.447542057519518,14.716642187600083,"[64, 63, 64, 49, 63, 32, 1]",0.0005177123735111586,0.0004949095824905943,2.0842791020564278e-05,3.774838794469388e-05,2.4406603622399958e-05,0.00021384860671999932,0.000206967296,1.5705322562834505e-05,0.00778608348,0.008284759696849928,6.0,6692.0,5514.0,1.2039042569105668e-05,8.80374845145861e-06,0.0,0.0005177123735111586,0.0005177123735111586,64,0.0005012916982976256,0.008172014059266087,"[53, 63, 47, 49, 63, 32, 1]",33.81662946696271,23.547529336882143,0.6732933521270752
rate,NN4,64,16,4,10000000000.0,SDM,0.0,32,R,6,-5.638574516291353,13.661425483708648,"[64, 63, 51, 49, 63, 32, 1]",0.002425681811471722,0.001613294314568805,0.0008045474969029172,0.0005058702879229775,0.0003049260376064001,0.003473037885439997,0.00721762304,7.358548343280616e-05,0.024978325399999998,0.03655336813440218,6.0,6302.0,5176.0,4.872080727498802e-05,0.0007558266896279292,0.0,0.002433135929118781,0.0024331359291187814,63,0.0018889903252419821,0.0382009191491953,"[64, 63, 64, 49, 63, 32, 1]",32.76141276307128,13.461412763071277,0.6611571311950684
rate,NN4,64,16,2,20000000000.0,SDM,0.0,32,R,6,-1.1231245813316342,13.661425483708648,"[64, 63, 51, 49, 63, 32, 1]",0.0024252935761776046,0.001613294314568805,0.0008041592616087995,0.0007154086219822554,0.00015246301880320005,0.003473037885439997,0.00721762304,7.35737059269238e-05,0.024978325399999998,0.036610431672152374,6.0,6302.0,5176.0,4.8526689627929194e-05,0.0007556325719808703,0.0,0.0024327476938246634,0.0024327476938246634,63,0.0018889903252419821,0.03621263414449092,"[64, 63, 64, 49, 63, 32, 1]",32.76141276307128,17.976862698030995,0.6765344142913818
rate,NN4,64,16,1,40000000000.0,SDM,0.0,32,R,3,-0.9829746030117281,9.286125527068837,"[64, 63, 64, 25, 22, 16, 1]",0.00304368528420589,0.001742472591940249,0.001293372692265641,0.0005523122712741342,0.00011396724223999982,0.004991746048000008,0.006224162816,9.233323678166987e-05,0.02468647516,0.03666099677429581,11.0,7710.0,6870.0,0.00010046516966223228,0.0011929075226034087,0.0,0.0030889523997070165,0.003088745340883487,63,0.0018889903252419821,0.03521849164213873,"[64, 63, 64, 49, 63, 32, 1]",32.76141276307128,22.49231263299071,0.7264194488525391
rate,NN4,64,16,4,10000000000.0,WDM,0.0,32,R,6,-4.5833578123999175,14.716642187600083,"[64, 63, 51, 49, 63, 32, 1]",0.002425681811471722,0.001613294314568805,0.0008045474969029172,0.0006450016749875171,0.003762461323263997,0.003473037885439997,0.00721762304,7.358548343280616e-05,0.024978325399999998,0.04015003480712431,6.0,6302.0,5176.0,4.872080727498802e-05,0.0007558266896279292,0.0,0.002433135929118781,0.0024331359291187814,63,0.0018889903252419821,0.044376440890404906,"[64, 63, 64, 49, 63, 32, 1]",33.81662946696271,14.516629466962709,0.6679763793945312
rate,NN4,64,16,2,20000000000.0,WDM,0.0,32,R,6,-0.06790787744019866,14.716642187600083,"[64, 63, 51, 49, 63, 32, 1]",0.0024252935761776046,0.001613294314568805,0.0008041592616087995,0.0009121701165207102,0.0018812306616319985,0.003473037885439997,0.00721762304,7.35737059269238e-05,0.024978325399999998,0.038535960809519626,6.0,6302.0,5176.0,4.8526689627929194e-05,0.0007556325719808703,0.0,0.0024327476938246634,0.0024327476938246634,63,0.0018889903252419821,0.03930039501509572,"[64, 63, 64, 49, 63, 32, 1]",33.81662946696271,19.032079401922427,0.6646173000335693
rate,NN4,64,16,1,40000000000.0,WDM,0.0,32,R,2,-2.143670489677106,8.125429640403459,"[64, 63, 64, 25, 18, 16, 1]",0.003595972863011097,0.0017632639803510605,0.0018248688826600363,0.000608916652082992,0.000816122280550399,0.007070932008960002,0.006169571328000001,0.00010908743277230463,0.02467041884,0.0394450485423657,16.0,11045.0,10221.0,0.0001488015001535476,0.0016760673825064888,0.0,0.0037453512232364277,0.003744315929118781,63,0.0018889903252419821,0.03676237207744113,"[64, 63, 64, 49, 63, 32, 1]",33.81662946696271,23.547529336882143,0.8983023166656494
rate,NN4,64,16,4,10000000000.0,SDM,8.0,32,R,6,-5.638574516291353,13.661425483708648,"[64, 63, 51, 49, 63, 32, 1]",0.002425681811471722,0.001613294314568805,0.0008045474969029172,0.0005058702879229775,0.0003049260376064001,0.003473037885439997,0.00721762304,7.358548343280616e-05,0.024978325399999998,0.03655336813440218,6.0,6302.0,5176.0,4.872080727498802e-05,0.0007558266896279292,0.0,0.002433135929118781,0.0024331359291187814,63,0.0018889903252419821,0.0382009191491953,"[64, 63, 64, 49, 63, 32, 1]",32.76141276307128,13.461412763071277,0.7089023590087891
rate,NN4,64,16,2,20000000000.0,SDM,8.0,32,R,6,-1.1231245813316342,13.661425483708648,"[64, 63, 51, 49, 63, 32, 1]",0.0024252935761776046,0.001613294314568805,0.0008041592616087995,0.0007154086219822554,0.00015246301880320005,0.003473037885439997,0.00721762304,7.35737059269238e-05,0.024978325399999998,0.036610431672152374,6.0,6302.0,5176.0,4.8526689627929194e-05,0.0007556325719808703,0.0,0.0024327476938246634,0.0024327476938246634,63,0.0018889903252419821,0.03621263414449092,"[64, 63, 64, 49, 63, 32, 1]",32.76141276307128,17.976862698030995,0.6380372047424316
rate,NN4,64,16,1,40000000000.0,SDM,8.0,32,R,6,3.392325353628083,13.661425483708648,"[64, 63, 51, 49, 63, 32, 1]",0.002425099458530546,0.001613294314568805,0.0008039651439617408,0.001011740575845955,7.623150940160003e-05,0.003473037885439997,0.00721762304,7.356781717398264e-05,0.024978325399999998,0.03683052622786153,6.0,6302.0,5176.0,4.8429630804399783e-05,0.0007555355131573409,0.0,0.0024325535761776044,0.0024325535761776044,63,0.0018889903252419821,0.03521849164213873,"[64, 63, 64, 49, 63, 32, 1]",32.76141276307128,22.49231263299071,0.6953766345977783
rate,NN4,64,16,4,10000000000.0,WDM,8.0,32,R,6,-4.5833578123999175,14.716642187600083,"[64, 63, 51, 49, 63, 32, 1]",0.002425681811471722,0.001613294314568805,0.0008045474969029172,0.0006450016749875171,0.003762461323263997,0.003473037885439997,0.00721762304,7.358548343280616e-05,0.024978325399999998,0.04015003480712431,6.0,6302.0,5176.0,4.872080727498802e-05,0.0007558266896279292,0.0,0.002433135929118781,0.0024331359291187814,63,0.0018889903252419821,0.044376440890404906,"[64, 63, 64, 49, 63, 32, 1]",33.81662946696271,14.516629466962709,0.7688345909118652
rate,NN4,64,16,2,20000000000.0,WDM,8.0,32,R,6,-0.06790787744019866,14.716642187600083,"[64, 63, 51, 49, 63, 32, 1]",0.0024252935761776046,0.001613294314568805,0.0008041592616087995,0.0009121701165207102,0.0018812306616319985,0.003473037885439997,0.00721762304,7.35737059269238e-05,0.024978325399999998,0.038535960809519626,6.0,6302.0,5176.0,4.8526689627929194e-05,0.0007556325719808703,0.0,0.0024327476938246634,0.0024327476938246634,63,0.0018889903252419821,0.03930039501509572,"[64, 63, 64, 49, 63, 32, 1]",33.81662946696271,19.032079401922427,0.697232723236084
rate,NN4,64,16,1,40000000000.0,WDM,8.0,32,R,6,4.447542057519518,14.716642187600083,"[64, 63, 51, 49, 63, 32, 1]",0.002425099458530546,0.001613294314568805,0.0008039651439617408,0.0012900033499750343,0.0009406153308159993,0.003473037885439997,0.00721762304,7.356781717398264e-05,0.024978325399999998,0.03797317282340501,6.0,6302.0,5176.0,4.8429630804399783e-05,0.0007555355131573409,0.0,0.0024325535761776044,0.0024325535761776044,63,0.0018889903252419821,0.03676237207744113,"[64, 63, 64, 49, 63, 32, 1]",33.81662946696271,23.547529336882143,0.6590116024017334
rate,NN4,64,16,4,10000000000.0,SDM,0.0,32,T,6,-5.638574516291353,13.661425483708648,"[64, 63, 64, 49, 63, 32, 1]",0.0018395527484769939,0.0017488687809858413,8.284396749115252e-05,5.921159159340197e-05,3.569127587839971e-05,0.0008553944268799973,0.000827869184,5.5804672177798085e-05,0.02977043628,0.0316044074305296,6.0,6692.0,5514.0,4.789257198087038e-05,3.495139551028214e-05,0.0,0.0018395527484769939,0.0018395527484769939,64,0.001774292073263461,0.03141002227793659,"[53, 63, 47, 49, 63, 32, 1]",32.76141276307128,13.461412763071277,0.6625697612762451
rate,NN4,64,16,2,20000000000.0,SDM,0.0,32,T,6,-1.1231245813316342,13.661425483708648,"[64, 63, 64, 49, 63, 32, 1]",0.0018391645131828763,0.0017488687809858413,8.245573219703486e-05,8.373783588108706e-05,1.7845637939199854e-05,0.0008553944268799973,0.000827869184,5.579289467191573e-05,0.02977043628,0.0316110762593722,6.0,6692.0,5514.0,4.769845433381155e-05,3.4757277863223315e-05,0.0,0.0018391645131828763,0.0018391645131828763,64,0.001774292073263461,0.03128804827297556,"[53, 63, 47, 49, 63, 32, 1]",32.76141276307128,17.976862698030995,0.6079921722412109
rate,NN4,64,16,1,40000000000.0,SDM,0.0,32,T,3,-0.9829746030117281,9.286125527068837,"[64, 63, 64, 49, 63, 32, 1]",0.0019095998073005232,0.0017488687809858413,0.0001528910263146819,7.93978491237667e-05,1.6383401881599714e-05,0.0010772104806400181,0.000827869184,5.792961975426867e-05,0.02977043628,0.03182922681539965,11.0,12289.0,11111.0,8.912786609851741e-05,6.376316021616449e-05,0.0,0.0019095998073005232,0.0019095998073005232,64,0.001774292073263461,0.03122706127049504,"[53, 63, 47, 49, 63, 32, 1]",32.76141276307128,22.49231263299071,0.8204514980316162
rate,NN4,64,16,4,10000000000.0,WDM,0.0,32,T,6,-4.5833578123999175,14.716642187600083,"[64, 63, 64, 49, 63, 32, 1]",0.0018395527484769939,0.0017488687809858413,8.284396749115252e-05,7.549677588938776e-05,0.00039050565795839933,0.0008553944268799973,0.000827869184,5.5804672177798085e-05,0.02977043628,0.03197550699690558,6.0,6692.0,5514.0,4.789257198087038e-05,3.495139551028214e-05,0.0,0.0018395527484769939,0.0018395527484769939,64,0.001774292073263461,0.03173039632219899,"[53, 63, 47, 49, 63, 32, 1]",33.81662946696271,14.516629466962709,0.6133205890655518
rate,NN4,64,16,2,20000000000.0,WDM,0.0,32,T,6,-0.06790787744019866,14.716642187600083,"[64, 63, 64, 49, 63, 32, 1]",0.0018391645131828763,0.0017488687809858413,8.245573219703486e-05,0.00010676856437821508,0.00019525282897919966,0.0008553944268799973,0.000827869184,5.579289467191573e-05,0.02977043628,0.03181151417890933,6.0,6692.0,5514.0,4.769845433381155e-05,3.4757277863223315e-05,0.0,0.0018391645131828763,0.0018391645131828763,64,0.001774292073263461,0.031448235295106756,"[53, 63, 47, 49, 63, 32, 1]",33.81662946696271,19.032079401922427,0.5877721309661865
rate,NN4,64,16,1,40000000000.0,WDM,0.0,32,T,2,-2.143670489677106,8.125429640403459,"[64, 63, 64, 49, 63, 32, 1]",0.001979608042594641,0.0017488687809858413,0.0002228992616087996,8.844327036192165e-05,0.00011458754396159625,0.0012989125017600315,0.000827869184,6.005338958015102e-05,0.02977043628,0.0321603021696637,16.0,17884.0,16706.0,0.0001300331602161645,9.28661013926351e-05,0.0,0.001979608042594641,0.001979608042594641,64,0.001774292073263461,0.03130715478156064,"[53, 63, 47, 49, 63, 32, 1]",33.81662946696271,23.547529336882143,0.7669358253479004
rate,NN4,64,16,4,10000000000.0,SDM,8.0,32,T,6,-5.638574516291353,13.661425483708648,"[64, 63, 64, 49, 63, 32, 1]",0.0018395527484769939,0.0017488687809858413,8.284396749115252e-05,5.921159159340197e-05,3.569127587839971e-05,0.0008553944268799973,0.000827869184,5.5804672177798085e-05,0.02977043628,0.0316044074305296,6.0,6692.0,5514.0,4.789257198087038e-05,3.495139551028214e-05,0.0,0.0018395527484769939,0.0018395527484769939,64,0.001774292073263461,0.03141002227793659,"[53, 63, 47, 49, 63, 32, 1]",32.76141276307128,13.461412763071277,0.6005687713623047
rate,NN4,64,16,2,20000000000.0,SDM,8.0,32,T,6,-1.1231245813316342,13.661425483708648,"[64, 63, 64, 49, 63, 32, 1]",0.0018391645131828763,0.0017488687809858413,8.245573219703486e-05,8.373783588108706e-05,1.7845637939199854e-05,0.0008553944268799973,0.000827869184,5.579289467191573e-05,0.02977043628,0.0316110762593722,6.0,6692.0,5514.0,4.769845433381155e-05,3.4757277863223315e-05,0.0,0.0018391645131828763,0.0018391645131828763,64,0.001774292073263461,0.03128804827297556,"[53, 63, 47, 49, 63, 32, 1]",32.76141276307128,17.976862698030995,0.649907112121582
rate,NN4,64,16,1,40000000000.0,SDM,8.0,32,T,6,3.392325353628083,13.661425483708648,"[64, 63, 64, 49, 63, 32, 1]",0.0018389703955358173,0.0017488687809858413,8.226161454997604e-05,0.00011842318318680394,8.922818969599927e-06,0.0008553944268799973,0.000827869184,5.578700591897455e-05,0.02977043628,0.03163683289895537,6.0,6692.0,5514.0,4.760139551028214e-05,3.4660219039693905e-05,0.0,0.0018389703955358173,0.0018389703955358173,64,0.001774292073263461,0.03122706127049504,"[53, 63, 47, 49, 63, 32, 1]",32.76141276307128,22.49231263299071,0.6059036254882812
rate,NN4,64,16,4,10000000000.0,WDM,8.0,32,T,6,-4.5833578123999175,14.716642187600083,"[64, 63, 64, 49, 63, 32, 1]",0.0018395527484769939,0.0017488687809858413,8.284396749115252e-05,7.549677588938776e-05,0.00039050565795839933,0.0008553944268799973,0.000827869184,5.5804672177798085e-05,0.02977043628,0.03197550699690558,6.0,6692.0,5514.0,4.789257198087038e-05,3.495139551028214e-05,0.0,0.0018395527484769939,0.0018395527484769939,64,0.001774292073263461,0.03173039632219899,"[53, 63, 47, 49, 63, 32, 1]",33.81662946696271,14.516629466962709,0.6283254623413086
rate,NN4,64,16,2,20000000000.0,WDM,8.0,32,T,6,-0.06790787744019866,14.716642187600083,"[64, 63, 64, 49, 63, 32, 1]",0.0018391645131828763,0.0017488687809858413,8.245573219703486e-05,0.00010676856437821508,0.00019525282897919966,0.0008553944268799973,0.000827869184,5.579289467191573e-05,0.02977043628,0.03181151417890933,6.0,6692.0,5514.0,4.769845433381155e-05,3.4757277863223315e-05,0.0,0.0018391645131828763,0.0018391645131828763,64,0.001774292073263461,0.031448235295106756,"[53, 63, 47, 49, 63, 32, 1]",33.81662946696271,19.032079401922427,0.6024775505065918
rate,NN4,64,16,1,40000000000.0,WDM,8.0,32,T,6,4.447542057519518,14.716642187600083,"[64, 63, 64, 49, 63, 32, 1]",0.0018389703955358173,0.0017488687809858413,8.226161454997604e-05,0.0001509935517787755,9.762641448959983e-05,0.0008553944268799973,0.000827869184,5.578700591897455e-05,0.02977043628,0.03175810686306735,6.0,6692.0,5514.0,4.760139551028214e-05,3.4660219039693905e-05,0.0,0.0018389703955358173,0.0018389703955358173,64,0.001774292073263461,0.03130715478156064,"[53, 63, 47, 49, 63, 32, 1]",33.81662946696271,23.547529336882143,0.6562860012054443
rate,NN6,64,16,4,10000000000.0,SDM,0.0,1,R,6,-5.638574516291353,13.661425483708648,"[63, 63, 63, 63, 63, 63, 63, 1]",0.00028947451438444987,0.00024218,4.6974514384449885e-05,3.642757390902465e-05,2.1957636249599986e-05,0.00025000900607999934,0.0005136320000000001,8.781498868366671e-06,0.0023207406999999998,0.0031515484151069906,6.0,9269.0,7693.0,3.5060807216367075e-06,4.346843366281318e-05,0.0,0.00028947451438444987,0.00028947451438444987,63,0.00025901944304771633,0.003202751704193035,"[63, 63, 63, 63, 63, 63, 63, 1]",32.76141276307128,13.461412763071277,0.9781844615936279
rate,NN6,64,16,2,20000000000.0,SDM,0.0,1,R,6,-1.1231245813316342,13.661425483708648,"[63, 63, 63, 63, 63, 63, 63, 1]",0.0002890215732079793,0.00024218,4.652157320797929e-05,5.1516369066490706e-05,1.0978818124799993e-05,0.00025000900607999934,0.0005136320000000001,8.76775844483726e-06,0.0023207406999999998,0.0031556446517161272,6.0,9269.0,7693.0,3.2796101334014133e-06,4.324196307457788e-05,0.0,0.0002890215732079793,0.0002890215732079793,63,0.00025901944304771633,0.003069074417648665,"[63, 63, 63, 63, 63, 63, 63, 1]",32.76141276307128,17.976862698030995,1.066094160079956
rate,NN6,64,16,1,40000000000.0,SDM,0.0,1,R,3,-0.9829746030117281,9.286125527068837,"[63, 63, 63, 63, 63, 63, 63, 1]",0.00032452157320797927,0.00024218,8.20215732079793e-05,4.877433710571451e-05,1.0064372966399991e-05,0.00044002188287999976,0.0005136320000000001,9.84468644483726e-06,0.0023207406999999998,0.0033430779793969514,11.0,17004.0,15428.0,5.759021898107295e-06,7.6262551309872e-05,0.0,0.00032452157320797927,0.00032452157320797927,63,0.00025901944304771633,0.0030022357743764803,"[63, 63, 63, 63, 63, 63, 63, 1]",32.76141276307128,22.49231263299071,1.1142711639404297
rate,NN6,64,16,4,10000000000.0,WDM,0.0,1,R,6,-4.5833578123999175,14.716642187600083,"[63, 63, 63, 63, 63, 63, 63, 1]",0.00028947451438444987,0.00024218,4.6974514384449885e-05,4.64463850674502e-05,0.0002767310103039997,0.00025000900607999934,0.0005136320000000001,8.781498868366671e-06,0.0023207406999999998,0.003416340600319816,6.0,9269.0,7693.0,3.5060807216367075e-06,4.346843366281318e-05,0.0,0.00028947451438444987,0.00028947451438444987,63,0.00025901944304771633,0.003622656990234635,"[63, 63, 63, 63, 63, 63, 63, 1]",33.81662946696271,14.516629466962709,1.0178964138031006
rate,NN6,64,16,2,20000000000.0,WDM,0.0,1,R,6,-0.06790787744019866,14.716642187600083,"[63, 63, 63, 63, 63, 63, 63, 1]",0.0002890215732079793,0.00024218,4.652157320797929e-05,6.568510768559111e-05,0.00013836550515199984,0.00025000900607999934,0.0005136320000000001,8.76775844483726e-06,0.0023207406999999998,0.0032972000773624274,6.0,9269.0,7693.0,3.2796101334014133e-06,4.324196307457788e-05,0.0,0.0002890215732079793,0.0002890215732079793,63,0.00025901944304771633,0.003279027060669465,"[63, 63, 63, 63, 63, 63, 63, 1]",33.81662946696271,19.032079401922427,1.002654790878296
rate,NN6,64,16,1,40000000000.0,WDM,0.0,1,R,2,-2.143670489677106,8.125429640403459,"[63, 63, 63, 63, 63, 63, 63, 1]",0.00036024804379621456,0.00024218,0.00011774804379621459,5.43068737483853e-05,7.25288377727998e-05,0.0006300312473600014,0.0005136320000000001,1.0928484656601965e-05,0.0023207406999999998,0.0036021681435377886,16.0,24739.0,23163.0,8.351668956930826e-06,0.00010939637483928377,0.0,0.00036024804379621456,0.00036024804379621456,63,0.00025901944304771633,0.0031072120958868803,"[63, 63, 63, 63, 63, 63, 63, 1]",33.81662946696271,23.547529336882143,1.2254855632781982
rate,NN6,64,16,4,10000000000.0,SDM,8.0,1,R,6,-5.638574516291353,13.661425483708648,"[63, 63, 63, 63, 63, 63, 63, 1]",0.00028947451438444987,0.00024218,4.6974514384449885e-05,3.642757390902465e-05,2.1957636249599986e-05,0.00025000900607999934,0.0005136320000000001,8.781498868366671e-06,0.0023207406999999998,0.0031515484151069906,6.0,9269.0,7693.0,3.5060807216367075e-06,4.346843366281318e-05,0.0,0.00028947451438444987,0.00028947451438444987,63,0.00025901944304771633,0.003202751704193035,"[63, 63, 63, 63, 63, 63, 63, 1]",32.76141276307128,13.461412763071277,1.0326762199401855
rate,NN6,64,16,2,20000000000.0,SDM,8.0,1,R,6,-1.1231245813316342,13.661425483708648,"[63, 63, 63, 63, 63, 63, 63, 1]",0.0002890215732079793,0.00024218,4.652157320797929e-05,5.1516369066490706e-05,1.0978818124799993e-05,0.00025000900607999934,0.0005136320000000001,8.76775844483726e-06,0.0023207406999999998,0.0031556446517161272,6.0,9269.0,7693.0,3.2796101334014133e-06,4.324196307457788e-05,0.0,0.0002890215732079793,0.0002890215732079793,63,0.00025901944304771633,0.003069074417648665,"[63, 63, 63, 63, 63, 63, 63, 1]",32.76141276307128,17.976862698030995,0.9865343570709229
rate,NN6,64,16,1,40000000000.0,SDM,8.0,1,R,6,3.392325353628083,13.661425483708648,"[63, 63, 63, 63, 63, 63, 63, 1]",0.000288795102619744,0.00024218,4.6295102619744004e-05,7.28551478180493e-05,5.4894090623999964e-06,0.00025000900607999934,0.0005136320000000001,8.760888233072552e-06,0.0023207406999999998,0.003171487151193521,6.0,9269.0,7693.0,3.166374839283766e-06,4.312872778046024e-05,0.0,0.000288795102619744,0.000288795102619744,63,0.00025901944304771633,0.0030022357743764803,"[63, 63, 63, 63, 63, 63, 63, 1]",32.76141276307128,22.49231263299071,1.0369348526000977
rate,NN6,64,16,4,10000000000.0,WDM,8.0,1,R,6,-4.5833578123999175,14.716642187600083,"[63, 63, 63, 63, 63, 63, 63, 1]",0.00028947451438444987,0.00024218,4.6974514384449885e-05,4.64463850674502e-05,0.0002767310103039997,0.00025000900607999934,0.0005136320000000001,8.781498868366671e-06,0.0023207406999999998,0.003416340600319816,6.0,9269.0,7693.0,3.5060807216367075e-06,4.346843366281318e-05,0.0,0.00028947451438444987,0.00028947451438444987,63,0.00025901944304771633,0.003622656990234635,"[63, 63, 63, 63, 63, 63, 63, 1]",33.81662946696271,14.516629466962709,0.9612882137298584
rate,NN6,64,16,2,20000000000.0,WDM,8.0,1,R,6,-0.06790787744019866,14.716642187600083,"[63, 63, 63, 63, 63, 63, 63, 1]",0.0002890215732079793,0.00024218,4.652157320797929e-05,6.568510768559111e-05,0.00013836550515199984,0.00025000900607999934,0.0005136320000000001,8.76775844483726e-06,0.0023207406999999998,0.0032972000773624274,6.0,9269.0,7693.0,3.2796101334014133e-06,4.324196307457788e-05,0.0,0.0002890215732079793,0.0002890215732079793,63,0.00025901944304771633,0.003279027060669465,"[63, 63, 63, 63, 63, 63, 63, 1]",33.81662946696271,19.032079401922427,1.016732931137085
rate,NN6,64,16,1,40000000000.0,WDM,8.0,1,R,6,4.447542057519518,14.716642187600083,"[63, 63, 63, 63, 63, 63, 63, 1]",0.000288795102619744,0.00024218,4.6295102619744004e-05,9.28927701349004e-05,6.918275257599992e-05,0.00025000900607999934,0.0005136320000000001,8.760888233072552e-06,0.0023207406999999998,0.003255218117023972,6.0,9269.0,7693.0,3.166374839283766e-06,4.312872778046024e-05,0.0,0.000288795102619744,0.000288795102619744,63,0.00025901944304771633,0.0031072120958868803,"[63, 63, 63, 63, 63, 63, 63, 1]",33.81662946696271,23.547529336882143,0.9191446304321289
rate,NN6,64,16,4,10000000000.0,SDM,0.0,1,T,6,-5.638574516291353,13.661425483708648,"[63, 63, 63, 63, 63, 63, 63, 1]",0.00028089471732562626,0.00027415784999999994,6.416867325626356e-06,4.335371327151235e-06,2.613254092799987e-06,6.329018623999971e-05,6.171648e-05,8.521222144790198e-06,0.0031318907,0.003272367213804741,6.0,9269.0,7693.0,3.5060807216367075e-06,2.9107866039896487e-06,0.0,0.00028089471732562626,0.00028089471732562626,63,0.00027577040130987194,0.0032670257713329947,"[63, 63, 63, 63, 63, 63, 63, 1]",32.76141276307128,13.461412763071277,0.9664461612701416
rate,NN6,64,16,2,20000000000.0,SDM,0.0,1,T,6,-1.1231245813316342,13.661425483708648,"[63, 63, 63, 63, 63, 63, 63, 1]",0.00028043530556092036,0.00027415784999999994,5.957455560920473e-06,6.131140928780799e-06,1.3066270463999935e-06,6.329018623999971e-05,6.171648e-05,8.50728542949608e-06,0.0031318907,0.0032728424196446764,6.0,9269.0,7693.0,3.2796101334014133e-06,2.6778454275190603e-06,0.0,0.00028043530556092036,0.00028043530556092036,63,0.00027576393072163664,0.0032581923155418006,"[63, 63, 63, 63, 63, 63, 63, 1]",32.76141276307128,17.976862698030995,0.88616943359375
rate,NN6,64,16,1,40000000000.0,SDM,0.0,1,T,3,-0.9829746030117281,9.286125527068837,"[63, 63, 63, 63, 63, 63, 63, 1]",0.000284873246737391,0.00027415784999999994,1.0395396737391062e-05,5.808621965381671e-06,1.198583955199971e-06,7.936088064000113e-05,6.171648e-05,8.641914813025492e-06,0.0031318907,0.003288617181373608,11.0,17004.0,15428.0,5.759021898107295e-06,4.636374839283766e-06,0.0,0.000284873246737391,0.000284873246737391,63,0.00027576069542751896,0.003253775587646204,"[63, 63, 63, 63, 63, 63, 63, 1]",32.76141276307128,22.49231263299071,0.9009969234466553
rate,NN6,64,16,4,10000000000.0,WDM,0.0,1,T,6,-4.5833578123999175,14.716642187600083,"[63, 63, 63, 63, 63, 63, 63, 1]",0.00028089471732562626,0.00027415784999999994,6.416867325626356e-06,5.527744630321427e-06,2.8983322726399746e-05,6.329018623999971e-05,6.171648e-05,8.521222144790198e-06,0.0031318907,0.003299929655741511,6.0,9269.0,7693.0,3.5060807216367075e-06,2.9107866039896487e-06,0.0,0.00028089471732562626,0.00028089471732562626,63,0.00027577040130987194,0.0032932071208625945,"[63, 63, 63, 63, 63, 63, 63, 1]",33.81662946696271,14.516629466962709,0.8743782043457031
rate,NN6,64,16,2,20000000000.0,WDM,0.0,1,T,6,-0.06790787744019866,14.716642187600083,"[63, 63, 63, 63, 63, 63, 63, 1]",0.00028043530556092036,0.00027415784999999994,5.957455560920473e-06,7.817411425535765e-06,1.4491661363199873e-05,6.329018623999971e-05,6.171648e-05,8.50728542949608e-06,0.0031318907,0.003287713724458231,6.0,9269.0,7693.0,3.2796101334014133e-06,2.6778454275190603e-06,0.0,0.00028043530556092036,0.00028043530556092036,63,0.00027576393072163664,0.0032712829903066005,"[63, 63, 63, 63, 63, 63, 63, 1]",33.81662946696271,19.032079401922427,0.8919932842254639
rate,NN6,64,16,1,40000000000.0,WDM,0.0,1,T,2,-2.143670489677106,8.125429640403459,"[63, 63, 63, 63, 63, 63, 63, 1]",0.0002895408937962145,0.00027415784999999994,1.5063043796214593e-05,6.469016944566255e-06,8.443789785599843e-06,9.542811392000403e-05,6.171648e-05,8.783512554201963e-06,0.0031318907,0.003312731613204372,16.0,24739.0,23163.0,8.351668956930826e-06,6.711374839283767e-06,0.0,0.0002895408937962145,0.0002895408937962145,63,0.00027576069542751896,0.0032603209250286038,"[63, 63, 63, 63, 63, 63, 63, 1]",33.81662946696271,23.547529336882143,1.2674436569213867
rate,NN6,64,16,4,10000000000.0,SDM,8.0,1,T,6,-5.638574516291353,13.661425483708648,"[63, 63, 63, 63, 63, 63, 63, 1]",0.00028089471732562626,0.00027415784999999994,6.416867325626356e-06,4.335371327151235e-06,2.613254092799987e-06,6.329018623999971e-05,6.171648e-05,8.521222144790198e-06,0.0031318907,0.003272367213804741,6.0,9269.0,7693.0,3.5060807216367075e-06,2.9107866039896487e-06,0.0,0.00028089471732562626,0.00028089471732562626,63,0.00027577040130987194,0.0032670257713329947,"[63, 63, 63, 63, 63, 63, 63, 1]",32.76141276307128,13.461412763071277,0.9291412830352783
rate,NN6,64,16,2,20000000000.0,SDM,8.0,1,T,6,-1.1231245813316342,13.661425483708648,"[63, 63, 63, 63, 63, 63, 63, 1]",0.00028043530556092036,0.00027415784999999994,5.957455560920473e-06,6.131140928780799e-06,1.3066270463999935e-06,6.329018623999971e-05,6.171648e-05,8.50728542949608e-06,0.0031318907,0.0032728424196446764,6.0,9269.0,7693.0,3.2796101334014133e-06,2.6778454275190603e-06,0.0,0.00028043530556092036,0.00028043530556092036,63,0.00027576393072163664,0.0032581923155418006,"[63, 63, 63, 63, 63, 63, 63, 1]",32.76141276307128,17.976862698030995,0.9299490451812744
rate,NN6,64,16,1,40000000000.0,SDM,8.0,1,T,6,3.392325353628083,13.661425483708648,"[63, 63, 63, 63, 63, 63, 63, 1]",0.0002802055996785675,0.00027415784999999994,5.727749678567532e-06,8.67074265430247e-06,6.533135231999967e-07,6.329018623999971e-05,6.171648e-05,8.500317071849023e-06,0.0031318907,0.0032747217394893512,6.0,9269.0,7693.0,3.166374839283766e-06,2.5613748392837663e-06,0.0,0.0002802055996785675,0.0002802055996785675,63,0.00027576069542751896,0.003253775587646204,"[63, 63, 63, 63, 63, 63, 63, 1]",32.76141276307128,22.49231263299071,0.8603763580322266
rate,NN6,64,16,4,10000000000.0,WDM,8.0,1,T,6,-4.5833578123999175,14.716642187600083,"[63, 63, 63, 63, 63, 63, 63, 1]",0.00028089471732562626,0.00027415784999999994,6.416867325626356e-06,5.527744630321427e-06,2.8983322726399746e-05,6.329018623999971e-05,6.171648e-05,8.521222144790198e-06,0.0031318907,0.003299929655741511,6.0,9269.0,7693.0,3.5060807216367075e-06,2.9107866039896487e-06,0.0,0.00028089471732562626,0.00028089471732562626,63,0.00027577040130987194,0.0032932071208625945,"[63, 63, 63, 63, 63, 63, 63, 1]",33.81662946696271,14.516629466962709,0.9242880344390869
rate,NN6,64,16,2,20000000000.0,WDM,8.0,1,T,6,-0.06790787744019866,14.716642187600083,"[63, 63, 63, 63, 63, 63, 63, 1]",0.00028043530556092036,0.00027415784999999994,5.957455560920473e-06,7.817411425535765e-06,1.4491661363199873e-05,6.329018623999971e-05,6.171648e-05,8.50728542949608e-06,0.0031318907,0.003287713724458231,6.0,9269.0,7693.0,3.2796101334014133e-06,2.6778454275190603e-06,0.0,0.00028043530556092036,0.00028043530556092036,63,0.00027576393072163664,0.0032712829903066005,"[63, 63, 63, 63, 63, 63, 63, 1]",33.81662946696271,19.032079401922427,0.935929536819458
rate,NN6,64,16,1,40000000000.0,WDM,8.0,1,T,6,4.447542057519518,14.716642187600083,"[63, 63, 63, 63, 63, 63, 63, 1]",0.0002802055996785675,0.00027415784999999994,5.727749678567532e-06,1.1055489260642854e-05,7.2458306815999365e-06,6.329018623999971e-05,6.171648e-05,8.500317071849023e-06,0.0031318907,0.003283699003254091,6.0,9269.0,7693.0,3.166374839283766e-06,2.5613748392837663e-06,0.0,0.0002802055996785675,0.0002802055996785675,63,0.00027576069542751896,0.0032603209250286038,"[63, 63, 63, 63, 63, 63, 63, 1]",33.81662946696271,23.547529336882143,0.994635820388794
rate,NN6,64,16,4,10000000000.0,SDM,0.0,8,R,6,-5.638574516291353,13.661425483708648,"[63, 63, 63, 63, 63, 63, 63, 1]",0.0012690558869334694,0.0008984766666666666,0.0003680192202668028,0.0002914205912721972,0.00017566108999679989,0.0020000720486399947,0.004109056000000001,3.849807938601373e-05,0.014624224199999999,0.021238932009295004,6.0,9269.0,7693.0,2.4160198368695526e-05,0.0003438590218981073,0.0,0.0012690558869334694,0.0012690558869334694,63,0.0010325986297412444,0.021648776234981744,"[63, 63, 63, 63, 63, 63, 63, 1]",32.76141276307128,13.461412763071277,0.9960863590240479
rate,NN6,64,16,2,20000000000.0,SDM,0.0,8,R,6,-1.1231245813316342,13.661425483708648,"[63, 63, 63, 63, 63, 63, 63, 1]",0.0012686029457569987,0.0008984766666666666,0.0003675662790903323,0.00041213095253192565,8.783054499839994e-05,0.0020000720486399947,0.004109056000000001,3.8484338962484315e-05,0.014624224199999999,0.021271798085132805,6.0,9269.0,7693.0,2.3933727780460235e-05,0.000343632551309872,0.0,0.0012686029457569987,0.0012686029457569987,63,0.0010325986297412444,0.02057935794262679,"[63, 63, 63, 63, 63, 63, 63, 1]",32.76141276307128,17.976862698030995,0.9425373077392578
rate,NN6,64,16,1,40000000000.0,SDM,0.0,8,R,3,-0.9829746030117281,9.286125527068837,"[63, 63, 63, 63, 63, 63, 63, 1]",0.0015523147104628814,0.0008984766666666666,0.0006512780437962148,0.00039019469684571607,8.051498373119993e-05,0.003520175063039998,0.004109056000000001,4.7091019056601966e-05,0.014624224199999999,0.022771255962673514,11.0,17004.0,15428.0,4.362490425104847e-05,0.0006076531395451663,0.0,0.0015523147104628814,0.0015523147104628814,63,0.0010325986297412444,0.020044648796449308,"[63, 63, 63, 63, 63, 63, 63, 1]",32.76141276307128,22.49231263299071,1.153275489807129
rate,NN6,64,16,4,10000000000.0,WDM,0.0,8,R,6,-4.5833578123999175,14.716642187600083,"[63, 63, 63, 63, 63, 63, 63, 1]",0.0012690558869334694,0.0008984766666666666,0.0003680192202668028,0.0003715710805396016,0.0022138480824319975,0.0020000720486399947,0.004109056000000001,3.849807938601373e-05,0.014624224199999999,0.023357269490997604,6.0,9269.0,7693.0,2.4160198368695526e-05,0.0003438590218981073,0.0,0.0012690558869334694,0.0012690558869334694,63,0.0010325986297412444,0.025008018523314544,"[63, 63, 63, 63, 63, 63, 63, 1]",33.81662946696271,14.516629466962709,0.9250128269195557
rate,NN6,64,16,2,20000000000.0,WDM,0.0,8,R,6,-0.06790787744019866,14.716642187600083,"[63, 63, 63, 63, 63, 63, 63, 1]",0.0012686029457569987,0.0008984766666666666,0.0003675662790903323,0.0005254808614847289,0.0011069240412159987,0.0020000720486399947,0.004109056000000001,3.8484338962484315e-05,0.014624224199999999,0.022404241490303206,6.0,9269.0,7693.0,2.3933727780460235e-05,0.000343632551309872,0.0,0.0012686029457569987,0.0012686029457569987,63,0.0010325986297412444,0.02225897908679319,"[63, 63, 63, 63, 63, 63, 63, 1]",33.81662946696271,19.032079401922427,0.9730837345123291
rate,NN6,64,16,1,40000000000.0,WDM,0.0,8,R,2,-2.143670489677106,8.125429640403459,"[63, 63, 63, 63, 63, 63, 63, 1]",0.0018362529457569988,0.0008984766666666666,0.0009352162790903322,0.0004344549899870824,0.0005802307021823984,0.005040249978880011,0.004109056000000001,5.570456936248431e-05,0.014624224199999999,0.024843920440411976,16.0,24739.0,23163.0,6.342931601575436e-05,0.0008717869630745778,0.0,0.0018362529457569988,0.0018362529457569988,63,0.0010325986297412444,0.020884459368532508,"[63, 63, 63, 63, 63, 63, 63, 1]",33.81662946696271,23.547529336882143,1.4096763134002686
rate,NN6,64,16,4,10000000000.0,SDM,8.0,8,R,6,-5.638574516291353,13.661425483708648,"[63, 63, 63, 63, 63, 63, 63, 1]",0.0012690558869334694,0.0008984766666666666,0.0003680192202668028,0.0002914205912721972,0.00017566108999679989,0.0020000720486399947,0.004109056000000001,3.849807938601373e-05,0.014624224199999999,0.021238932009295004,6.0,9269.0,7693.0,2.4160198368695526e-05,0.0003438590218981073,0.0,0.0012690558869334694,0.0012690558869334694,63,0.0010325986297412444,0.021648776234981744,"[63, 63, 63, 63, 63, 63, 63, 1]",32.76141276307128,13.461412763071277,1.001201868057251
rate,NN6,64,16,2,20000000000.0,SDM,8.0,8,R,6,-1.1231245813316342,13.661425483708648,"[63, 63, 63, 63, 63, 63, 63, 1]",0.0012686029457569987,0.0008984766666666666,0.0003675662790903323,0.00041213095253192565,8.783054499839994e-05,0.0020000720486399947,0.004109056000000001,3.8484338962484315e-05,0.014624224199999999,0.021271798085132805,6.0,9269.0,7693.0,2.3933727780460235e-05,0.000343632551309872,0.0,0.0012686029457569987,0.0012686029457569987,63,0.0010325986297412444,0.02057935794262679,"[63, 63, 63, 63, 63, 63, 63, 1]",32.76141276307128,17.976862698030995,1.0088717937469482
rate,NN6,64,16,1,40000000000.0,SDM,8.0,8,R,6,3.392325353628083,13.661425483708648,"[63, 63, 63, 63, 63, 63, 63, 1]",0.0012683764751687636,0.0008984766666666666,0.000367339808502097,0.0005828411825443944,4.391527249919997e-05,0.0020000720486399947,0.004109056000000001,3.847746875071961e-05,0.014624224199999999,0.021398586172434307,6.0,9269.0,7693.0,2.382049248634259e-05,0.0003435193160157544,0.0,0.0012683764751687636,0.0012683764751687636,63,0.0010325986297412444,0.020044648796449308,"[63, 63, 63, 63, 63, 63, 63, 1]",32.76141276307128,22.49231263299071,1.006479024887085
rate,NN6,64,16,4,10000000000.0,WDM,8.0,8,R,6,-4.5833578123999175,14.716642187600083,"[63, 63, 63, 63, 63, 63, 63, 1]",0.0012690558869334694,0.0008984766666666666,0.0003680192202668028,0.0003715710805396016,0.0022138480824319975,0.0020000720486399947,0.004109056000000001,3.849807938601373e-05,0.014624224199999999,0.023357269490997604,6.0,9269.0,7693.0,2.4160198368695526e-05,0.0003438590218981073,0.0,0.0012690558869334694,0.0012690558869334694,63,0.0010325986297412444,0.025008018523314544,"[63, 63, 63, 63, 63, 63, 63, 1]",33.81662946696271,14.516629466962709,0.962489128112793
rate,NN6,64,16,2,20000000000.0,WDM,8.0,8,R,6,-0.06790787744019866,14.716642187600083,"[63, 63, 63, 63, 63, 63, 63, 1]",0.0012686029457569987,0.0008984766666666666,0.0003675662790903323,0.0005254808614847289,0.0011069240412159987,0.0020000720486399947,0.004109056000000001,3.8484338962484315e-05,0.014624224199999999,0.022404241490303206,6.0,9269.0,7693.0,2.3933727780460235e-05,0.000343632551309872,0.0,0.0012686029457569987,0.0012686029457569987,63,0.0010325986297412444,0.02225897908679319,"[63, 63, 63, 63, 63, 63, 63, 1]",33.81662946696271,19.032079401922427,0.9290883541107178
rate,NN6,64,16,1,40000000000.0,WDM,8.0,8,R,6,4.447542057519518,14.716642187600083,"[63, 63, 63, 63, 63, 63, 63, 1]",0.0012683764751687636,0.0008984766666666666,0.000367339808502097,0.0007431421610792032,0.0005534620206079994,0.0020000720486399947,0.004109056000000001,3.847746875071961e-05,0.014624224199999999,0.022068433899077918,6.0,9269.0,7693.0,2.382049248634259e-05,0.0003435193160157544,0.0,0.0012683764751687636,0.0012683764751687636,63,0.0010325986297412444,0.020884459368532508,"[63, 63, 63, 63, 63, 63, 63, 1]",33.81662946696271,23.547529336882143,1.0328423976898193
rate,NN6,64,16,4,10000000000.0,SDM,0.0,8,T,6,-5.638574516291353,13.661425483708648,"[63, 63, 63, 63, 63, 63, 63, 1]",0.0010491322050707242,0.0010030918083333332,4.348039673739105e-05,3.468297061720988e-05,2.0906032742399896e-05,0.0005063214899199977,0.00049373184,3.1826474573025486e-05,0.017747824199999998,0.01883529300785263,6.0,9269.0,7693.0,2.4160198368695526e-05,1.932019836869553e-05,0.0,0.0010491322050707242,0.0010491322050707242,63,0.001015792929108693,0.01879279369780831,"[63, 63, 63, 63, 63, 63, 63, 1]",32.76141276307128,13.461412763071277,0.8568260669708252
rate,NN6,64,16,2,20000000000.0,SDM,0.0,8,T,6,-1.1231245813316342,13.661425483708648,"[63, 63, 63, 63, 63, 63, 63, 1]",0.0010486792638942537,0.0010030918083333332,4.302745556092047e-05,4.904912743024639e-05,1.0453016371199948e-05,0.0005063214899199977,0.00049373184,3.181273414949608e-05,0.017747824199999998,0.01883919240787094,6.0,9269.0,7693.0,2.3933727780460235e-05,1.9093727780460234e-05,0.0,0.0010486792638942537,0.0010486792638942537,63,0.001015792929108693,0.018722127621812874,"[63, 63, 63, 63, 63, 63, 63, 1]",32.76141276307128,17.976862698030995,0.9285235404968262
rate,NN6,64,16,1,40000000000.0,SDM,0.0,8,T,3,-0.9829746030117281,9.286125527068837,"[63, 63, 63, 63, 63, 63, 63, 1]",0.001083920440364842,0.0010030918083333332,7.82686320315087e-05,4.646897572305337e-05,9.588671641599767e-06,0.0006348870451200091,0.00049373184,3.288181047890784e-05,0.017747824199999998,0.01896538254296357,11.0,17004.0,15428.0,4.362490425104847e-05,3.464372778046023e-05,0.0,0.001083920440364842,0.001083920440364842,63,0.001015792929108693,0.018686794583815156,"[63, 63, 63, 63, 63, 63, 63, 1]",32.76141276307128,22.49231263299071,1.1651880741119385
rate,NN6,64,16,4,10000000000.0,WDM,0.0,8,T,6,-4.5833578123999175,14.716642187600083,"[63, 63, 63, 63, 63, 63, 63, 1]",0.0010491322050707242,0.0010030918083333332,4.348039673739105e-05,4.4221957042571415e-05,0.00023186658181119797,0.0005063214899199977,0.00049373184,3.1826474573025486e-05,0.017747824199999998,0.01905579254334679,6.0,9269.0,7693.0,2.4160198368695526e-05,1.932019836869553e-05,0.0,0.0010491322050707242,0.0010491322050707242,63,0.001015792929108693,0.01900224449404511,"[63, 63, 63, 63, 63, 63, 63, 1]",33.81662946696271,14.516629466962709,0.9268472194671631
rate,NN6,64,16,2,20000000000.0,WDM,0.0,8,T,6,-0.06790787744019866,14.716642187600083,"[63, 63, 63, 63, 63, 63, 63, 1]",0.0010486792638942537,0.0010030918083333332,4.302745556092047e-05,6.253929140428612e-05,0.00011593329090559898,0.0005063214899199977,0.00049373184,3.181273414949608e-05,0.017747824199999998,0.018958162846379377,6.0,9269.0,7693.0,2.3933727780460235e-05,1.9093727780460234e-05,0.0,0.0010486792638942537,0.0010486792638942537,63,0.001015792929108693,0.018826853019931273,"[63, 63, 63, 63, 63, 63, 63, 1]",33.81662946696271,19.032079401922427,0.8957335948944092
rate,NN6,64,16,1,40000000000.0,WDM,0.0,8,T,2,-2.143670489677106,8.125429640403459,"[63, 63, 63, 63, 63, 63, 63, 1]",0.0011193880874236656,0.0010030918083333332,0.00011373627909033224,5.175213555653004e-05,6.755031828479875e-05,0.0007634249113600322,0.00049373184,3.3957757020084314e-05,0.017747824199999998,0.019158241162221444,16.0,24739.0,23163.0,6.342931601575436e-05,5.030696307457788e-05,0.0,0.0011193880874236656,0.0011193880874236656,63,0.001015792929108693,0.018739157282874355,"[63, 63, 63, 63, 63, 63, 63, 1]",33.81662946696271,23.547529336882143,1.2267446517944336
rate,NN6,64,16,4,10000000000.0,SDM,8.0,8,T,6,-5.638574516291353,13.661425483708648,"[63, 63, 63, 63, 63, 63, 63, 1]",0.0010491322050707242,0.0010030918083333332,4.348039673739105e-05,3.468297061720988e-05,2.0906032742399896e-05,0.0005063214899199977,0.00049373184,3.1826474573025486e-05,0.017747824199999998,0.01883529300785263,6.0,9269.0,7693.0,2.4160198368695526e-05,1.932019836869553e-05,0.0,0.0010491322050707242,0.0010491322050707242,63,0.001015792929108693,0.01879279369780831,"[63, 63, 63, 63, 63, 63, 63, 1]",32.76141276307128,13.461412763071277,0.8970479965209961
rate,NN6,64,16,2,20000000000.0,SDM,8.0,8,T,6,-1.1231245813316342,13.661425483708648,"[63, 63, 63, 63, 63, 63, 63, 1]",0.0010486792638942537,0.0010030918083333332,4.302745556092047e-05,4.904912743024639e-05,1.0453016371199948e-05,0.0005063214899199977,0.00049373184,3.181273414949608e-05,0.017747824199999998,0.01883919240787094,6.0,9269.0,7693.0,2.3933727780460235e-05,1.9093727780460234e-05,0.0,0.0010486792638942537,0.0010486792638942537,63,0.001015792929108693,0.018722127621812874,"[63, 63, 63, 63, 63, 63, 63, 1]",32.76141276307128,17.976862698030995,0.882779598236084
rate,NN6,64,16,1,40000000000.0,SDM,8.0,8,T,6,3.392325353628083,13.661425483708648,"[63, 63, 63, 63, 63, 63, 63, 1]",0.0010484527933060184,0.0010030918083333332,4.280098497268518e-05,6.936594123441976e-05,5.226508185599974e-06,0.0005063214899199977,0.00049373184,3.180586393773137e-05,0.017747824199999998,0.018854275843277746,6.0,9269.0,7693.0,2.382049248634259e-05,1.8980492486342588e-05,0.0,0.0010484527933060184,0.0010484527933060184,63,0.001015792929108693,0.018686794583815156,"[63, 63, 63, 63, 63, 63, 63, 1]",32.76141276307128,22.49231263299071,0.8756213188171387
rate,NN6,64,16,4,10000000000.0,WDM,8.0,8,T,6,-4.5833578123999175,14.716642187600083,"[63, 63, 63, 63, 63, 63, 63, 1]",0.0010491322050707242,0.0010030918083333332,4.348039673739105e-05,4.4221957042571415e-05,0.00023186658181119797,0.0005063214899199977,0.00049373184,3.1826474573025486e-05,0.017747824199999998,0.01905579254334679,6.0,9269.0,7693.0,2.4160198368695526e-05,1.932019836869553e-05,0.0,0.0010491322050707242,0.0010491322050707242,63,0.001015792929108693,0.01900224449404511,"[63, 63, 63, 63, 63, 63, 63, 1]",33.81662946696271,14.516629466962709,0.9043900966644287
rate,NN6,64,16,2,20000000000.0,WDM,8.0,8,T,6,-0.06790787744019866,14.716642187600083,"[63, 63, 63, 63, 63, 63, 63, 1]",0.0010486792638942537,0.0010030918083333332,4.302745556092047e-05,6.253929140428612e-05,0.00011593329090559898,0.0005063214899199977,0.00049373184,3.181273414949608e-05,0.017747824199999998,0.018958162846379377,6.0,9269.0,7693.0,2.3933727780460235e-05,1.9093727780460234e-05,0.0,0.0010486792638942537,0.0010486792638942537,63,0.001015792929108693,0.018826853019931273,"[63, 63, 63, 63, 63, 63, 63, 1]",33.81662946696271,19.032079401922427,0.8561482429504395
rate,NN6,64,16,1,40000000000.0,WDM,8.0,8,T,6,4.447542057519518,14.716642187600083,"[63, 63, 63, 63, 63, 63, 63, 1]",0.0010484527933060184,0.0010030918083333332,4.280098497268518e-05,8.844391408514283e-05,5.796664545279949e-05,0.0005063214899199977,0.00049373184,3.180586393773137e-05,0.017747824199999998,0.01892609395339567,6.0,9269.0,7693.0,2.382049248634259e-05,1.8980492486342588e-05,0.0,0.0010484527933060184,0.0010484527933060184,63,0.001015792929108693,0.018739157282874355,"[63, 63, 63, 63, 63, 63, 63, 1]",33.81662946696271,23.547529336882143,0.9238612651824951
rate,NN6,64,16,4,10000000000.0,SDM,0.0,32,R,6,-5.638574516291353,13.661425483708648,"[63, 63, 63, 63, 63, 63, 63, 1]",0.004974733926148256,0.0034957499999991,0.0014687439261491556,0.0011656823650887888,0.0007026443599871995,0.008000288194559979,0.016436224000000003,0.00015091352838363347,0.0568075962,0.0832633486480196,6.0,9269.0,7693.0,9.497431601575437e-05,0.0013737696101334012,0.0,0.004974733926148256,0.004974733926148256,63,0.004031991963073677,0.08490281919999146,"[63, 63, 63, 63, 63, 63, 63, 1]",32.76141276307128,13.461412763071277,0.9466960430145264
rate,NN6,64,16,2,20000000000.0,SDM,0.0,32,R,6,-1.1231245813316342,13.661425483708648,"[63, 63, 63, 63, 63, 63, 63, 1]",0.004974280984971785,0.0034957499999991,0.0014682909849726854,0.0016485238101277026,0.00035132217999359977,0.008000288194559979,0.016436224000000003,0.00015089978796010406,0.0568075962,0.08339485417264139,6.0,9269.0,7693.0,9.474784542751904e-05,0.0013735431395451663,0.0,0.004974280984971785,0.004974280984971785,63,0.004031991963073677,0.08062514603057164,"[63, 63, 63, 63, 63, 63, 63, 1]",32.76141276307128,17.976862698030995,0.9379129409790039
rate,NN6,64,16,1,40000000000.0,SDM,0.0,32,R,3,-0.9829746030117281,9.286125527068837,"[63, 63, 63, 63, 63, 63, 63, 1]",0.00610900451438355,0.0034957499999991,0.0026030145143844502,0.0015607787873828643,0.0003220599349247997,0.014080700252159992,0.016436224000000003,0.00018532276094833936,0.0568075962,0.089392681935416,11.0,17004.0,15428.0,0.00017345078660398964,0.0024295637277804605,0.0,0.00610900451438355,0.00610900451438355,63,0.004031991963073677,0.07848630944586171,"[63, 63, 63, 63, 63, 63, 63, 1]",32.76141276307128,22.49231263299071,1.09763503074646
rate,NN6,64,16,4,10000000000.0,WDM,0.0,32,R,6,-4.5833578123999175,14.716642187600083,"[63, 63, 63, 63, 63, 63, 63, 1]",0.004974733926148256,0.0034957499999991,0.0014687439261491556,0.0014862843221584063,0.00885539232972799,0.008000288194559979,0.016436224000000003,0.00015091352838363347,0.0568075962,0.09173669857483,6.0,9269.0,7693.0,9.497431601575437e-05,0.0013737696101334012,0.0,0.004974733926148256,0.004974733926148256,63,0.004031991963073677,0.09833978835332266,"[63, 63, 63, 63, 63, 63, 63, 1]",33.81662946696271,14.516629466962709,0.9731037616729736
rate,NN6,64,16,2,20000000000.0,WDM,0.0,32,R,6,-0.06790787744019866,14.716642187600083,"[63, 63, 63, 63, 63, 63, 63, 1]",0.004974280984971785,0.0034957499999991,0.0014682909849726854,0.0021019234459389155,0.004427696164863995,0.008000288194559979,0.016436224000000003,0.00015089978796010406,0.0568075962,0.087924627793323,6.0,9269.0,7693.0,9.474784542751904e-05,0.0013735431395451663,0.0,0.004974280984971785,0.004974280984971785,63,0.004031991963073677,0.08734363060723724,"[63, 63, 63, 63, 63, 63, 63, 1]",33.81662946696271,19.032079401922427,1.01322340965271
rate,NN6,64,16,1,40000000000.0,WDM,0.0,32,R,2,-2.143670489677106,8.125429640403459,"[63, 63, 63, 63, 63, 63, 63, 1]",0.00724395451438355,0.0034957499999991,0.00373796451438445,0.0017378199599483296,0.0023209228087295937,0.020160999915520044,0.016436224000000003,0.00021975260414833935,0.0568075962,0.0976833154883463,16.0,24739.0,23163.0,0.0002522669630745779,0.003485697551309872,0.0,0.00724395451438355,0.00724395451438355,63,0.004031991963073677,0.08184555173419451,"[63, 63, 63, 63, 63, 63, 63, 1]",33.81662946696271,23.547529336882143,1.3891232013702393
rate,NN6,64,16,4,10000000000.0,SDM,8.0,32,R,6,-5.638574516291353,13.661425483708648,"[63, 63, 63, 63, 63, 63, 63, 1]",0.004974733926148256,0.0034957499999991,0.0014687439261491556,0.0011656823650887888,0.0007026443599871995,0.008000288194559979,0.016436224000000003,0.00015091352838363347,0.0568075962,0.0832633486480196,6.0,9269.0,7693.0,9.497431601575437e-05,0.0013737696101334012,0.0,0.004974733926148256,0.004974733926148256,63,0.004031991963073677,0.08490281919999146,"[63, 63, 63, 63, 63, 63, 63, 1]",32.76141276307128,13.461412763071277,0.9824333190917969
rate,NN6,64,16,2,20000000000.0,SDM,8.0,32,R,6,-1.1231245813316342,13.661425483708648,"[63, 63, 63, 63, 63, 63, 63, 1]",0.004974280984971785,0.0034957499999991,0.0014682909849726854,0.0016485238101277026,0.00035132217999359977,0.008000288194559979,0.016436224000000003,0.00015089978796010406,0.0568075962,0.08339485417264139,6.0,9269.0,7693.0,9.474784542751904e-05,0.0013735431395451663,0.0,0.004974280984971785,0.004974280984971785,63,0.004031991963073677,0.08062514603057164,"[63, 63, 63, 63, 63, 63, 63, 1]",32.76141276307128,17.976862698030995,0.9347684383392334
rate,NN6,64,16,1,40000000000.0,SDM,8.0,32,R,6,3.392325353628083,13.661425483708648,"[63, 63, 63, 63, 63, 63, 63, 1]",0.00497405451438355,0.0034957499999991,0.00146806451438445,0.0023313647301775775,0.00017566108999679989,0.008000288194559979,0.016436224000000003,0.00015089291774833936,0.0568075962,0.0839020271324827,6.0,9269.0,7693.0,9.46346101334014e-05,0.0013734299042510486,0.0,0.00497405451438355,0.00497405451438355,63,0.004031991963073677,0.07848630944586171,"[63, 63, 63, 63, 63, 63, 63, 1]",32.76141276307128,22.49231263299071,0.9404675960540771
rate,NN6,64,16,4,10000000000.0,WDM,8.0,32,R,6,-4.5833578123999175,14.716642187600083,"[63, 63, 63, 63, 63, 63, 63, 1]",0.004974733926148256,0.0034957499999991,0.0014687439261491556,0.0014862843221584063,0.00885539232972799,0.008000288194559979,0.016436224000000003,0.00015091352838363347,0.0568075962,0.09173669857483,6.0,9269.0,7693.0,9.497431601575437e-05,0.0013737696101334012,0.0,0.004974733926148256,0.004974733926148256,63,0.004031991963073677,0.09833978835332266,"[63, 63, 63, 63, 63, 63, 63, 1]",33.81662946696271,14.516629466962709,0.9604341983795166
rate,NN6,64,16,2,20000000000.0,WDM,8.0,32,R,6,-0.06790787744019866,14.716642187600083,"[63, 63, 63, 63, 63, 63, 63, 1]",0.004974280984971785,0.0034957499999991,0.0014682909849726854,0.0021019234459389155,0.004427696164863995,0.008000288194559979,0.016436224000000003,0.00015089978796010406,0.0568075962,0.087924627793323,6.0,9269.0,7693.0,9.474784542751904e-05,0.0013735431395451663,0.0,0.004974280984971785,0.004974280984971785,63,0.004031991963073677,0.08734363060723724,"[63, 63, 63, 63, 63, 63, 63, 1]",33.81662946696271,19.032079401922427,1.1266798973083496
rate,NN6,64,16,1,40000000000.0,WDM,8.0,32,R,6,4.447542057519518,14.716642187600083,"[63, 63, 63, 63, 63, 63, 63, 1]",0.00497405451438355,0.0034957499999991,0.00146806451438445,0.0029725686443168127,0.0022138480824319975,0.008000288194559979,0.016436224000000003,0.00015089291774833936,0.0568075962,0.08658141803905713,6.0,9269.0,7693.0,9.46346101334014e-05,0.0013734299042510486,0.0,0.00497405451438355,0.00497405451438355,63,0.004031991963073677,0.08184555173419451,"[63, 63, 63, 63, 63, 63, 63, 1]",33.81662946696271,23.547529336882143,0.9716682434082031
rate,NN6,64,16,4,10000000000.0,SDM,0.0,32,T,6,-5.638574516291353,13.661425483708648,"[63, 63, 63, 63, 63, 63, 63, 1]",0.004029928450780408,0.0038490998187488998,0.00017058863203150873,0.00013873188246883952,8.362413096959958e-05,0.002025285959679991,0.00197492736,0.00012225190948287446,0.0678595962,0.0722044174426013,6.0,9269.0,7693.0,9.497431601575437e-05,7.561431601575435e-05,0.0,0.004029928450780408,0.004029928450780408,63,0.003899869174818377,0.07203452024533076,"[63, 63, 63, 63, 63, 63, 63, 1]",32.76141276307128,13.461412763071277,0.9320108890533447
rate,NN6,64,16,2,20000000000.0,SDM,0.0,32,T,6,-1.1231245813316342,13.661425483708648,"[63, 63, 63, 63, 63, 63, 63, 1]",0.004029475509603938,0.0038490998187488998,0.00017013569085503808,0.00019619650972098557,4.181206548479979e-05,0.002025285959679991,0.00197492736,0.00012223816905934507,0.0678595962,0.07222005626394512,6.0,9269.0,7693.0,9.474784542751904e-05,7.538784542751905e-05,0.0,0.004029475509603938,0.004029475509603938,63,0.003899869174818377,0.07175185594134903,"[63, 63, 63, 63, 63, 63, 63, 1]",32.76141276307128,17.976862698030995,0.9691364765167236
rate,NN6,64,16,1,40000000000.0,SDM,0.0,32,T,3,-0.9829746030117281,9.286125527068837,"[63, 63, 63, 63, 63, 63, 63, 1]",0.004170316686074526,0.0038490998187488998,0.00031097686732562633,0.00018587590289221347,3.835468656639907e-05,0.0025395481804800363,0.00197492736,0.0001265107269887568,0.0678595962,0.0727248130569274,11.0,17004.0,15428.0,0.00017345078660398964,0.0001375260807216367,0.0,0.004170316686074526,0.004170316686074526,63,0.003899869174818377,0.07161052378935816,"[63, 63, 63, 63, 63, 63, 63, 1]",32.76141276307128,22.49231263299071,1.0843181610107422
rate,NN6,64,16,4,10000000000.0,WDM,0.0,32,T,6,-4.5833578123999175,14.716642187600083,"[63, 63, 63, 63, 63, 63, 63, 1]",0.004029928450780408,0.0038490998187488998,0.00017058863203150873,0.00017688782817028566,0.0009274663272447919,0.002025285959679991,0.00197492736,0.00012225190948287446,0.0678595962,0.07308641558457794,6.0,9269.0,7693.0,9.497431601575437e-05,7.561431601575435e-05,0.0,0.004029928450780408,0.004029928450780408,63,0.003899869174818377,0.07287232343027797,"[63, 63, 63, 63, 63, 63, 63, 1]",33.81662946696271,14.516629466962709,0.9128561019897461
rate,NN6,64,16,2,20000000000.0,WDM,0.0,32,T,6,-0.06790787744019866,14.716642187600083,"[63, 63, 63, 63, 63, 63, 63, 1]",0.004029475509603938,0.0038490998187488998,0.00017013569085503808,0.0002501571656171445,0.00046373316362239593,0.002025285959679991,0.00197492736,0.00012223816905934507,0.0678595962,0.07269593801797887,6.0,9269.0,7693.0,9.474784542751904e-05,7.538784542751905e-05,0.0,0.004029475509603938,0.004029475509603938,63,0.003899869174818377,0.07217075753382263,"[63, 63, 63, 63, 63, 63, 63, 1]",33.81662946696271,19.032079401922427,0.8579540252685547
rate,NN6,64,16,1,40000000000.0,WDM,0.0,32,T,2,-2.143670489677106,8.125429640403459,"[63, 63, 63, 63, 63, 63, 63, 1]",0.00431138433313335,0.0038490998187488998,0.00045204451438444994,0.00020700854222612016,0.000270201273139195,0.003053699645440129,0.00197492736,0.0001307901551299333,0.0678595962,0.07349622317593538,16.0,24739.0,23163.0,0.0002522669630745779,0.00019977755130987202,0.0,0.00431138433313335,0.00431138433313335,63,0.003899869174818377,0.07181997458559496,"[63, 63, 63, 63, 63, 63, 63, 1]",33.81662946696271,23.547529336882143,1.2685396671295166
rate,NN6,64,16,4,10000000000.0,SDM,8.0,32,T,6,-5.638574516291353,13.661425483708648,"[63, 63, 63, 63, 63, 63, 63, 1]",0.004029928450780408,0.0038490998187488998,0.00017058863203150873,0.00013873188246883952,8.362413096959958e-05,0.002025285959679991,0.00197492736,0.00012225190948287446,0.0678595962,0.0722044174426013,6.0,9269.0,7693.0,9.497431601575437e-05,7.561431601575435e-05,0.0,0.004029928450780408,0.004029928450780408,63,0.003899869174818377,0.07203452024533076,"[63, 63, 63, 63, 63, 63, 63, 1]",32.76141276307128,13.461412763071277,0.8753430843353271
rate,NN6,64,16,2,20000000000.0,SDM,8.0,32,T,6,-1.1231245813316342,13.661425483708648,"[63, 63, 63, 63, 63, 63, 63, 1]",0.004029475509603938,0.0038490998187488998,0.00017013569085503808,0.00019619650972098557,4.181206548479979e-05,0.002025285959679991,0.00197492736,0.00012223816905934507,0.0678595962,0.07222005626394512,6.0,9269.0,7693.0,9.474784542751904e-05,7.538784542751905e-05,0.0,0.004029475509603938,0.004029475509603938,63,0.003899869174818377,0.07175185594134903,"[63, 63, 63, 63, 63, 63, 63, 1]",32.76141276307128,17.976862698030995,0.9234302043914795
rate,NN6,64,16,1,40000000000.0,SDM,8.0,32,T,6,3.392325353628083,13.661425483708648,"[63, 63, 63, 63, 63, 63, 63, 1]",0.0040292490390157025,0.0038490998187488998,0.0001699092202668028,0.00027746376493767904,2.0906032742399896e-05,0.002025285959679991,0.00197492736,0.00012223129884758035,0.0678595962,0.07228041061620764,6.0,9269.0,7693.0,9.46346101334014e-05,7.52746101334014e-05,0.0,0.0040292490390157025,0.0040292490390157025,63,0.003899869174818377,0.07161052378935816,"[63, 63, 63, 63, 63, 63, 63, 1]",32.76141276307128,22.49231263299071,0.8996069431304932
rate,NN6,64,16,4,10000000000.0,WDM,8.0,32,T,6,-4.5833578123999175,14.716642187600083,"[63, 63, 63, 63, 63, 63, 63, 1]",0.004029928450780408,0.0038490998187488998,0.00017058863203150873,0.00017688782817028566,0.0009274663272447919,0.002025285959679991,0.00197492736,0.00012225190948287446,0.0678595962,0.07308641558457794,6.0,9269.0,7693.0,9.497431601575437e-05,7.561431601575435e-05,0.0,0.004029928450780408,0.004029928450780408,63,0.003899869174818377,0.07287232343027797,"[63, 63, 63, 63, 63, 63, 63, 1]",33.81662946696271,14.516629466962709,0.9273629188537598
rate,NN6,64,16,2,20000000000.0,WDM,8.0,32,T,6,-0.06790787744019866,14.716642187600083,"[63, 63, 63, 63, 63, 63, 63, 1]",0.004029475509603938,0.0038490998187488998,0.00017013569085503808,0.0002501571656171445,0.00046373316362239593,0.002025285959679991,0.00197492736,0.00012223816905934507,0.0678595962,0.07269593801797887,6.0,9269.0,7693.0,9.474784542751904e-05,7.538784542751905e-05,0.0,0.004029475509603938,0.004029475509603938,63,0.003899869174818377,0.07217075753382263,"[63, 63, 63, 63, 63, 63, 63, 1]",33.81662946696271,19.032079401922427,0.9718520641326904
rate,NN6,64,16,1,40000000000.0,WDM,8.0,32,T,6,4.447542057519518,14.716642187600083,"[63, 63, 63, 63, 63, 63, 63, 1]",0.0040292490390157025,0.0038490998187488998,0.0001699092202668028,0.0003537756563405713,0.00023186658181119797,0.002025285959679991,0.00197492736,0.00012223129884758035,0.0678595962,0.07256768305667934,6.0,9269.0,7693.0,9.46346101334014e-05,7.52746101334014e-05,0.0,0.0040292490390157025,0.0040292490390157025,63,0.003899869174818377,0.07181997458559496,"[63, 63, 63, 63, 63, 63, 63, 1]",33.81662946696271,23.547529336882143,0.9310812950134277
