method,family,reuse,alloc,T,comp,comm,commF,commB,D_init,E_laser,E_tune,E_dyn,E_leak,E_net,E_comp,E_total,flops,slotsF,slotsB,maxroute,maxfan,wire_bytes,sram_peak,Z,Rrun,Hmax,cores_used,local_frac,relaxed_real,net,mu,lam,bwd,sweeps,evals,u
RI,FM,-1,"[1000, 500, 10]",4.7220404325259e-05,4.2565193723066915e-05,4.410210602192079e-06,3.22492100782131e-06,1.1852895943707686e-06,2.45e-07,7.530780184314067e-08,1.991681375831003e-05,2.3994272000000002e-05,2.2382471650172765e-05,6.636886521032594e-05,0.00010774569999999999,0.00017411456521032592,10774570.0,188.0,65.0,500.0,999.0,16080.0,44760.0,3980,6,4.6975404325258993e-05,1000,0.00100990099009901,"[1307.5224013117224, 576.6742966739603, 128.6925707948123]",NN1,1,8,T,,,
CS,FM,-1,"[1000, 500, 10]",4.7220404325259e-05,4.2565193723066915e-05,4.410210602192079e-06,3.22492100782131e-06,1.1852895943707686e-06,2.45e-07,7.530780184314067e-08,1.991681375831003e-05,2.3994272000000002e-05,2.2382471650172765e-05,6.636886521032594e-05,0.00010774569999999999,0.00017411456521032592,10774570.0,188.0,65.0,500.0,999.0,16080.0,44760.0,3980,6,4.6975404325258993e-05,1000,0.00100990099009901,,NN1,1,8,T,1,1508,
CS,RRM,-1,"[1000, 500, 10]",4.7223758245523394e-05,4.2565193723066915e-05,4.413564522456477e-06,3.228186667026119e-06,1.1853778554303581e-06,2.45e-07,7.540135415325248e-08,1.991781461308135e-05,2.3994745600000002e-05,2.238406140837809e-05,6.63720229756127e-05,0.00010774569999999999,0.0001741177229756127,10774570.0,188.0,65.0,500.0,999.0,16080.0,40752.0,4020,2,3.573228508074092e-05,1000,0.0009900990099009901,,NN1,1,8,T,1,1508,
CS,ORRM,-1,"[1000, 500, 10]",4.7218303712040774e-05,4.2565193723066915e-05,4.408109988973854e-06,3.222767437967331e-06,1.1853425510065224e-06,2.45e-07,7.530795365216321e-08,1.991681461034699e-05,2.3994272000000002e-05,2.2381475959507326e-05,6.636787052350648e-05,0.00010774569999999999,0.00017411357052350647,10774570.0,188.0,65.0,500.0,999.0,16080.0,44760.0,3980,6,4.697330371204077e-05,1000,0.00100990099009901,,NN1,1,8,T,,,
CS_Er,ORRM,-1,"[1000, 500, 10]",4.7218303712040774e-05,4.2565193723066915e-05,4.408109988973854e-06,3.222767437967331e-06,1.1853425510065224e-06,2.45e-07,7.530795365216321e-08,1.991681461034699e-05,2.3994272000000002e-05,2.2381475959507326e-05,6.636787052350648e-05,0.00010774569999999999,0.00017411357052350647,10774570.0,188.0,65.0,500.0,999.0,16080.0,44760.0,3980,6,4.697330371204077e-05,1000,0.00100990099009901,,NN1,1,8,T,,,
CSE,FM,-1,"[250, 84, 10]",5.7549617497022794e-05,5.6219498487257716e-05,1.0851190097650821e-06,8.125509144827824e-07,2.725680952822997e-07,2.45e-07,1.7860588262188604e-08,9.683649306921127e-07,5.16758272e-06,2.7278518693588805e-05,3.3432326932543105e-05,0.00010774569999999999,0.0001411780269325431,10774570.0,43.0,13.0,249.0,249.0,16080.0,156184.0,980,6,5.730461749702279e-05,250,0.004449438202247191,,NN1,1,8,T,,,
BESTFIXE,FM,-1,"[167, 167, 10]",5.655704969042231e-05,5.507517142942098e-05,1.2368782610013256e-06,8.243410680641409e-07,4.1253719293718467e-07,2.45e-07,2.0951557784877632e-08,1.2757071005881408e-06,6.154944e-06,2.6808041553260173e-05,3.425964421163319e-05,0.00010774569999999999,0.00014200534421163316,10774570.0,42.0,23.0,166.0,166.0,16080.0,138000.0,648,6,5.631204969042231e-05,167,0.005988372093023255,,NN1,1,8,T,,,167
MAX,FM,-1,"[1000, 500, 10]",4.7220404325259e-05,4.2565193723066915e-05,4.410210602192079e-06,3.22492100782131e-06,1.1852895943707686e-06,2.45e-07,7.530780184314067e-08,1.991681375831003e-05,2.3994272000000002e-05,2.2382471650172765e-05,6.636886521032594e-05,0.00010774569999999999,0.00017411456521032592,10774570.0,188.0,65.0,500.0,999.0,16080.0,44760.0,3980,6,4.6975404325258993e-05,1000,0.00100990099009901,,NN1,1,8,T,,,
F200,FM,-1,"[200, 200, 10]",5.6480340225442086e-05,5.4831374645252766e-05,1.4039655801893221e-06,9.514870781372359e-07,4.524785020520862e-07,2.45e-07,2.394813780737233e-08,1.7629334737276401e-06,7.334918399999998e-06,2.6771681266859547e-05,3.5893481278394555e-05,0.00010774569999999999,0.00014363918127839454,10774570.0,50.0,27.0,199.0,199.0,16080.0,121424.0,780,6,5.6235340225442084e-05,200,0.005024390243902439,,NN1,1,8,T,,,
BESTFIX,FM,-1,"[1000, 500, 10]",4.7220404325259e-05,4.2565193723066915e-05,4.410210602192079e-06,3.22492100782131e-06,1.1852895943707686e-06,2.45e-07,7.530780184314067e-08,1.991681375831003e-05,2.3994272000000002e-05,2.2382471650172765e-05,6.636886521032594e-05,0.00010774569999999999,0.00017411456521032592,10774570.0,188.0,65.0,500.0,999.0,16080.0,44760.0,3980,6,4.6975404325258993e-05,1000,0.00100990099009901,,NN1,1,8,T,,,1000
MAX,RRM,-1,"[1000, 500, 10]",4.7223758245523394e-05,4.2565193723066915e-05,4.413564522456477e-06,3.228186667026119e-06,1.1853778554303581e-06,2.45e-07,7.540135415325248e-08,1.991781461308135e-05,2.3994745600000002e-05,2.238406140837809e-05,6.63720229756127e-05,0.00010774569999999999,0.0001741177229756127,10774570.0,188.0,65.0,500.0,999.0,16080.0,40752.0,4020,2,3.573228508074092e-05,1000,0.0009900990099009901,,NN1,1,8,T,,,
F200,RRM,-1,"[200, 200, 10]",5.654898967759075e-05,5.4831374645252766e-05,1.4726150323379814e-06,9.867915019730083e-07,4.858235303649731e-07,2.45e-07,2.5126858962525607e-08,1.8889751040643946e-06,7.3713856e-06,2.6804221107178014e-05,3.608970867020493e-05,0.00010774569999999999,0.00014383540867020492,10774570.0,50.0,27.0,399.0,200.0,16080.0,93152.0,1620,2,2.6772794977622442e-05,410,0.0,,NN1,1,8,T,,,
BESTFIX,RRM,-1,"[1000, 500, 10]",4.7223758245523394e-05,4.2565193723066915e-05,4.413564522456477e-06,3.228186667026119e-06,1.1853778554303581e-06,2.45e-07,7.540135415325248e-08,1.991781461308135e-05,2.3994745600000002e-05,2.238406140837809e-05,6.63720229756127e-05,0.00010774569999999999,0.0001741177229756127,10774570.0,188.0,65.0,500.0,999.0,16080.0,40752.0,4020,2,3.573228508074092e-05,1000,0.0009900990099009901,,NN1,1,8,T,,,1000
MAX,ORRM,-1,"[1000, 500, 10]",4.7218303712040774e-05,4.2565193723066915e-05,4.408109988973854e-06,3.222767437967331e-06,1.1853425510065224e-06,2.45e-07,7.530795365216321e-08,1.991681461034699e-05,2.3994272000000002e-05,2.2381475959507326e-05,6.636787052350648e-05,0.00010774569999999999,0.00017411357052350647,10774570.0,188.0,65.0,500.0,999.0,16080.0,44760.0,3980,6,4.697330371204077e-05,1000,0.00100990099009901,,NN1,1,8,T,,,
F200,ORRM,-1,"[200, 200, 10]",5.654898967759075e-05,5.4831374645252766e-05,1.4726150323379814e-06,9.867915019730083e-07,4.858235303649731e-07,2.45e-07,2.5126858962525607e-08,1.8889751040643946e-06,7.3713856e-06,2.6804221107178014e-05,3.608970867020493e-05,0.00010774569999999999,0.00014383540867020492,10774570.0,50.0,27.0,399.0,200.0,16080.0,93152.0,1620,2,2.6772794977622442e-05,410,0.0,,NN1,1,8,T,,,
BESTFIX,ORRM,-1,"[1000, 500, 10]",4.7218303712040774e-05,4.2565193723066915e-05,4.408109988973854e-06,3.222767437967331e-06,1.1853425510065224e-06,2.45e-07,7.530795365216321e-08,1.991681461034699e-05,2.3994272000000002e-05,2.2381475959507326e-05,6.636787052350648e-05,0.00010774569999999999,0.00017411357052350647,10774570.0,188.0,65.0,500.0,999.0,16080.0,44760.0,3980,6,4.697330371204077e-05,1000,0.00100990099009901,,NN1,1,8,T,,,1000
RI,FM,-1,"[1000, 80, 10]",8.622029264994308e-05,6.576245508503401e-05,2.0212837564909063e-05,2.2656184133381573e-06,1.7947219151570907e-05,2.45e-07,3.372075164036352e-07,0.00014546844806571162,8.384352e-06,4.086841871607302e-05,0.00019505842629818828,8.83807e-05,0.0002834391262981883,8838070.0,135.0,12.0,500.0,999.0,690800.0,144792.0,3980,6,8.597529264994307e-05,1000,0.0017647058823529412,"[1027.638068582514, 79.50713562557843, 16.926546682163327]",NN1,1,8,R,,,
CS,FM,-1,"[1000, 84, 10]",7.709611905177664e-05,5.4992229376675434e-05,2.1858889675101202e-05,2.2789515675855055e-06,1.9579938107515697e-05,2.45e-07,3.512975520006391e-07,0.00015274158407270344,8.77661952e-06,3.654356043054212e-05,0.0001984130615752462,8.842069999999999e-05,0.0002868337615752462,8842070.0,136.0,13.0,500.0,999.0,722848.0,128760.0,3980,6,7.685111905177663e-05,1000,0.0016179775280898876,,NN1,1,8,R,2,3015,
CS,RRM,-1,"[1000, 84, 10]",7.711636047044266e-05,5.4992229376675434e-05,2.1879131093767225e-05,2.2795517427907135e-06,1.959957935097651e-05,2.45e-07,3.5152376241332535e-07,0.00015275991835046607,8.78249472e-06,3.655315486298982e-05,0.00019844709169586922,8.842069999999999e-05,0.00028686779169586924,8842070.0,136.0,13.0,500.0,999.0,723328.0,124752.0,4020,2,6.174091293753445e-05,1000,0.0009438202247191011,,NN1,1,8,R,2,3015,
CS,ORRM,-1,"[1000, 84, 10]",7.710232485683316e-05,5.4992229376675434e-05,2.1865095480157727e-05,2.2786338277709834e-06,1.9586461652386744e-05,2.45e-07,3.51367262633191e-07,0.00015274456620292841,8.777011199999999e-06,3.654650198213891e-05,0.00019841944664770054,8.842069999999999e-05,0.0002868401466477005,8842070.0,136.0,13.0,500.0,999.0,722880.0,128760.0,3980,6,7.685732485683315e-05,1000,0.0015730337078651685,,NN1,1,8,R,,,
CS_Er,ORRM,-1,"[1000, 84, 10]",7.710232485683316e-05,5.4992229376675434e-05,2.1865095480157727e-05,2.2786338277709834e-06,1.9586461652386744e-05,2.45e-07,3.51367262633191e-07,0.00015274456620292841,8.777011199999999e-06,3.654650198213891e-05,0.00019841944664770054,8.842069999999999e-05,0.0002868401466477005,8842070.0,136.0,13.0,500.0,999.0,722880.0,128760.0,3980,6,7.685732485683315e-05,1000,0.0015730337078651685,,NN1,1,8,R,,,
CSE,FM,-1,"[125, 39, 5]",0.00010047395119443619,9.07971200680272e-05,9.431831126408988e-06,5.502590489294235e-07,8.881572077479564e-06,2.45e-07,1.5336665902067902e-07,8.954312969972616e-06,4.10260416e-06,4.762465286616275e-05,6.0834936655156045e-05,8.79457e-05,0.00014878063665515605,8794570.0,21.0,6.0,124.0,124.0,340984.0,289008.0,490,6,0.00010022895119443618,125,0.00908433734939759,,NN1,1,8,R,,,
BESTFIXE,FM,-1,"[63, 63, 10]",0.00010384787599924612,8.867402289965988e-05,1.4928853099586253e-05,4.860370564759172e-07,1.4442816043110337e-05,2.45e-07,2.4278211019358195e-07,7.718227194942202e-06,6.628646399999999e-06,4.922389322364266e-05,6.381354892877844e-05,8.821069999999999e-05,0.00015202424892877842,8821070.0,16.0,10.0,62.0,62.0,547360.0,275560.0,232,6,0.00010360287599924613,63,0.01588235294117647,,NN1,1,8,R,,,63
MAX,FM,-1,"[1000, 500, 10]",0.00015369147268355456,4.57171444343036e-05,0.00010772932824925097,3.22492100782131e-06,0.00010450440724142965,2.45e-07,1.8281205959607865e-06,0.0009098403181700754,4.94755008e-05,7.284975805200486e-05,0.001033993697618041,9.258069999999999e-05,0.001126574397618041,9258070.0,188.0,65.0,500.0,999.0,4047920.0,48600.0,3980,6,0.00015344647268355458,1000,0.00100990099009901,,NN1,1,8,R,,,
F200,FM,-1,"[200, 200, 10]",9.909801745887762e-05,5.568787540810007e-05,4.316514205077755e-05,9.514870781372359e-07,4.2213654972640316e-05,2.45e-07,7.318900201603136e-07,7.400593300313942e-05,2.00485824e-05,4.697246027550799e-05,0.00014175886569880774,8.95807e-05,0.00023133956569880773,8958070.0,50.0,27.0,199.0,199.0,1643760.0,105816.0,780,6,9.885301745887762e-05,200,0.005024390243902439,,NN1,1,8,R,,,
BESTFIX,FM,-1,"[167, 167, 10]",9.242673747216808e-05,5.570603568175499e-05,3.647570179041309e-05,8.243410680641409e-07,3.5651360722348945e-05,2.45e-07,6.132588519025246e-07,5.174552290294108e-05,1.68172224e-05,4.381027356180766e-05,0.00011298627771665126,8.92507e-05,0.00020223697771665124,8925070.0,42.0,23.0,166.0,166.0,1379760.0,112104.0,648,6,9.218173747216808e-05,167,0.005988372093023255,,NN1,1,8,R,,,167
MAX,RRM,-1,"[1000, 500, 10]",0.00015369482660381896,4.57171444343036e-05,0.00010773268216951535,3.228186667026119e-06,0.00010450449550248923,2.45e-07,1.8282141482708983e-06,0.000909850156327788,4.9476480000000005e-05,7.285134781021018e-05,0.001034006198286269,9.258069999999999e-05,0.0011265868982862689,9258070.0,188.0,65.0,500.0,999.0,4048000.0,44592.0,4020,2,0.00013831217696844825,1000,0.0009900990099009901,,NN1,1,8,R,,,
F200,RRM,-1,"[200, 200, 10]",9.933490220514393e-05,5.568787540810007e-05,4.340202679704386e-05,9.867915019730083e-07,4.2415235295070855e-05,2.45e-07,7.359206530801728e-07,7.478567241641734e-05,2.0149440000000003e-05,4.708474364523822e-05,0.00014275577671473574,8.95807e-05,0.00023233647671473575,8958070.0,50.0,27.0,399.0,200.0,1652000.0,69152.0,1620,2,6.265974392578589e-05,410,0.0,,NN1,1,8,R,,,
BESTFIX,RRM,-1,"[167, 167, 10]",9.268205744308099e-05,5.570603568175499e-05,3.6731021761326e-05,8.490982952789763e-07,3.5881923466047024e-05,2.45e-07,6.175922034945322e-07,5.242428711660049e-05,1.6918080000000002e-05,4.3931295228020385e-05,0.00011389125454811541,8.92507e-05,0.0002031419545481154,8925070.0,42.0,23.0,333.0,167.0,1388000.0,81728.0,1356,2,5.609046253532869e-05,344,0.0,,NN1,1,8,R,,,167
MAX,ORRM,-1,"[1000, 500, 10]",0.00015368937207033633,4.57171444343036e-05,0.00010772722763603274,3.222767437967331e-06,0.0001045044601980654,2.45e-07,1.828120747769809e-06,0.0009098403190221124,4.94755008e-05,7.284876236133941e-05,0.0010339927029312215,9.258069999999999e-05,0.0011265734029312214,9258070.0,188.0,65.0,500.0,999.0,4047920.0,48600.0,3980,6,0.00015344437207033635,1000,0.00100990099009901,,NN1,1,8,R,,,
F200,ORRM,-1,"[200, 200, 10]",9.933490220514393e-05,5.568787540810007e-05,4.340202679704386e-05,9.867915019730083e-07,4.2415235295070855e-05,2.45e-07,7.359206530801728e-07,7.478567241641734e-05,2.0149440000000003e-05,4.708474364523822e-05,0.00014275577671473574,8.95807e-05,0.00023233647671473575,8958070.0,50.0,27.0,399.0,200.0,1652000.0,69152.0,1620,2,6.265974392578589e-05,410,0.0,,NN1,1,8,R,,,
BESTFIX,ORRM,-1,"[167, 167, 10]",9.268205744308099e-05,5.570603568175499e-05,3.6731021761326e-05,8.490982952789763e-07,3.5881923466047024e-05,2.45e-07,6.175922034945322e-07,5.242428711660049e-05,1.6918080000000002e-05,4.3931295228020385e-05,0.00011389125454811541,8.92507e-05,0.0002031419545481154,8925070.0,42.0,23.0,333.0,167.0,1388000.0,81728.0,1356,2,5.609046253532869e-05,344,0.0,,NN1,1,8,R,,,167
RI,FM,-1,"[1000, 500, 10]",4.339032402574255e-05,4.2565193723066915e-05,5.801303026756323e-07,4.1600988726046495e-07,1.641204154151674e-07,2.45e-07,7.582789955420445e-08,1.9984724512556612e-05,2.3994272000000002e-05,2.0567013588201966e-05,6.462183800031278e-05,0.00010774569999999999,0.00017236753800031277,10774570.0,24.0,9.0,500.0,999.0,16080.0,44760.0,3980,6,4.3145324025742545e-05,1000,0.00100990099009901,"[3698.231826083349, 1631.0812228565608, 363.9975579893665]",NN1,1,64,T,,,
CS,FM,-1,"[1000, 500, 10]",4.339032402574255e-05,4.2565193723066915e-05,5.801303026756323e-07,4.1600988726046495e-07,1.641204154151674e-07,2.45e-07,7.582789955420445e-08,1.9984724512556612e-05,2.3994272000000002e-05,2.0567013588201966e-05,6.462183800031278e-05,0.00010774569999999999,0.00017236753800031277,10774570.0,24.0,9.0,500.0,999.0,16080.0,44760.0,3980,6,4.3145324025742545e-05,1000,0.00100990099009901,,NN1,1,64,T,1,1508,
CS,RRM,-1,"[1000, 500, 10]",4.339021811247104e-05,4.2565193723066915e-05,5.80024389404125e-07,4.158951478829987e-07,1.6412924152112633e-07,2.45e-07,7.591203970492166e-08,1.998560189942593e-05,2.3994745600000002e-05,2.0566963385311273e-05,6.462322292444212e-05,0.00010774569999999999,0.0001723689229244421,10774570.0,24.0,9.0,500.0,999.0,16080.0,40752.0,4020,2,3.19169815300798e-05,1000,0.0009900990099009901,,NN1,1,64,T,1,1508,
CS,ORRM,256,"[1000, 500, 10]",4.338873532666994e-05,4.2565193723066915e-05,5.785416036030225e-07,4.144211881878551e-07,1.641204154151674e-07,2.45e-07,7.581013789857267e-08,1.9980194386930304e-05,2.3994272000000002e-05,2.056626054484155e-05,6.461653706967043e-05,0.00010774569999999999,0.00017236223706967041,10774570.0,24.0,9.0,500.0,999.0,16080.0,44760.0,3980,6,4.314373532666994e-05,1000,0.00100990099009901,,NN1,1,64,T,,,
CS_Er,ORRM,-1,"[1000, 500, 10]",4.33887441527759e-05,4.2565193723066915e-05,5.785504297089814e-07,4.14430014293814e-07,1.641204154151674e-07,2.45e-07,7.581089694368512e-08,1.9980388031695044e-05,2.3994272000000002e-05,2.0566264728415776e-05,6.461673565705451e-05,0.00010774569999999999,0.0001723624356570545,10774570.0,24.0,9.0,500.0,999.0,16080.0,44760.0,3980,6,4.3143744152775896e-05,1000,0.00100990099009901,,NN1,1,64,T,,,
CSE,FM,-1,"[250, 84, 10]",5.6639322458499455e-05,5.6219498487257716e-05,1.7482397124173934e-07,1.1584910975508341e-07,5.897486148665593e-08,2.45e-07,1.8053992956845734e-08,9.784284167418918e-07,5.16758272e-06,2.684703884532874e-05,3.301110397502748e-05,0.00010774569999999999,0.00014075680397502747,10774570.0,6.0,3.0,249.0,249.0,16080.0,156184.0,980,6,5.639432245849945e-05,250,0.004449438202247191,,NN1,1,64,T,,,
BESTFIXE,FM,-1,"[167, 167, 10]",5.5509939845531275e-05,5.507517142942098e-05,1.8976841611028984e-07,1.192520998859504e-07,7.051631622433943e-08,2.45e-07,2.1176235138168487e-08,1.2885389321946317e-06,6.154944e-06,2.6311711486781823e-05,3.377637065411462e-05,0.00010774569999999999,0.0001415220706541146,10774570.0,6.0,4.0,166.0,166.0,16080.0,138000.0,648,6,5.5264939845531266e-05,167,0.005988372093023255,,NN1,1,64,T,,,167
MAX,FM,-1,"[1000, 500, 10]",4.339032402574255e-05,4.2565193723066915e-05,5.801303026756323e-07,4.1600988726046495e-07,1.641204154151674e-07,2.45e-07,7.582789955420445e-08,1.9984724512556612e-05,2.3994272000000002e-05,2.0567013588201966e-05,6.462183800031278e-05,0.00010774569999999999,0.00017236753800031277,10774570.0,24.0,9.0,500.0,999.0,16080.0,44760.0,3980,6,4.3145324025742545e-05,1000,0.00100990099009901,,NN1,1,64,T,,,
F200,FM,-1,"[200, 200, 10]",5.531455979498804e-05,5.4831374645252766e-05,2.3818514973527216e-07,1.5445041864105004e-07,8.373473109422212e-08,2.45e-07,2.4558919817342235e-08,1.799349242717732e-06,7.334918399999998e-06,2.621910134282433e-05,3.5377927905359405e-05,0.00010774569999999999,0.0001431236279053594,10774570.0,8.0,5.0,199.0,199.0,16080.0,121424.0,780,6,5.506955979498804e-05,200,0.005024390243902439,,NN1,1,64,T,,,
BESTFIX,FM,-1,"[1000, 500, 10]",4.339032402574255e-05,4.2565193723066915e-05,5.801303026756323e-07,4.1600988726046495e-07,1.641204154151674e-07,2.45e-07,7.582789955420445e-08,1.9984724512556612e-05,2.3994272000000002e-05,2.0567013588201966e-05,6.462183800031278e-05,0.00010774569999999999,0.00017236753800031277,10774570.0,24.0,9.0,500.0,999.0,16080.0,44760.0,3980,6,4.3145324025742545e-05,1000,0.00100990099009901,,NN1,1,64,T,,,1000
MAX,RRM,-1,"[1000, 500, 10]",4.339021811247104e-05,4.2565193723066915e-05,5.80024389404125e-07,4.158951478829987e-07,1.6412924152112633e-07,2.45e-07,7.591203970492166e-08,1.998560189942593e-05,2.3994745600000002e-05,2.0566963385311273e-05,6.462322292444212e-05,0.00010774569999999999,0.0001723689229244421,10774570.0,24.0,9.0,500.0,999.0,16080.0,40752.0,4020,2,3.19169815300798e-05,1000,0.0009900990099009901,,NN1,1,64,T,,,
F200,RRM,-1,"[200, 200, 10]",5.532361537970191e-05,5.4831374645252766e-05,2.472407344491478e-07,1.5762781678626954e-07,8.961291766287823e-08,2.45e-07,2.5767091922859314e-08,1.9285615101014648e-06,7.3713856e-06,2.6223393689978705e-05,3.5549107892003025e-05,0.00010774569999999999,0.000143294807892003,10774570.0,8.0,5.0,399.0,200.0,16080.0,93152.0,1620,2,2.6290457994817453e-05,410,0.0,,NN1,1,64,T,,,
BESTFIX,RRM,-1,"[1000, 500, 10]",4.339021811247104e-05,4.2565193723066915e-05,5.80024389404125e-07,4.158951478829987e-07,1.6412924152112633e-07,2.45e-07,7.591203970492166e-08,1.998560189942593e-05,2.3994745600000002e-05,2.0566963385311273e-05,6.462322292444212e-05,0.00010774569999999999,0.0001723689229244421,10774570.0,24.0,9.0,500.0,999.0,16080.0,40752.0,4020,2,3.19169815300798e-05,1000,0.0009900990099009901,,NN1,1,64,T,,,1000
MAX,ORRM,-1,"[1000, 500, 10]",4.33887441527759e-05,4.2565193723066915e-05,5.785504297089814e-07,4.14430014293814e-07,1.641204154151674e-07,2.45e-07,7.581089694368512e-08,1.9980388031695044e-05,2.3994272000000002e-05,2.0566264728415776e-05,6.461673565705451e-05,0.00010774569999999999,0.0001723624356570545,10774570.0,24.0,9.0,500.0,999.0,16080.0,44760.0,3980,6,4.3143744152775896e-05,1000,0.00100990099009901,,NN1,1,64,T,,,
F200,ORRM,-1,"[200, 200, 10]",5.532361537970191e-05,5.4831374645252766e-05,2.472407344491478e-07,1.5762781678626954e-07,8.961291766287823e-08,2.45e-07,2.5767091922859314e-08,1.9285615101014648e-06,7.3713856e-06,2.6223393689978705e-05,3.5549107892003025e-05,0.00010774569999999999,0.000143294807892003,10774570.0,8.0,5.0,399.0,200.0,16080.0,93152.0,1620,2,2.6290457994817453e-05,410,0.0,,NN1,1,64,T,,,
BESTFIX,ORRM,-1,"[1000, 500, 10]",4.33887441527759e-05,4.2565193723066915e-05,5.785504297089814e-07,4.14430014293814e-07,1.641204154151674e-07,2.45e-07,7.581089694368512e-08,1.9980388031695044e-05,2.3994272000000002e-05,2.0566264728415776e-05,6.461673565705451e-05,0.00010774569999999999,0.0001723624356570545,10774570.0,24.0,9.0,500.0,999.0,16080.0,44760.0,3980,6,4.3143744152775896e-05,1000,0.00100990099009901,,NN1,1,64,T,,,1000
RI,FM,-1,"[1000, 225, 10]",5.6512600173531645e-05,4.8581565869191045e-05,7.686034304340598e-06,3.37287397629086e-07,7.348746906711512e-06,2.45e-07,8.519080491356578e-07,0.00040927941999354474,2.25724704e-05,2.6786972482254e-05,0.0004594907709249344,8.98307e-05,0.0005493214709249344,8983070.0,20.0,5.0,500.0,999.0,1849960.0,80664.0,3980,6,5.626760017353164e-05,1000,0.001108695652173913,"[2906.5993876005687, 224.88013901426018, 47.87550376411338]",NN1,1,64,R,,,
CS,FM,-1,"[1000, 167, 10]",5.476128212811013e-05,4.847614495082369e-05,6.040137177286435e-06,3.2455053181766007e-07,5.715586645468775e-06,2.45e-07,6.466370619044721e-07,0.00030374902379262897,1.689878976e-05,2.59568477287242e-05,0.0003472512983432576,8.92507e-05,0.0004365019983432576,8925070.0,19.0,4.0,500.0,999.0,1386424.0,80664.0,3980,6,5.451628212811013e-05,1000,0.0011453488372093023,,NN1,1,64,R,2,3015,
CS,RRM,-1,"[1000, 167, 10]",5.4764429161168184e-05,4.847614495082369e-05,6.043284210344492e-06,3.2437400969848123e-07,5.718910200646011e-06,2.45e-07,6.467402084742283e-07,0.00030376448959809686,1.6901727360000002e-05,2.5958339422393716e-05,0.00034727129658896483,8.92507e-05,0.0004365219965889648,8925070.0,19.0,4.0,500.0,999.0,1386664.0,76656.0,4020,2,4.0208464001813526e-05,1000,0.0009709302325581396,,NN1,1,64,R,2,3015,
CS,ORRM,-1,"[1000, 167, 10]",5.476062899626917e-05,4.847614495082369e-05,6.039484045445473e-06,3.2389739997669826e-07,5.715586645468775e-06,2.45e-07,6.466479921540917e-07,0.0003037499617497759,1.689888768e-05,2.5956538144231586e-05,0.0003472520355661616,8.92507e-05,0.0004365027355661616,8925070.0,19.0,4.0,500.0,999.0,1386432.0,80664.0,3980,6,5.4515628996269175e-05,1000,0.0011395348837209302,,NN1,1,64,R,,,
CS_Er,ORRM,-1,"[1000, 167, 10]",5.476062899626917e-05,4.847614495082369e-05,6.039484045445473e-06,3.2389739997669826e-07,5.715586645468775e-06,2.45e-07,6.466479921540917e-07,0.0003037499617497759,1.689888768e-05,2.5956538144231586e-05,0.0003472520355661616,8.92507e-05,0.0004365027355661616,8925070.0,19.0,4.0,500.0,999.0,1386432.0,80664.0,3980,6,5.4515628996269175e-05,1000,0.0011395348837209302,,NN1,1,64,R,,,
CSE,FM,-1,"[84, 50, 10]",9.043063721542157e-05,8.768392754936123e-05,2.501709666060339e-06,8.848579654434685e-08,2.4132238695159923e-06,2.45e-07,1.9875584698333657e-07,8.014912717067681e-06,5.392896e-06,4.2864122040109824e-05,5.647068660416084e-05,8.808069999999999e-05,0.00014455138660416083,8808070.0,3.0,2.0,83.0,83.0,446400.0,262056.0,316,6,9.018563721542155e-05,84,0.012727272727272728,,NN1,1,64,R,,,
BESTFIXE,FM,-1,"[63, 63, 10]",9.13932705974671e-05,8.867402289965988e-05,2.4742476978072297e-06,6.109443713890894e-08,2.4131532606683207e-06,2.45e-07,2.4317717158258814e-07,7.730055310692374e-06,6.628646399999999e-06,4.332041026319941e-05,5.7922289145474374e-05,8.821069999999999e-05,0.00014613298914547437,8821070.0,2.0,2.0,62.0,62.0,547360.0,275560.0,232,6,9.11482705974671e-05,63,0.01588235294117647,,NN1,1,64,R,,,63
MAX,FM,-1,"[1000, 500, 10]",6.0263157089920406e-05,4.57171444343036e-05,1.4301012655616808e-05,4.1600988726046495e-07,1.3885002768356343e-05,2.45e-07,1.8286406936718516e-06,0.0009099082289243214,4.94755008e-05,2.8564736460622273e-05,0.0009897771068786156,9.258069999999999e-05,0.0010823578068786155,9258070.0,24.0,9.0,500.0,999.0,4047920.0,48600.0,3980,6,6.0018157089920404e-05,1000,0.00100990099009901,,NN1,1,64,R,,,
F200,FM,-1,"[200, 200, 10]",6.339870761665888e-05,5.568787540810007e-05,7.465832208558802e-06,1.5445041864105004e-07,7.311381789917752e-06,2.45e-07,7.323338609938128e-07,7.40253130074236e-05,2.00485824e-05,3.0050987410296307e-05,0.00012485721667871374,8.95807e-05,0.00021443791667871372,8958070.0,8.0,5.0,199.0,199.0,1643760.0,105816.0,780,6,6.315370761665887e-05,200,0.005024390243902439,,NN1,1,64,R,,,
BESTFIX,FM,-1,"[250, 250, 10]",5.894175920355759e-05,5.1246808317321094e-05,7.4499508862364964e-06,1.368038751269563e-07,7.31314701110954e-06,2.45e-07,9.086958026326157e-07,0.00011491546914305804,2.49455616e-05,2.7938393862486295e-05,0.00016870812040817697,9.00807e-05,0.00025878882040817697,9008070.0,8.0,5.0,249.0,249.0,2043840.0,83496.0,980,6,5.86967592035576e-05,250,0.004,,NN1,1,64,R,,,250
MAX,RRM,-1,"[1000, 500, 10]",6.02630511766489e-05,4.57171444343036e-05,1.43009067423453e-05,4.158951478829987e-07,1.3885011594462302e-05,2.45e-07,1.8287248338225687e-06,0.0009099179436141318,4.9476480000000005e-05,2.8564686257731576e-05,0.000989787834705686,9.258069999999999e-05,0.001082368534705686,9258070.0,24.0,9.0,500.0,999.0,4048000.0,44592.0,4020,2,4.5704226358963544e-05,1000,0.0009900990099009901,,NN1,1,64,R,,,
F200,RRM,-1,"[200, 200, 10]",6.343688084843157e-05,5.568787540810007e-05,7.5040054403315e-06,1.5762781678626954e-07,7.34637762354523e-06,2.45e-07,7.363939448640358e-07,7.4808137878925e-05,2.0149440000000003e-05,3.006908152215656e-05,0.0001257630533459456,8.95807e-05,0.00021534375334594558,8958070.0,8.0,5.0,399.0,200.0,1652000.0,69152.0,1620,2,2.8065298320517913e-05,410,0.0,,NN1,1,64,R,,,
BESTFIX,RRM,-1,"[250, 250, 10]",5.898434548830976e-05,5.1246808317321094e-05,7.492537170988667e-06,1.4351171565575308e-07,7.3490254553329136e-06,2.45e-07,9.140719941175761e-07,0.00011605781679400779,2.5045440000000002e-05,2.7958579761458824e-05,0.0001699759085495842,9.00807e-05,0.0002600566085495842,9008070.0,8.0,5.0,499.0,250.0,2052000.0,56576.0,2020,2,2.642881748385221e-05,510,0.0,,NN1,1,64,R,,,250
MAX,ORRM,-1,"[1000, 500, 10]",6.026157721695376e-05,4.57171444343036e-05,1.4299432782650157e-05,4.14430014293814e-07,1.3885002768356343e-05,2.45e-07,1.8286236910613322e-06,0.0009099038924434598,4.94755008e-05,2.856398760083608e-05,0.0009897720045353572,9.258069999999999e-05,0.001082352704535357,9258070.0,24.0,9.0,500.0,999.0,4047920.0,48600.0,3980,6,6.0016577216953755e-05,1000,0.00100990099009901,,NN1,1,64,R,,,
F200,ORRM,-1,"[200, 200, 10]",6.343688084843157e-05,5.568787540810007e-05,7.5040054403315e-06,1.5762781678626954e-07,7.34637762354523e-06,2.45e-07,7.363939448640358e-07,7.4808137878925e-05,2.0149440000000003e-05,3.006908152215656e-05,0.0001257630533459456,8.95807e-05,0.00021534375334594558,8958070.0,8.0,5.0,399.0,200.0,1652000.0,69152.0,1620,2,2.8065298320517913e-05,410,0.0,,NN1,1,64,R,,,
BESTFIX,ORRM,-1,"[250, 250, 10]",5.898434548830976e-05,5.1246808317321094e-05,7.492537170988667e-06,1.4351171565575308e-07,7.3490254553329136e-06,2.45e-07,9.140719941175761e-07,0.00011605781679400779,2.5045440000000002e-05,2.7958579761458824e-05,0.0001699759085495842,9.00807e-05,0.0002600566085495842,9008070.0,8.0,5.0,499.0,250.0,2052000.0,56576.0,2020,2,2.642881748385221e-05,510,0.0,,NN1,1,64,R,,,250
RI,FM,-1,"[1000, 500, 10]",0.00011562386414360865,0.00010679806530612246,6.865798837486191e-06,5.04962689017425e-06,1.8161719473119415e-06,1.96e-06,1.1725177243137584e-07,3.068118110830999e-05,0.00019195417600000001,5.48057116040705e-05,0.0002775583204848119,0.0006105942,0.0008881525204848118,61059420.0,188.0,65.0,500.0,999.0,128640.0,172816.0,3980,6,0.00011366386414360864,1000,0.00100990099009901,"[2222.715192146044, 1132.0962915464809, 220.46516479681975]",NN1,8,8,T,,,
CS,FM,-1,"[1000, 500, 10]",0.00011562386414360865,0.00010679806530612246,6.865798837486191e-06,5.04962689017425e-06,1.8161719473119415e-06,1.96e-06,1.1725177243137584e-07,3.068118110830999e-05,0.00019195417600000001,5.48057116040705e-05,0.0002775583204848119,0.0006105942,0.0008881525204848118,61059420.0,188.0,65.0,500.0,999.0,128640.0,172816.0,3980,6,0.00011366386414360864,1000,0.00100990099009901,,NN1,8,8,T,1,1508,
CS,RRM,-1,"[1000, 500, 10]",0.00011562721806387305,0.00010679806530612246,6.86915275775059e-06,5.052892549379059e-06,1.816260208371531e-06,1.96e-06,1.1734532474148766e-07,3.068239491014012e-05,0.00019195796480000002,5.4807301362275824e-05,0.00027756500639715745,0.0006105942,0.0008881592063971574,61059420.0,188.0,65.0,500.0,999.0,128640.0,141384.0,4020,2,8.947133313438469e-05,1000,0.0009900990099009901,,NN1,8,8,T,1,1508,
CS,ORRM,-1,"[1000, 500, 10]",0.00011562176353039043,0.00010679806530612246,6.863698224267963e-06,5.0474733203202676e-06,1.816224903947695e-06,1.96e-06,1.1725192424039842e-07,3.0681181960346957e-05,0.00019195417600000001,5.480471591340506e-05,0.0002775573257979924,0.0006105942,0.0008881515257979924,61059420.0,188.0,65.0,500.0,999.0,128640.0,172816.0,3980,6,0.00011366176353039041,1000,0.00100990099009901,,NN1,8,8,T,,,
CS_Er,ORRM,-1,"[1000, 500, 10]",0.00011562176353039043,0.00010679806530612246,6.863698224267963e-06,5.0474733203202676e-06,1.816224903947695e-06,1.96e-06,1.1725192424039842e-07,3.0681181960346957e-05,0.00019195417600000001,5.480471591340506e-05,0.0002775573257979924,0.0006105942,0.0008881515257979924,61059420.0,188.0,65.0,500.0,999.0,128640.0,172816.0,3980,6,0.00011366176353039041,1000,0.00100990099009901,,NN1,8,8,T,,,
CSE,FM,-1,"[167, 125, 10]",0.00016420366608388038,0.00015829926351267778,3.944402571202619e-06,2.88046460396514e-06,1.0639379672374783e-06,1.96e-06,6.651566032812526e-08,3.6272473914369536e-06,4.12489728e-05,7.78325377237593e-05,0.00012277527357552437,0.0006105942,0.0007333694735755243,61059420.0,37.0,18.0,166.0,166.0,128640.0,248992.0,648,6,0.00016224366608388042,167,0.006076923076923077,,NN1,8,8,T,,,
BESTFIXE,FM,-1,"[167, 167, 10]",0.00015725128560615186,0.00015124940734515056,4.041878261001325e-06,2.930517538652376e-06,1.1113607223489493e-06,1.96e-06,6.87871607260541e-08,4.426752163235199e-06,4.9239552e-05,7.453710937731598e-05,0.00012827220070127723,0.0006105942,0.0007388664007012772,61059420.0,42.0,23.0,166.0,166.0,128640.0,240840.0,648,6,0.00015529128560615188,167,0.005988372093023255,,NN1,8,8,T,,,167
MAX,FM,-1,"[1000, 500, 10]",0.00011562386414360865,0.00010679806530612246,6.865798837486191e-06,5.04962689017425e-06,1.8161719473119415e-06,1.96e-06,1.1725177243137584e-07,3.068118110830999e-05,0.00019195417600000001,5.48057116040705e-05,0.0002775583204848119,0.0006105942,0.0008881525204848118,61059420.0,188.0,65.0,500.0,999.0,128640.0,172816.0,3980,6,0.00011366386414360864,1000,0.00100990099009901,,NN1,8,8,T,,,
F200,FM,-1,"[200, 200, 10]",0.00015474487739985693,0.0001486017941726088,4.183083227248145e-06,3.0188400193137065e-06,1.1642432079344388e-06,1.96e-06,7.162375545443116e-08,5.479328133727639e-06,5.8679347199999984e-05,7.334907188753219e-05,0.00013757937097671422,0.0006105942,0.0007481735709767142,61059420.0,50.0,27.0,199.0,199.0,128640.0,230496.0,780,6,0.00015278487739985697,200,0.005024390243902439,,NN1,8,8,T,,,
BESTFIX,FM,-1,"[1000, 500, 10]",0.00011562386414360865,0.00010679806530612246,6.865798837486191e-06,5.04962689017425e-06,1.8161719473119415e-06,1.96e-06,1.1725177243137584e-07,3.068118110830999e-05,0.00019195417600000001,5.48057116040705e-05,0.0002775583204848119,0.0006105942,0.0008881525204848118,61059420.0,188.0,65.0,500.0,999.0,128640.0,172816.0,3980,6,0.00011366386414360864,1000,0.00100990099009901,,NN1,8,8,T,,,1000
MAX,RRM,-1,"[1000, 500, 10]",0.00011562721806387305,0.00010679806530612246,6.86915275775059e-06,5.052892549379059e-06,1.816260208371531e-06,1.96e-06,1.1734532474148766e-07,3.068239491014012e-05,0.00019195796480000002,5.4807301362275824e-05,0.00027756500639715745,0.0006105942,0.0008881592063971574,61059420.0,188.0,65.0,500.0,999.0,128640.0,141384.0,4020,2,8.947133313438469e-05,1000,0.0009900990099009901,,NN1,8,8,T,,,
F200,RRM,-1,"[200, 200, 10]",0.00015481352685200558,0.0001486017941726088,4.251732679396804e-06,3.0541444431494785e-06,1.197588236247326e-06,1.96e-06,7.280247660958442e-08,5.623974238770276e-06,5.89710848e-05,7.338161172785065e-05,0.00013804947324323052,0.0006105942,0.0007486436732432305,61059420.0,50.0,27.0,399.0,200.0,128640.0,165616.0,1620,2,7.440832293871343e-05,410,0.0,,NN1,8,8,T,,,
BESTFIX,RRM,-1,"[1000, 500, 10]",0.00011562721806387305,0.00010679806530612246,6.86915275775059e-06,5.052892549379059e-06,1.816260208371531e-06,1.96e-06,1.1734532474148766e-07,3.068239491014012e-05,0.00019195796480000002,5.4807301362275824e-05,0.00027756500639715745,0.0006105942,0.0008881592063971574,61059420.0,188.0,65.0,500.0,999.0,128640.0,141384.0,4020,2,8.947133313438469e-05,1000,0.0009900990099009901,,NN1,8,8,T,,,1000
MAX,ORRM,-1,"[1000, 500, 10]",0.00011562176353039043,0.00010679806530612246,6.863698224267963e-06,5.0474733203202676e-06,1.816224903947695e-06,1.96e-06,1.1725192424039842e-07,3.0681181960346957e-05,0.00019195417600000001,5.480471591340506e-05,0.0002775573257979924,0.0006105942,0.0008881515257979924,61059420.0,188.0,65.0,500.0,999.0,128640.0,172816.0,3980,6,0.00011366176353039041,1000,0.00100990099009901,,NN1,8,8,T,,,
F200,ORRM,-1,"[200, 200, 10]",0.00015481352685200558,0.0001486017941726088,4.251732679396804e-06,3.0541444431494785e-06,1.197588236247326e-06,1.96e-06,7.280247660958442e-08,5.623974238770276e-06,5.89710848e-05,7.338161172785065e-05,0.00013804947324323052,0.0006105942,0.0007486436732432305,61059420.0,50.0,27.0,399.0,200.0,128640.0,165616.0,1620,2,7.440832293871343e-05,410,0.0,,NN1,8,8,T,,,
BESTFIX,ORRM,-1,"[1000, 500, 10]",0.00011562176353039043,0.00010679806530612246,6.863698224267963e-06,5.0474733203202676e-06,1.816224903947695e-06,1.96e-06,1.1725192424039842e-07,3.0681181960346957e-05,0.00019195417600000001,5.480471591340506e-05,0.0002775573257979924,0.0006105942,0.0008881515257979924,61059420.0,188.0,65.0,500.0,999.0,128640.0,172816.0,3980,6,0.00011366176353039041,1000,0.00100990099009901,,NN1,8,8,T,,,1000
RI,FM,-1,"[1000, 49, 10]",0.000319164699641664,0.00020966936836734696,0.000107535331274317,4.254251441430426e-06,0.00010328107983288657,1.96e-06,1.570923233574233e-06,0.000700652347888932,4.2783605759999995e-05,0.00015128406763014872,0.000896290944512655,0.0005238942,0.001420185144512655,52389420.0,132.0,9.0,500.0,999.0,3541824.0,366112.0,3980,6,0.0003172046996416639,1000,0.0029444444444444444,"[2012.374054030049, 49.301217228249705, 9.888792546193663]",NN1,8,8,R,,,
CS,FM,-1,"[1000, 56, 10]",0.00029596864066812215,0.0001865342112244898,0.00010747442944363237,4.141461339380011e-06,0.00010333296810425235,1.96e-06,1.766450129280081e-06,0.0008007481600647393,4.827730944e-05,0.0001402891356766899,0.0009910810553107093,0.0005244542,0.0015155352553107094,52445420.0,132.0,9.0,500.0,999.0,3990656.0,333824.0,3980,6,0.00029400864066812213,1000,0.00239344262295082,,NN1,8,8,R,2,3015,
CS,RRM,-1,"[1000, 56, 10]",0.00029620241149855286,0.0001865342112244898,0.00010770820027406309,4.142061514585219e-06,0.00010356613875947787,1.96e-06,1.7689664675534504e-06,0.0008008923219028556,4.834781184e-05,0.00014039994305031406,0.000991409043260723,0.0005244542,0.001515863243260723,52445420.0,132.0,9.0,500.0,999.0,3996416.0,329816.0,4020,2,0.00025098892881581365,1000,0.0009180327868852459,,NN1,8,8,R,2,3015,
CS,ORRM,32,"[1000, 56, 10]",0.0002959945759776991,0.0001865342112244898,0.0001075003647532093,4.141461339380011e-06,0.00010335890341382928,1.96e-06,1.7667283645741985e-06,0.0008007561100882687,4.828044288e-05,0.00014030142901342937,0.0009911047103462723,0.0005244542,0.0015155589103462723,52445420.0,132.0,9.0,500.0,999.0,3990912.0,333824.0,3980,6,0.0002940345759776991,1000,0.0023278688524590164,,NN1,8,8,R,,,
CS_Er,ORRM,-1,"[1000, 56, 10]",0.00029599458480380504,0.0001865342112244898,0.00010750037357931525,4.14147016548597e-06,0.00010335890341382928,1.96e-06,1.766728516383221e-06,0.0008007561143678181,4.828044288e-05,0.0001403014331970036,0.0009911047189612048,0.0005244542,0.0015155589189612048,52445420.0,132.0,9.0,500.0,999.0,3990912.0,333824.0,3980,6,0.0002940345848038051,1000,0.0023278688524590164,,NN1,8,8,R,,,
CSE,FM,-1,"[91, 28, 10]",0.00040210361319691003,0.00033360364281098155,6.653997038592848e-05,2.802692992936349e-06,6.373727739299212e-05,1.96e-06,9.500793760411615e-07,3.8243933552728916e-05,2.607532032e-05,0.00019059711265533534,0.0002558664459041054,0.0005222142,0.0007780806459041054,52221420.0,16.0,6.0,90.0,90.0,2176768.0,542560.0,344,6,0.00040014361319690996,91,0.014787878787878787,,NN1,8,8,R,,,
BESTFIXE,FM,-1,"[40, 40, 10]",0.0004675941046562693,0.00038732369451097116,7.83104101452981e-05,2.541294839080269e-06,7.576911530621783e-05,1.96e-06,1.2654985837628839e-06,2.5604748336937025e-05,3.49727232e-05,0.00022163960560707164,0.00028348257572777155,0.0005231742,0.0008066567757277715,52317420.0,10.0,7.0,39.0,39.0,2903680.0,550656.0,140,6,0.0004656341046562693,40,0.025111111111111112,,NN1,8,8,R,,,40
MAX,FM,-1,"[1000, 500, 10]",0.0009504053047078338,0.00011502656469387757,0.0008334187400139562,5.04962689017425e-06,0.000828369113123782,1.96e-06,1.4139754125372571e-05,0.007150069216402424,0.0003958040064,0.0004504921144315132,0.00801050509135931,0.0005599741999999999,0.00857047929135931,55997420.0,188.0,65.0,500.0,999.0,32383360.0,204672.0,3980,6,0.0009484453047078337,1000,0.00100990099009901,,NN1,8,8,R,,,
F200,FM,-1,"[200, 200, 10]",0.0004935117909643611,0.0001534345900900541,0.00033811720087430696,3.0188400193137065e-06,0.0003350983608549933,1.96e-06,5.732487755454431e-06,0.0005831507521337277,0.0001603886592,0.00023392458891710718,0.0009831964880062894,0.0005359742,0.0015191706880062893,53597420.0,50.0,27.0,199.0,199.0,13150080.0,262336.0,780,6,0.0004915517909643611,200,0.005024390243902439,,NN1,8,8,R,,,
BESTFIX,FM,-1,"[84, 84, 10]",0.00038551936962223594,0.00022717696116982507,0.00015638240845241089,2.7804267449426428e-06,0.00015360198170746826,1.96e-06,2.4950206917830045e-06,0.00010634238391506821,6.949539840000001e-05,0.00018273618120093983,0.0003610689842077911,0.0005266941999999999,0.000887763184207791,52669420.0,22.0,13.0,83.0,83.0,5724160.0,355176.0,316,6,0.0003835593696222359,84,0.011910112359550562,,NN1,8,8,R,,,84
MAX,RRM,-1,"[1000, 500, 10]",0.0009504345409810393,0.00011502656469387757,0.0008334479762871618,5.052892549379059e-06,0.0008283950837377827,1.96e-06,1.41401259129768e-05,0.00715021225294543,0.00039581184000000004,0.0004505059724250126,0.008010670191283419,0.0005599741999999999,0.00857064439128342,55997420.0,188.0,65.0,500.0,999.0,32384000.0,200664.0,4020,2,0.0009052133619339038,1000,0.0009900990099009901,,NN1,8,8,R,,,
F200,RRM,-1,"[200, 200, 10]",0.0004952757345341567,0.0001534345900900541,0.0003398811444441026,3.0541444431494785e-06,0.0003368270000009531,1.96e-06,5.762324711903702e-06,0.0005891228506646526,0.00016119552000000003,0.00023476069816919025,0.0009908413935457467,0.0005359742,0.0015268155935457468,53597420.0,50.0,27.0,399.0,200.0,13216000.0,176432.0,1620,2,0.0003888375095707185,410,0.0,,NN1,8,8,R,,,
BESTFIX,RRM,-1,"[88, 88, 10]",0.0003873258418893165,0.00022723475271501457,0.00015813108917430197,2.6845230887264644e-06,0.0001554465660855755,1.96e-06,2.6362365132210185e-06,0.00011907173211320917,7.34592e-05,0.000183592449055536,0.00037875961768196623,0.0005270142,0.0009057738176819662,52701420.0,22.0,13.0,175.0,88.0,6048000.0,224864.0,724,2,0.00023433046095637354,186,0.0,,NN1,8,8,R,,,88
MAX,ORRM,-1,"[1000, 500, 10]",0.0009504032040946155,0.00011502656469387757,0.0008334166394007379,5.0474733203202676e-06,0.0008283691660804177,1.96e-06,1.4139754277181593e-05,0.00715006921725446,0.0003958040064,0.00045049111874084774,0.00801050409667249,0.0005599741999999999,0.00857047829667249,55997420.0,188.0,65.0,500.0,999.0,32383360.0,204672.0,3980,6,0.0009484432040946154,1000,0.00100990099009901,,NN1,8,8,R,,,
F200,ORRM,-1,"[200, 200, 10]",0.0004952757345341567,0.0001534345900900541,0.0003398811444441026,3.0541444431494785e-06,0.0003368270000009531,1.96e-06,5.762324711903702e-06,0.0005891228506646526,0.00016119552000000003,0.00023476069816919025,0.0009908413935457467,0.0005359742,0.0015268155935457468,53597420.0,50.0,27.0,399.0,200.0,13216000.0,176432.0,1620,2,0.0003888375095707185,410,0.0,,NN1,8,8,R,,,
BESTFIX,ORRM,-1,"[88, 88, 10]",0.0003873258418893165,0.00022723475271501457,0.00015813108917430197,2.6845230887264644e-06,0.0001554465660855755,1.96e-06,2.6362365132210185e-06,0.00011907173211320917,7.34592e-05,0.000183592449055536,0.00037875961768196623,0.0005270142,0.0009057738176819662,52701420.0,22.0,13.0,175.0,88.0,6048000.0,224864.0,724,2,0.00023433046095637354,186,0.0,,NN1,8,8,R,,,88
RI,FM,-1,"[1000, 500, 10]",0.00010965848972644516,0.00010679806530612246,9.00424420322691e-07,6.489510637310531e-07,2.5147335659163797e-07,1.96e-06,1.1777187014243972e-07,3.074909186255661e-05,0.00019195417600000001,5.1978124130335e-05,0.0002747991638630341,0.0006105942,0.000885393363863034,61059420.0,24.0,9.0,500.0,999.0,128640.0,172816.0,3980,6,0.00010769848972644516,1000,0.00100990099009901,"[6286.787940051311, 3202.0518588346376, 623.5696521729639]",NN1,8,64,T,,,
CS,FM,-1,"[1000, 500, 10]",0.00010965848972644516,0.00010679806530612246,9.00424420322691e-07,6.489510637310531e-07,2.5147335659163797e-07,1.96e-06,1.1777187014243972e-07,3.074909186255661e-05,0.00019195417600000001,5.1978124130335e-05,0.0002747991638630341,0.0006105942,0.000885393363863034,61059420.0,24.0,9.0,500.0,999.0,128640.0,172816.0,3980,6,0.00010769848972644516,1000,0.00100990099009901,,NN1,8,64,T,1,1508,
CS,RRM,-1,"[1000, 500, 10]",0.00010965838381317365,0.00010679806530612246,9.003185070511836e-07,6.488363243535868e-07,2.514821826975969e-07,1.96e-06,1.1785601029315693e-07,3.0750182196484755e-05,0.00019195796480000002,5.197807392744431e-05,0.00027480407693422225,0.0006105942,0.0008853982769342222,61059420.0,24.0,9.0,500.0,999.0,128640.0,141384.0,4020,2,8.353044134842945e-05,1000,0.0009900990099009901,,NN1,8,64,T,1,1508,
CS,ORRM,256,"[1000, 500, 10]",0.00010965690102737255,0.00010679806530612246,8.988357212500814e-07,6.473623646584434e-07,2.5147335659163797e-07,1.96e-06,1.1775410848680797e-07,3.07445617369303e-05,0.00019195417600000001,5.1977371086974585e-05,0.00027479386293239173,0.0006105942,0.0008853880629323917,61059420.0,24.0,9.0,500.0,999.0,128640.0,172816.0,3980,6,0.00010769690102737254,1000,0.00100990099009901,,NN1,8,64,T,,,
CS_Er,ORRM,-1,"[1000, 500, 10]",0.00010965690985347851,0.00010679806530612246,8.988445473560402e-07,6.473711907644023e-07,2.5147335659163797e-07,1.96e-06,1.1775486753192044e-07,3.0744755381695036e-05,0.00019195417600000001,5.1977375270548815e-05,0.0002747940615197758,0.0006105942,0.0008853882615197758,61059420.0,24.0,9.0,500.0,999.0,128640.0,172816.0,3980,6,0.00010769690985347851,1000,0.00100990099009901,,NN1,8,64,T,,,
CSE,FM,-1,"[167, 125, 10]",0.0001608058955473675,0.00015829926351267778,5.466320346897335e-07,3.94742732705084e-07,1.518893019846495e-07,1.96e-06,6.671786994608705e-08,3.6376315532171404e-06,4.12489728e-05,7.622199448945219e-05,0.00012117531671261542,0.0006105942,0.0007317695167126154,61059420.0,5.0,3.0,166.0,166.0,128640.0,248992.0,648,6,0.00015884589554736753,167,0.006076923076923077,,NN1,8,64,T,,,
BESTFIXE,FM,-1,"[167, 167, 10]",0.00015380682282008438,0.00015124940734515056,5.974154749338192e-07,4.201344528271268e-07,1.7728102210669236e-07,1.96e-06,6.901183807934494e-08,4.43958399484169e-06,4.9239552e-05,7.290443401671999e-05,0.00012665258184964103,0.0006105942,0.000737246781849641,61059420.0,6.0,4.0,166.0,166.0,128640.0,240840.0,648,6,0.00015184682282008436,167,0.005988372093023255,,NN1,8,64,T,,,167
MAX,FM,-1,"[1000, 500, 10]",0.00010965848972644516,0.00010679806530612246,9.00424420322691e-07,6.489510637310531e-07,2.5147335659163797e-07,1.96e-06,1.1777187014243972e-07,3.074909186255661e-05,0.00019195417600000001,5.1978124130335e-05,0.0002747991638630341,0.0006105942,0.000885393363863034,61059420.0,24.0,9.0,500.0,999.0,128640.0,172816.0,3980,6,0.00010769848972644516,1000,0.00100990099009901,,NN1,8,64,T,,,
F200,FM,-1,"[200, 200, 10]",0.00015124968520469702,0.0001486017941726088,6.878910320882133e-07,4.8445041864105e-07,2.0344061344716328e-07,1.96e-06,7.323618452322459e-08,5.569662098011851e-06,5.8679347199999984e-05,7.169235078702638e-05,0.00013601459626956145,0.0006105942,0.0007466087962695614,61059420.0,8.0,5.0,199.0,199.0,128640.0,230496.0,780,6,0.00014928968520469703,200,0.005024390243902439,,NN1,8,64,T,,,
BESTFIX,FM,-1,"[1000, 500, 10]",0.00010965848972644516,0.00010679806530612246,9.00424420322691e-07,6.489510637310531e-07,2.5147335659163797e-07,1.96e-06,1.1777187014243972e-07,3.074909186255661e-05,0.00019195417600000001,5.1978124130335e-05,0.0002747991638630341,0.0006105942,0.000885393363863034,61059420.0,24.0,9.0,500.0,999.0,128640.0,172816.0,3980,6,0.00010769848972644516,1000,0.00100990099009901,,NN1,8,64,T,,,1000
MAX,RRM,-1,"[1000, 500, 10]",0.00010965838381317365,0.00010679806530612246,9.003185070511836e-07,6.488363243535868e-07,2.514821826975969e-07,1.96e-06,1.1785601029315693e-07,3.0750182196484755e-05,0.00019195796480000002,5.197807392744431e-05,0.00027480407693422225,0.0006105942,0.0008853982769342222,61059420.0,24.0,9.0,500.0,999.0,128640.0,141384.0,4020,2,8.353044134842945e-05,1000,0.0009900990099009901,,NN1,8,64,T,,,
F200,RRM,-1,"[200, 200, 10]",0.0001512587407894109,0.0001486017941726088,6.969466168020889e-07,4.876278167862696e-07,2.093188000158194e-07,1.96e-06,7.444435662874167e-08,5.7177343765720535e-06,5.89710848e-05,7.169664313418076e-05,0.00013645990666738154,0.0006105942,0.0007470541066673816,61059420.0,8.0,5.0,399.0,200.0,128640.0,165616.0,1620,2,7.277098595590844e-05,410,0.0,,NN1,8,64,T,,,
BESTFIX,RRM,-1,"[1000, 500, 10]",0.00010965838381317365,0.00010679806530612246,9.003185070511836e-07,6.488363243535868e-07,2.514821826975969e-07,1.96e-06,1.1785601029315693e-07,3.0750182196484755e-05,0.00019195796480000002,5.197807392744431e-05,0.00027480407693422225,0.0006105942,0.0008853982769342222,61059420.0,24.0,9.0,500.0,999.0,128640.0,141384.0,4020,2,8.353044134842945e-05,1000,0.0009900990099009901,,NN1,8,64,T,,,1000
MAX,ORRM,-1,"[1000, 500, 10]",0.00010965690985347851,0.00010679806530612246,8.988445473560402e-07,6.473711907644023e-07,2.5147335659163797e-07,1.96e-06,1.1775486753192044e-07,3.0744755381695036e-05,0.00019195417600000001,5.1977375270548815e-05,0.0002747940615197758,0.0006105942,0.0008853882615197758,61059420.0,24.0,9.0,500.0,999.0,128640.0,172816.0,3980,6,0.00010769690985347851,1000,0.00100990099009901,,NN1,8,64,T,,,
F200,ORRM,-1,"[200, 200, 10]",0.0001512587407894109,0.0001486017941726088,6.969466168020889e-07,4.876278167862696e-07,2.093188000158194e-07,1.96e-06,7.444435662874167e-08,5.7177343765720535e-06,5.89710848e-05,7.169664313418076e-05,0.00013645990666738154,0.0006105942,0.0007470541066673816,61059420.0,8.0,5.0,399.0,200.0,128640.0,165616.0,1620,2,7.277098595590844e-05,410,0.0,,NN1,8,64,T,,,
BESTFIX,ORRM,-1,"[1000, 500, 10]",0.00010965690985347851,0.00010679806530612246,8.988445473560402e-07,6.473711907644023e-07,2.5147335659163797e-07,1.96e-06,1.1775486753192044e-07,3.0744755381695036e-05,0.00019195417600000001,5.1977375270548815e-05,0.0002747940615197758,0.0006105942,0.0008853882615197758,61059420.0,24.0,9.0,500.0,999.0,128640.0,172816.0,3980,6,0.00010769690985347851,1000,0.00100990099009901,,NN1,8,64,T,,,1000
RI,FM,-1,"[1000, 139, 10]",0.00018310722010138932,0.00013528584232993198,4.586137777145736e-05,6.010382569554363e-07,4.5260339514501925e-05,1.96e-06,4.081983211150124e-06,0.0019876043035633303,0.00011327033856,8.679282232805853e-05,0.0021917494476625388,0.0005310941999999999,0.0027228436476625386,53109420.0,19.0,4.0,500.0,999.0,9300544.0,253104.0,3980,6,0.0001811472201013893,1000,0.0012430555555555556,"[5691.853359554046, 139.44490009138565, 27.9697290686421]",NN1,8,64,R,,,
CS,FM,-1,"[1000, 125, 10]",0.00017003769589234174,0.0001352111994727891,3.2866496419552634e-05,5.495170529253667e-07,3.2316979366627266e-05,1.96e-06,3.6906662180635784e-06,0.001787410877129405,0.0001023142656,8.059786785296998e-05,0.0019740136768004383,0.0005299742,0.0025039878768004383,52997420.0,18.0,3.0,500.0,999.0,8405440.0,253104.0,3980,6,0.00016807769589234175,1000,0.0012692307692307692,,NN1,8,64,R,2,3015,
CS,RRM,-1,"[1000, 125, 10]",0.000170089698903085,0.0001352111994727891,3.291849943029587e-05,5.496670967266687e-07,3.2368832333569206e-05,1.96e-06,3.6918047770125948e-06,0.0017875539152327562,0.00010234560000000001,8.062251728006228e-05,0.001974213837289831,0.0005299742,0.002504188037289831,52997420.0,18.0,3.0,500.0,999.0,8408000.0,249096.0,4020,2,0.00013135733973429825,1000,0.0009615384615384616,,NN1,8,64,R,2,3015,
CS,ORRM,32,"[1000, 125, 10]",0.00017003741345695105,0.0001352111994727891,3.2866213984161946e-05,5.492346175346805e-07,3.2316979366627266e-05,1.96e-06,3.690645572036519e-06,0.0017874095575371558,0.0001023142656,8.05977339785948e-05,0.001974012202687787,0.0005299742,0.002503986402687787,52997420.0,18.0,3.0,500.0,999.0,8405440.0,253104.0,3980,6,0.0001680774134569511,1000,0.0012692307692307692,,NN1,8,64,R,,,
CS_Er,ORRM,-1,"[1000, 125, 10]",0.00017003742228305702,0.0001352111994727891,3.28662228102679e-05,5.492434436406395e-07,3.2316979366627266e-05,1.96e-06,3.6906631818831287e-06,0.0017874106812189965,0.0001023142656,8.059773816216902e-05,0.0019740133481630485,0.0005299742,0.0025039875481630484,52997420.0,18.0,3.0,500.0,999.0,8405440.0,253104.0,3980,6,0.00016807742228305703,1000,0.0012692307692307692,,NN1,8,64,R,,,
CSE,FM,-1,"[91, 28, 10]",0.0003551733229879808,0.00033360364281098155,1.9609680176999218e-05,5.510004637784921e-07,1.9058679713220726e-05,1.96e-06,9.502369719106691e-07,3.8245356478612956e-05,2.607532032e-05,0.00016835215509630288,0.00023362306886682652,0.0005222142,0.0007558372688668265,52221420.0,3.0,2.0,90.0,90.0,2176768.0,542560.0,344,6,0.0003532133229879808,91,0.014787878787878787,,NN1,8,64,R,,,
BESTFIXE,FM,-1,"[56, 56, 10]",0.0003179188914560199,0.0002964898908891795,1.9469000566840377e-05,3.715591069496014e-07,1.9097441459890775e-05,1.96e-06,1.7145502468795122e-06,4.8635896464487425e-05,4.753781760000001e-05,0.0001506935545501534,0.00024858181886152036,0.0005244542,0.0007730360188615204,52445420.0,2.0,2.0,55.0,55.0,3930240.0,441672.0,204,6,0.00031595889145601987,56,0.017868852459016392,,NN1,8,64,R,,,56
MAX,FM,-1,"[1000, 500, 10]",0.00022765404793772967,0.00011502656469387757,0.00011066748324385211,6.489510637310531e-07,0.00011001853218012106,1.96e-06,1.4140274223083618e-05,0.007150137127156675,0.0003958040064,0.00010790801872248386,0.007667989426502242,0.0005599741999999999,0.008227963626502242,55997420.0,24.0,9.0,500.0,999.0,32383360.0,204672.0,3980,6,0.00022569404793772968,1000,0.00100990099009901,,NN1,8,64,R,,,
F200,FM,-1,"[200, 200, 10]",0.00021387777523978937,0.0001534345900900541,5.8483185149735274e-05,4.8445041864105e-07,5.7998734731094226e-05,1.96e-06,5.733432419817342e-06,0.0005831729430391884,0.0001603886592,0.00010137806546366016,0.0008506731001226659,0.0005359742,0.0013866473001226658,53597420.0,8.0,5.0,199.0,199.0,13150080.0,262336.0,780,6,0.00021191777523978938,200,0.005024390243902439,,NN1,8,64,R,,,
BESTFIX,FM,-1,"[250, 250, 10]",0.00019839028542488054,0.00013795651100923228,5.847377441564827e-05,4.085685810093092e-07,5.806520583463896e-05,1.96e-06,7.128506684985557e-06,0.0009068183066607053,0.0001995644928,9.403699529139337e-05,0.0012075483014370842,0.0005399742,0.0017475225014370842,53997420.0,8.0,5.0,249.0,249.0,16350720.0,239848.0,980,6,0.00019643028542488055,250,0.004,,NN1,8,64,R,,,250
MAX,RRM,-1,"[1000, 500, 10]",0.00022766688320092875,0.00011502656469387757,0.00011068031850705118,6.488363243535868e-07,0.0001100314821826976,1.96e-06,1.4140636598528451e-05,0.007150280040231779,0.00039581184000000004,0.00010791410263724022,0.007668146619467548,0.0005599741999999999,0.008228120819467548,55997420.0,24.0,9.0,500.0,999.0,32384000.0,200664.0,4020,2,0.00018893129367736103,1000,0.0009900990099009901,,NN1,8,64,R,,,
F200,RRM,-1,"[200, 200, 10]",0.0002141844778833268,0.0001534345900900541,5.8789887793272676e-05,4.876278167862696e-07,5.830225997648641e-05,1.96e-06,5.763298827216977e-06,0.0005891481270283368,0.00016119552000000003,0.0001015234425166969,0.0008576303883722507,0.0005359742,0.0013936045883722508,53597420.0,8.0,5.0,399.0,200.0,13216000.0,176432.0,1620,2,0.0001158665933772153,410,0.0,,NN1,8,64,R,,,
BESTFIX,RRM,-1,"[250, 250, 10]",0.00019863669523904448,0.00013795651100923228,5.872018422981219e-05,4.1527642153810593e-07,5.8304907808274086e-05,1.96e-06,7.158715376470516e-06,0.0009143084996616549,0.00020036352000000002,9.415379354330708e-05,0.0012159845285814323,0.0005399742,0.0017559587285814323,53997420.0,8.0,5.0,499.0,250.0,16416000.0,160288.0,2020,2,0.00010936381135026889,510,0.0,,NN1,8,64,R,,,250
MAX,ORRM,-1,"[1000, 500, 10]",0.00022765246806476304,0.00011502656469387757,0.00011066590337088546,6.473711907644023e-07,0.00011001853218012106,1.96e-06,1.4140257220473098e-05,0.007150132790675814,0.0003958040064,0.00010790726986269767,0.0076679843241589845,0.0005599741999999999,0.008227958524158984,55997420.0,24.0,9.0,500.0,999.0,32383360.0,204672.0,3980,6,0.00022569246806476302,1000,0.00100990099009901,,NN1,8,64,R,,,
F200,ORRM,-1,"[200, 200, 10]",0.0002141844778833268,0.0001534345900900541,5.8789887793272676e-05,4.876278167862696e-07,5.830225997648641e-05,1.96e-06,5.763298827216977e-06,0.0005891481270283368,0.00016119552000000003,0.0001015234425166969,0.0008576303883722507,0.0005359742,0.0013936045883722508,53597420.0,8.0,5.0,399.0,200.0,13216000.0,176432.0,1620,2,0.0001158665933772153,410,0.0,,NN1,8,64,R,,,
BESTFIX,ORRM,-1,"[250, 250, 10]",0.00019863669523904448,0.00013795651100923228,5.872018422981219e-05,4.1527642153810593e-07,5.8304907808274086e-05,1.96e-06,7.158715376470516e-06,0.0009143084996616549,0.00020036352000000002,9.415379354330708e-05,0.0012159845285814323,0.0005399742,0.0017559587285814323,53997420.0,8.0,5.0,499.0,250.0,16416000.0,160288.0,2020,2,0.00010936381135026889,510,0.0,,NN1,8,64,R,,,250
RI,FM,-1,"[1000, 47, 9]",0.0005422402520958734,0.0003511720284353491,0.00018714822366052436,6.584533361511678e-06,0.00018056369029901268,3.92e-06,2.9721013912864123e-06,0.0013419771825995555,8.167077888e-05,0.00025702187949344397,0.001683641942364286,0.0010215781999999998,0.0027052201423642857,102157820.0,131.0,8.0,500.0,999.0,6765312.0,549768.0,3982,6,0.0005383202520958735,1000,0.0028349514563106794,"[2748.7109706187734, 47.19383009898911, 8.740669427906441]",NN1,16,8,R,,,
CS,FM,-1,"[1000, 56, 5]",0.0005237978058079206,0.0003194838088434802,0.00020039399696444036,6.574384863638683e-06,0.00019381961210080168,3.92e-06,3.3647372049625797e-06,0.001595764397478717,9.270832128000001e-05,0.00024828015995295434,0.0019401176159166338,0.0010226982,0.0029628158159166335,102269820.0,132.0,8.0,500.0,999.0,7667072.0,517224.0,3990,6,0.0005198778058079207,1000,0.0017264957264957264,,NN1,16,8,R,2,3015,
CS,RRM,-1,"[1000, 56, 5]",0.0005240311000286295,0.0003194838088434802,0.00020062729118514933,6.574693777347246e-06,0.00019405259740780208,3.92e-06,3.3672471103286214e-06,0.0015959083569435607,9.277882368e-05,0.0002483907414135704,0.0019404451691474598,0.0010226982,0.0029631433691474597,102269820.0,132.0,8.0,500.0,999.0,7672832.0,509208.0,4010,2,0.0004517134724230563,1000,0.0009572649572649573,,NN1,16,8,R,2,3015,
CS,ORRM,8,"[1000, 56, 5]",0.0005238236881608617,0.0003194838088434802,0.00020041987931738154,6.574384863638682e-06,0.00019384549445374287,3.92e-06,3.3650154402566972e-06,0.0015957723475022465,9.271458816e-05,0.0002482924281882484,0.0019401443792907516,0.0010226982,0.0029628425792907515,102269820.0,132.0,8.0,500.0,999.0,7667584.0,517224.0,3990,6,0.0005199036881608618,1000,0.0016581196581196582,,NN1,16,8,R,,,
CS_Er,ORRM,-1,"[1000, 56, 5]",0.0005238237058130737,0.0003194838088434802,0.00020041989696959346,6.5744025158506015e-06,0.00019384549445374287,3.92e-06,3.3650157438747424e-06,0.001595772356100074,9.271458816e-05,0.0002482924365553969,0.0019401443965593455,0.0010226982,0.0029628425965593456,102269820.0,132.0,8.0,500.0,999.0,7667584.0,517224.0,3990,6,0.0005199037058130737,1000,0.0016581196581196582,,NN1,16,8,R,,,
CSE,FM,-1,"[72, 30, 5]",0.000738497575826391,0.0006148300622117242,0.00011974751361466675,5.111057049528813e-06,0.00011463645656513794,3.92e-06,1.8673440518188976e-06,6.353558890076966e-05,5.13406464e-05,0.0003500478509417093,0.00046679143029429784,0.0010185381999999999,0.0014853296302942977,101853820.0,13.0,5.0,71.0,71.0,4287360.0,730704.0,278,6,0.0007345775758263908,72,0.01553846153846154,,NN1,16,8,R,,,
BESTFIXE,FM,-1,"[42, 42, 10]",0.0008306219204329099,0.0006440655775765306,0.00018263634285637935,5.669130359934067e-06,0.0001769672124964453,3.92e-06,2.6402913354740928e-06,5.6120025388894666e-05,7.309455359999999e-05,0.0003937147902851993,0.0005255696606095681,0.0010208582,0.001546427860609568,102085820.0,12.0,8.0,41.0,41.0,6064640.0,709416.0,148,6,0.0008267019204329099,42,0.023829787234042554,,NN1,16,8,R,,,42
MAX,FM,-1,"[1000, 500, 10]",0.0018535329985313624,0.00018636719969387754,0.0016632457988374847,7.482568066644835e-06,0.00165576323077084,3.92e-06,2.8218181772431383e-05,0.01428380974149656,0.0007916080128,0.0008785746413038657,0.015982210577372858,0.0010941382,0.01707634877737286,109413820.0,188.0,65.0,500.0,999.0,64766720.0,383040.0,3980,6,0.001849612998531362,1000,0.00100990099009901,,NN1,16,8,R,,,
F200,FM,-1,"[200, 200, 10]",0.0009433100557373335,0.00026406461956890887,0.0006753254361684247,5.451781195784295e-06,0.0006698736549726403,3.92e-06,1.1449499637807371e-05,0.001165199146766669,0.0003207773184,0.00044712896641949606,0.0019445549312239725,0.0010461382,0.0029906931312239727,104613820.0,50.0,27.0,199.0,199.0,26300160.0,441216.0,780,6,0.0009393900557373335,200,0.005024390243902439,,NN1,16,8,R,,,
BESTFIX,FM,-1,"[72, 72, 10]",0.0007116847776683947,0.0004473526355450909,0.0002604121421233038,5.064096343783821e-06,0.00025534804577952,3.92e-06,4.314341083309218e-06,0.00015756714520608796,0.0001201744896,0.0003373385846148191,0.0006193945605042163,0.0010256581999999999,0.0016450527605042162,102565820.0,18.0,11.0,71.0,71.0,9911040.0,563976.0,268,6,0.0007077647776683946,72,0.013896103896103896,,NN1,16,8,R,,,72
MAX,RRM,-1,"[1000, 500, 10]",0.001853588117157509,0.00018636719969387754,0.0016633009174636315,7.485833725849645e-06,0.0016558150837377818,3.92e-06,2.8218831795329727e-05,0.014284094884710155,0.0007916236800000001,0.0008786007675326592,0.015982538164038145,0.0010941382,0.017076676364038146,109413820.0,188.0,65.0,500.0,999.0,64768000.0,379032.0,4020,2,0.0017763457616397852,1000,0.0009900990099009901,,NN1,16,8,R,,,
F200,RRM,-1,"[200, 200, 10]",0.0009467692934247763,0.00026406461956890887,0.0006787846738558675,5.487085619620067e-06,0.0006732975882362474,3.92e-06,1.1507994829550759e-05,0.0011770206170740646,0.00032239104000000005,0.00044876864508334394,0.0019596882969869596,0.0010461382,0.0030058264969869595,104613820.0,50.0,27.0,399.0,200.0,26432000.0,304816.0,1620,2,0.0007632330787663245,410,0.0,,NN1,16,8,R,,,
BESTFIX,RRM,-1,"[72, 72, 10]",0.0007152920451827134,0.0004473526355450909,0.00026401940963762254,5.0691801808161715e-06,0.00025895022945680634,3.92e-06,4.37404685866311e-06,0.00016197883046971834,0.00012185088,0.00033904842941660617,0.0006272521867449875,0.0010256581999999999,0.0016529103867449874,102565820.0,18.0,11.0,143.0,72.0,10048000.0,369904.0,596,2,0.00042020941753374066,154,0.0,,NN1,16,8,R,,,72
MAX,ORRM,-1,"[1000, 500, 10]",0.001853530897918144,0.00018636719969387754,0.0016632436982242666,7.480414496790863e-06,0.0016557632837274757,3.92e-06,2.8218181924240405e-05,0.014283809742348597,0.0007916080128,0.0008785736456132003,0.015982209582686036,0.0010941382,0.017076347782686036,109413820.0,188.0,65.0,500.0,999.0,64766720.0,383040.0,3980,6,0.001849610897918144,1000,0.00100990099009901,,NN1,16,8,R,,,
F200,ORRM,-1,"[200, 200, 10]",0.0009467692934247763,0.00026406461956890887,0.0006787846738558675,5.487085619620067e-06,0.0006732975882362474,3.92e-06,1.1507994829550759e-05,0.0011770206170740646,0.00032239104000000005,0.00044876864508334394,0.0019596882969869596,0.0010461382,0.0030058264969869595,104613820.0,50.0,27.0,399.0,200.0,26432000.0,304816.0,1620,2,0.0007632330787663245,410,0.0,,NN1,16,8,R,,,
BESTFIX,ORRM,-1,"[72, 72, 10]",0.0007152920451827134,0.0004473526355450909,0.00026401940963762254,5.0691801808161715e-06,0.00025895022945680634,3.92e-06,4.37404685866311e-06,0.00016197883046971834,0.00012185088,0.00033904842941660617,0.0006272521867449875,0.0010256581999999999,0.0016529103867449874,102565820.0,18.0,11.0,143.0,72.0,10048000.0,369904.0,596,2,0.00042020941753374066,154,0.0,,NN1,16,8,R,,,72
RI,FM,-1,"[1000, 500, 10]",0.00018749858179066748,0.00017343866530612247,1.0139916484545014e-05,7.482568066644835e-06,2.6573484179001793e-06,3.92e-06,1.7317706654902284e-07,4.5033670908310035e-05,0.00038390835200000003,8.887432776877638e-05,0.0005179895277436354,0.0011852782,0.0017032677277436354,118527820.0,188.0,65.0,500.0,999.0,257280.0,319248.0,3980,6,0.00018357858179066745,1000,0.00100990099009901,"[2933.462211918339, 1553.7464371998126, 281.8494475976689]",NN1,16,8,T,,,
CS,FM,-1,"[1000, 500, 10]",0.00018749858179066748,0.00017343866530612247,1.0139916484545014e-05,7.482568066644835e-06,2.6573484179001793e-06,3.92e-06,1.7317706654902284e-07,4.5033670908310035e-05,0.00038390835200000003,8.887432776877638e-05,0.0005179895277436354,0.0011852782,0.0017032677277436354,118527820.0,188.0,65.0,500.0,999.0,257280.0,319248.0,3980,6,0.00018357858179066745,1000,0.00100990099009901,,NN1,16,8,T,1,1508,
CS,RRM,-1,"[1000, 500, 10]",0.00018750193571093188,0.00017343866530612247,1.0143270404809413e-05,7.485833725849645e-06,2.6574366789597684e-06,3.92e-06,1.732706188591347e-07,4.503516863955193e-05,0.00038391592960000003,8.887591752698171e-05,0.0005180002863853928,0.0011852782,0.0017032784863853928,118527820.0,188.0,65.0,500.0,999.0,257280.0,256392.0,4020,2,0.00014614016842850233,1000,0.0009900990099009901,,NN1,16,8,T,1,1508,
CS,ORRM,-1,"[1000, 500, 10]",0.00018749648117744928,0.00017343866530612247,1.0137815871326797e-05,7.480414496790863e-06,2.657401374535933e-06,3.92e-06,1.7317721835804552e-07,4.5033671760346995e-05,0.00038390835200000003,8.887333207811096e-05,0.0005179885330568161,0.0011852782,0.001703266733056816,118527820.0,188.0,65.0,500.0,999.0,257280.0,319248.0,3980,6,0.00018357648117744922,1000,0.00100990099009901,,NN1,16,8,T,,,
CS_Er,ORRM,-1,"[1000, 500, 10]",0.00018749648117744928,0.00017343866530612247,1.0137815871326797e-05,7.480414496790863e-06,2.657401374535933e-06,3.92e-06,1.7317721835804552e-07,4.5033671760346995e-05,0.00038390835200000003,8.887333207811096e-05,0.0005179885330568161,0.0011852782,0.001703266733056816,118527820.0,188.0,65.0,500.0,999.0,257280.0,319248.0,3980,6,0.00018357648117744922,1000,0.00100990099009901,,NN1,16,8,T,,,
CSE,FM,-1,"[167, 84, 10]",0.00031974599645805677,0.0003086356476460365,7.190348812020283e-06,5.3049565985373225e-06,1.8853922134829608e-06,3.92e-06,1.2041436476255732e-07,5.331968195732905e-06,6.689415168e-05,0.0001515596023211189,0.00022390613656161435,0.0011852782,0.0014091843365616143,118527820.0,32.0,13.0,166.0,166.0,257280.0,412368.0,648,6,0.0003158259964580568,167,0.0063370786516853935,,NN1,16,8,T,,,
BESTFIXE,FM,-1,"[125, 125, 10]",0.00032230305674599567,0.00031113694240359797,7.246114342397734e-06,5.331430300577749e-06,1.9146840418199856e-06,3.92e-06,1.2125237018094032e-07,5.939148389622776e-06,7.444674559999999e-05,0.00015277164889760194,0.00023327879525740565,0.0011852782,0.0014185569952574056,118527820.0,32.0,18.0,124.0,124.0,257280.0,416752.0,480,6,0.0003183830567459957,125,0.008,,NN1,16,8,T,,,125
MAX,FM,-1,"[1000, 500, 10]",0.00018749858179066748,0.00017343866530612247,1.0139916484545014e-05,7.482568066644835e-06,2.6573484179001793e-06,3.92e-06,1.7317706654902284e-07,4.5033670908310035e-05,0.00038390835200000003,8.887432776877638e-05,0.0005179895277436354,0.0011852782,0.0017032677277436354,118527820.0,188.0,65.0,500.0,999.0,257280.0,319248.0,3980,6,0.00018357858179066745,1000,0.00100990099009901,,NN1,16,8,T,,,
F200,FM,-1,"[200, 200, 10]",0.00027053868456455144,0.0002591614836902445,7.457200874306969e-06,5.451781195784295e-06,2.0054196785226743e-06,3.92e-06,1.277716378073723e-07,9.856298766668818e-06,0.00011735869439999997,0.00012823533648359737,0.00025557810128807353,0.0011852782,0.0014408563012880734,118527820.0,50.0,27.0,199.0,199.0,257280.0,377312.0,780,6,0.0002666186845645514,200,0.005024390243902439,,NN1,16,8,T,,,
BESTFIX,FM,-1,"[1000, 500, 10]",0.00018749858179066748,0.00017343866530612247,1.0139916484545014e-05,7.482568066644835e-06,2.6573484179001793e-06,3.92e-06,1.7317706654902284e-07,4.5033670908310035e-05,0.00038390835200000003,8.887432776877638e-05,0.0005179895277436354,0.0011852782,0.0017032677277436354,118527820.0,188.0,65.0,500.0,999.0,257280.0,319248.0,3980,6,0.00018357858179066745,1000,0.00100990099009901,,NN1,16,8,T,,,1000
MAX,RRM,-1,"[1000, 500, 10]",0.00018750193571093188,0.00017343866530612247,1.0143270404809413e-05,7.485833725849645e-06,2.6574366789597684e-06,3.92e-06,1.732706188591347e-07,4.503516863955193e-05,0.00038391592960000003,8.887591752698171e-05,0.0005180002863853928,0.0011852782,0.0017032784863853928,118527820.0,188.0,65.0,500.0,999.0,257280.0,256392.0,4020,2,0.00014614016842850233,1000,0.0009900990099009901,,NN1,16,8,T,,,
F200,RRM,-1,"[200, 200, 10]",0.00027060733401670006,0.0002591614836902445,7.525850326455629e-06,5.487085619620067e-06,2.0387647068355615e-06,3.92e-06,1.2895035896252563e-07,1.0022864222299689e-05,0.0001179421696,0.00012826787632391583,0.00025636186050517805,0.0011852782,0.001441640060505178,118527820.0,50.0,27.0,399.0,200.0,257280.0,248432.0,1620,2,0.0001306996137320401,410,0.0,,NN1,16,8,T,,,
BESTFIX,RRM,-1,"[1000, 500, 10]",0.00018750193571093188,0.00017343866530612247,1.0143270404809413e-05,7.485833725849645e-06,2.6574366789597684e-06,3.92e-06,1.732706188591347e-07,4.503516863955193e-05,0.00038391592960000003,8.887591752698171e-05,0.0005180002863853928,0.0011852782,0.0017032784863853928,118527820.0,188.0,65.0,500.0,999.0,257280.0,256392.0,4020,2,0.00014614016842850233,1000,0.0009900990099009901,,NN1,16,8,T,,,1000
MAX,ORRM,-1,"[1000, 500, 10]",0.00018749648117744928,0.00017343866530612247,1.0137815871326797e-05,7.480414496790863e-06,2.657401374535933e-06,3.92e-06,1.7317721835804552e-07,4.5033671760346995e-05,0.00038390835200000003,8.887333207811096e-05,0.0005179885330568161,0.0011852782,0.001703266733056816,118527820.0,188.0,65.0,500.0,999.0,257280.0,319248.0,3980,6,0.00018357648117744922,1000,0.00100990099009901,,NN1,16,8,T,,,
F200,ORRM,-1,"[200, 200, 10]",0.00027060733401670006,0.0002591614836902445,7.525850326455629e-06,5.487085619620067e-06,2.0387647068355615e-06,3.92e-06,1.2895035896252563e-07,1.0022864222299689e-05,0.0001179421696,0.00012826787632391583,0.00025636186050517805,0.0011852782,0.001441640060505178,118527820.0,50.0,27.0,399.0,200.0,257280.0,248432.0,1620,2,0.0001306996137320401,410,0.0,,NN1,16,8,T,,,
BESTFIX,ORRM,-1,"[1000, 500, 10]",0.00018749648117744928,0.00017343866530612247,1.0137815871326797e-05,7.480414496790863e-06,2.657401374535933e-06,3.92e-06,1.7317721835804552e-07,4.5033671760346995e-05,0.00038390835200000003,8.887333207811096e-05,0.0005179885330568161,0.0011852782,0.001703266733056816,118527820.0,188.0,65.0,500.0,999.0,257280.0,319248.0,3980,6,0.00018357648117744922,1000,0.00100990099009901,,NN1,16,8,T,,,1000
RI,FM,-1,"[1000, 500, 10]",0.00017868614854997457,0.00017343866530612247,1.3274832438521032e-06,9.595392990251709e-07,3.679439448269322e-07,3.92e-06,1.7369716426008682e-07,4.5101581662556615e-05,0.00038390835200000003,8.469723441268794e-05,0.0005138808652395047,0.0011852782,0.0016991590652395048,118527820.0,24.0,9.0,500.0,999.0,257280.0,319248.0,3980,6,0.00017476614854997454,1000,0.00100990099009901,"[8297.084089607786, 4394.658567953703, 797.1906226799767]",NN1,16,64,T,,,
CS,FM,-1,"[1000, 500, 10]",0.00017868614854997457,0.00017343866530612247,1.3274832438521032e-06,9.595392990251709e-07,3.679439448269322e-07,3.92e-06,1.7369716426008682e-07,4.5101581662556615e-05,0.00038390835200000003,8.469723441268794e-05,0.0005138808652395047,0.0011852782,0.0016991590652395048,118527820.0,24.0,9.0,500.0,999.0,257280.0,319248.0,3980,6,0.00017476614854997454,1000,0.00100990099009901,,NN1,16,64,T,1,1508,
CS,RRM,-1,"[1000, 500, 10]",0.00017868604263670306,0.00017343866530612247,1.3273773305805957e-06,9.594245596477046e-07,3.679527709328911e-07,3.92e-06,1.7378130441080405e-07,4.5102955925896514e-05,0.00038391592960000003,8.469718420979724e-05,0.0005138898510401046,0.0011852782,0.0016991680510401045,118527820.0,24.0,9.0,500.0,999.0,257280.0,256392.0,4020,2,0.00013736515899548827,1000,0.0009900990099009901,,NN1,16,64,T,1,1508,
CS,ORRM,256,"[1000, 500, 10]",0.00017868455985090196,0.00017343866530612247,1.325894544779493e-06,9.57950599952561e-07,3.679439448269322e-07,3.92e-06,1.7367940260445502e-07,4.509705153693031e-05,0.00038390835200000003,8.469648136932753e-05,0.0005138755643088623,0.0011852782,0.0016991537643088624,118527820.0,24.0,9.0,500.0,999.0,257280.0,319248.0,3980,6,0.00017476455985090193,1000,0.00100990099009901,,NN1,16,64,T,,,
CS_Er,ORRM,-1,"[1000, 500, 10]",0.0001786845686770079,0.00017343866530612247,1.3259033708854523e-06,9.579594260585202e-07,3.679439448269322e-07,3.92e-06,1.7368016164956752e-07,4.509724518169505e-05,0.00038390835200000003,8.469648555290175e-05,0.0005138757628962464,0.0011852782,0.0016991539628962464,118527820.0,24.0,9.0,500.0,999.0,257280.0,319248.0,3980,6,0.00017476456867700788,1000,0.00100990099009901,,NN1,16,64,T,,,
CSE,FM,-1,"[167, 84, 10]",0.00031376099989536215,0.0003086356476460365,1.2053522493256865e-06,8.340189920164506e-07,3.7133325730923605e-07,3.92e-06,1.2100284895037972e-07,5.358531800154516e-06,6.689415168e-05,0.00014872271395040165,0.00022109640027950653,0.0011852782,0.0014063746002795064,118527820.0,5.0,3.0,166.0,166.0,257280.0,412368.0,648,6,0.00030984099989536223,167,0.0063370786516853935,,NN1,16,64,T,,,
BESTFIXE,FM,-1,"[125, 125, 10]",0.00031599230036522447,0.00031113694240359797,9.353579616265141e-07,6.673687678568461e-07,2.67989193769668e-07,3.92e-06,1.214468375387549e-07,5.947793389041887e-06,7.444674559999999e-05,0.0001497803503731164,0.00023029633619969702,0.0011852782,0.001415574536199697,118527820.0,4.0,3.0,124.0,124.0,257280.0,416752.0,480,6,0.0003120723003652246,125,0.008,,NN1,16,64,T,,,125
MAX,FM,-1,"[1000, 500, 10]",0.00017868614854997457,0.00017343866530612247,1.3274832438521032e-06,9.595392990251709e-07,3.679439448269322e-07,3.92e-06,1.7369716426008682e-07,4.5101581662556615e-05,0.00038390835200000003,8.469723441268794e-05,0.0005138808652395047,0.0011852782,0.0016991590652395048,118527820.0,24.0,9.0,500.0,999.0,257280.0,319248.0,3980,6,0.00017476614854997454,1000,0.00100990099009901,,NN1,16,64,T,,,
F200,FM,-1,"[200, 200, 10]",0.00026429996295762674,0.0002591614836902445,1.218479267382331e-06,8.726857127586971e-07,3.4579355462363383e-07,3.92e-06,1.3071959628793044e-07,1.001852365801185e-05,0.00011735869439999997,0.00012527818244191508,0.00025278612009621484,0.0011852782,0.001438064320096215,118527820.0,8.0,5.0,199.0,199.0,257280.0,377312.0,780,6,0.0002603799629576268,200,0.005024390243902439,,NN1,16,64,T,,,
BESTFIX,FM,-1,"[1000, 500, 10]",0.00017868614854997457,0.00017343866530612247,1.3274832438521032e-06,9.595392990251709e-07,3.679439448269322e-07,3.92e-06,1.7369716426008682e-07,4.5101581662556615e-05,0.00038390835200000003,8.469723441268794e-05,0.0005138808652395047,0.0011852782,0.0016991590652395048,118527820.0,24.0,9.0,500.0,999.0,257280.0,319248.0,3980,6,0.00017476614854997454,1000,0.00100990099009901,,NN1,16,64,T,,,1000
MAX,RRM,-1,"[1000, 500, 10]",0.00017868604263670306,0.00017343866530612247,1.3273773305805957e-06,9.594245596477046e-07,3.679527709328911e-07,3.92e-06,1.7378130441080405e-07,4.5102955925896514e-05,0.00038391592960000003,8.469718420979724e-05,0.0005138898510401046,0.0011852782,0.0016991680510401045,118527820.0,24.0,9.0,500.0,999.0,257280.0,256392.0,4020,2,0.00013736515899548827,1000,0.0009900990099009901,,NN1,16,64,T,,,
F200,RRM,-1,"[200, 200, 10]",0.0002643090185423407,0.0002591614836902445,1.2275348520962065e-06,8.758631109039166e-07,3.5167174119229e-07,3.92e-06,1.3192776839344757e-07,1.0188856002454406e-05,0.0001179421696,0.00012528247478906947,0.00025354542815991734,0.0011852782,0.0014388236281599174,118527820.0,8.0,5.0,399.0,200.0,257280.0,248432.0,1620,2,0.00012770345321982333,410,0.0,,NN1,16,64,T,,,
BESTFIX,RRM,-1,"[1000, 500, 10]",0.00017868604263670306,0.00017343866530612247,1.3273773305805957e-06,9.594245596477046e-07,3.679527709328911e-07,3.92e-06,1.7378130441080405e-07,4.5102955925896514e-05,0.00038391592960000003,8.469718420979724e-05,0.0005138898510401046,0.0011852782,0.0016991680510401045,118527820.0,24.0,9.0,500.0,999.0,257280.0,256392.0,4020,2,0.00013736515899548827,1000,0.0009900990099009901,,NN1,16,64,T,,,1000
MAX,ORRM,-1,"[1000, 500, 10]",0.0001786845686770079,0.00017343866530612247,1.3259033708854523e-06,9.579594260585202e-07,3.679439448269322e-07,3.92e-06,1.7368016164956752e-07,4.509724518169505e-05,0.00038390835200000003,8.469648555290175e-05,0.0005138757628962464,0.0011852782,0.0016991539628962464,118527820.0,24.0,9.0,500.0,999.0,257280.0,319248.0,3980,6,0.00017476456867700788,1000,0.00100990099009901,,NN1,16,64,T,,,
F200,ORRM,-1,"[200, 200, 10]",0.0002643090185423407,0.0002591614836902445,1.2275348520962065e-06,8.758631109039166e-07,3.5167174119229e-07,3.92e-06,1.3192776839344757e-07,1.0188856002454406e-05,0.0001179421696,0.00012528247478906947,0.00025354542815991734,0.0011852782,0.0014388236281599174,118527820.0,8.0,5.0,399.0,200.0,257280.0,248432.0,1620,2,0.00012770345321982333,410,0.0,,NN1,16,64,T,,,
BESTFIX,ORRM,-1,"[1000, 500, 10]",0.0001786845686770079,0.00017343866530612247,1.3259033708854523e-06,9.579594260585202e-07,3.679439448269322e-07,3.92e-06,1.7368016164956752e-07,4.509724518169505e-05,0.00038390835200000003,8.469648555290175e-05,0.0005138757628962464,0.0011852782,0.0016991539628962464,118527820.0,24.0,9.0,500.0,999.0,257280.0,319248.0,3980,6,0.00017476456867700788,1000,0.00100990099009901,,NN1,16,64,T,,,1000
RI,FM,-1,"[1000, 133, 10]",0.00032576403022936034,0.00023043018789115413,9.141384233820617e-05,9.500263685752895e-07,9.046381596963088e-05,3.92e-06,7.791632469765146e-06,0.0037993968777066166,0.00021714975744,0.0001544121503287168,0.004178750417945099,0.0010354182,0.005214168617945099,103541820.0,19.0,4.0,500.0,999.0,17833856.0,431856.0,3980,6,0.00032184403022936025,1000,0.0012536231884057972,"[7774.528667385567, 133.48430917264398, 24.722346498330342]",NN1,16,64,R,,,
CS,FM,-1,"[1000, 125, 10]",0.0002997299136024234,0.00023035753482992963,6.545237877249381e-05,8.601052882194844e-07,6.459227348427432e-05,3.92e-06,7.344869453357697e-06,0.003570861447064699,0.0002046285312,0.0001420719790475487,0.003924906826765605,0.0010341381999999998,0.004959045026765605,103413820.0,18.0,3.0,500.0,999.0,16810880.0,431856.0,3980,6,0.0002958099136024235,1000,0.0012692307692307692,,NN1,16,64,R,2,3015,
CS,RRM,-1,"[1000, 125, 10]",0.00029983368131904903,0.00023035753482992963,6.55561464891194e-05,8.602553320207864e-07,6.469589115709861e-05,3.92e-06,7.347120953483184e-06,0.0035711470177327564,0.00020469120000000002,0.00014212116494522923,0.003925306503631469,0.0010341381999999998,0.0049594447036314685,103413820.0,18.0,3.0,500.0,999.0,16816000.0,427848.0,4020,2,0.00023555073391496817,1000,0.0009615384615384616,,NN1,16,64,R,2,3015,
CS,ORRM,32,"[1000, 125, 10]",0.00029972963116703274,0.00023035753482992963,6.545209633710313e-05,8.598228528287982e-07,6.459227348427432e-05,3.92e-06,7.344848807330638e-06,0.0035708601274724496,0.0002046285312,0.00014207184517317351,0.003924905352652954,0.0010341381999999998,0.004959043552652954,103413820.0,18.0,3.0,500.0,999.0,16810880.0,431856.0,3980,6,0.00029580963116703277,1000,0.0012692307692307692,,NN1,16,64,R,,,
CS_Er,ORRM,-1,"[1000, 125, 10]",0.0002997296399931387,0.00023035753482992963,6.545210516320908e-05,8.59831678934757e-07,6.459227348427432e-05,3.92e-06,7.344866417177247e-06,0.0035708612511542903,0.0002046285312,0.00014207184935674774,0.0039249064981282155,0.0010341381999999998,0.004959044698128215,103413820.0,18.0,3.0,500.0,999.0,16810880.0,431856.0,3980,6,0.00029580963999313874,1000,0.0012692307692307692,,NN1,16,64,R,,,
CSE,FM,-1,"[72, 36, 5]",0.0006037491703292549,0.0005606138019736456,3.9215368355609297e-05,1.0944327883776496e-06,3.8120935567231644e-05,3.92e-06,2.197718494502266e-06,7.623681021955266e-05,6.0632862720000004e-05,0.0002861771067360668,0.0004252444981701217,0.0010194982,0.0014447426981701217,101949820.0,3.0,2.0,71.0,71.0,5046528.0,681888.0,278,6,0.0005998291703292549,72,0.014909090909090908,,NN1,16,64,R,,,
BESTFIXE,FM,-1,"[42, 42, 10]",0.0006868787897637903,0.0006440655775765306,3.889321218725963e-05,9.536649171592214e-07,3.79395472701004e-05,3.92e-06,2.6423192226533844e-06,5.6161507889895606e-05,7.309455359999999e-05,0.0003255805463480366,0.00045747892706058557,0.0010208582,0.0014783371270605855,102085820.0,2.0,2.0,41.0,41.0,6064640.0,709416.0,148,6,0.0006829587897637903,42,0.023829787234042554,,NN1,16,64,R,,,42
MAX,FM,-1,"[1000, 500, 10]",0.0004111488005847885,0.00018636719969387754,0.00022086160089091093,9.595392990251709e-07,0.00021990206159188576,3.92e-06,2.8218701870142443e-05,0.014283877652250794,0.0007916080128,0.00019488453147718972,0.015298588898398125,0.0010941382,0.016392727098398126,109413820.0,24.0,9.0,500.0,999.0,64766720.0,383040.0,3980,6,0.0004072288005847885,1000,0.00100990099009901,,NN1,16,64,R,,,
F200,FM,-1,"[200, 200, 10]",0.00038479368707158525,0.00026406461956890887,0.00011680906750267645,8.726857127586971e-07,0.00011593638178991775,3.92e-06,1.1451112066876167e-05,0.0011652250855403647,0.0003207773184,0.0001823922076719314,0.0016798457236791725,0.0010461382,0.0027259839236791726,104613820.0,8.0,5.0,199.0,199.0,26300160.0,441216.0,780,6,0.00038087368707158533,200,0.005024390243902439,,NN1,16,64,R,,,
BESTFIX,FM,-1,"[250, 250, 10]",0.0003539245081647282,0.00023321779257260935,0.00011678671559211886,7.191568163034269e-07,0.00011606755877581544,3.92e-06,1.4236861979103204e-05,0.0018118501209665875,0.0003991289856,0.00016776021687008117,0.002392976185415772,0.0010541381999999999,0.0034471143854157716,105413820.0,8.0,5.0,249.0,249.0,32701440.0,418536.0,980,6,0.0003500045081647282,250,0.004,,NN1,16,64,R,,,250
MAX,RRM,-1,"[1000, 500, 10]",0.0004111745770244581,0.00018636719969387754,0.0002208873773305806,9.594245596477046e-07,0.0002199279527709329,3.92e-06,2.8219342480881395e-05,0.014284162671996486,0.0007916236800000001,0.00019489674950959313,0.015298902443986961,0.0010941382,0.016393040643986962,109413820.0,24.0,9.0,500.0,999.0,64768000.0,379032.0,4020,2,0.00034688839926559634,1000,0.0009900990099009901,,NN1,16,64,R,,,
F200,RRM,-1,"[200, 200, 10]",0.0003853980367739462,0.00026406461956890887,0.00011741341720503737,8.758631109039166e-07,0.00011653755409413345,3.92e-06,1.1509636709569916e-05,0.001177049641305984,0.00032239104000000005,0.0001826786694308505,0.0016936289874464043,0.0010461382,0.0027397671874464045,104613820.0,8.0,5.0,399.0,200.0,26432000.0,304816.0,1620,2,0.00021781157433752713,410,0.0,,NN1,16,64,R,,,
BESTFIX,RRM,-1,"[250, 250, 10]",0.0003544038591553627,0.00023321779257260935,0.00011726606658275337,7.258646568322237e-07,0.00011654020192592115,3.92e-06,1.4295450670588163e-05,0.0018265949943675373,0.00040072704000000003,0.00016798742923964193,0.0024096049142777673,0.0010541381999999999,0.003463743114277767,105413820.0,8.0,5.0,499.0,250.0,32832000.0,288544.0,2020,2,0.00020147587110438655,510,0.0,,NN1,16,64,R,,,250
MAX,ORRM,-1,"[1000, 500, 10]",0.0004111472207118218,0.00018636719969387754,0.00022086002101794427,9.579594260585202e-07,0.00021990206159188576,3.92e-06,2.8218684867531925e-05,0.014283873315769932,0.0007916080128,0.00019488378261740352,0.015298583796054867,0.0010941382,0.016392721996054866,109413820.0,24.0,9.0,500.0,999.0,64766720.0,383040.0,3980,6,0.00040722722071182183,1000,0.00100990099009901,,NN1,16,64,R,,,
F200,ORRM,-1,"[200, 200, 10]",0.0003853980367739462,0.00026406461956890887,0.00011741341720503737,8.758631109039166e-07,0.00011653755409413345,3.92e-06,1.1509636709569916e-05,0.001177049641305984,0.00032239104000000005,0.0001826786694308505,0.0016936289874464043,0.0010461382,0.0027397671874464045,104613820.0,8.0,5.0,399.0,200.0,26432000.0,304816.0,1620,2,0.00021781157433752713,410,0.0,,NN1,16,64,R,,,
BESTFIX,ORRM,-1,"[250, 250, 10]",0.0003544038591553627,0.00023321779257260935,0.00011726606658275337,7.258646568322237e-07,0.00011654020192592115,3.92e-06,1.4295450670588163e-05,0.0018265949943675373,0.00040072704000000003,0.00016798742923964193,0.0024096049142777673,0.0010541381999999999,0.003463743114277767,105413820.0,8.0,5.0,499.0,250.0,32832000.0,288544.0,2020,2,0.00020147587110438655,510,0.0,,NN1,16,64,R,,,250
RI,FM,-1,"[1000, 45, 9]",0.0011084451981609605,0.0007279592454081633,0.00037264595275279724,1.1630533052326013e-05,0.0003610154197004712,7.84e-06,5.690997753970374e-06,0.002568351478899834,0.00015706527743999997,0.0005254030239282952,0.0032565107780220992,0.0020167061999999997,0.005273216978022099,201670620.0,131.0,8.0,500.0,999.0,13017856.0,925592.0,3982,6,0.0011006051981609605,1000,0.00301010101010101,"[3775.5072065441213, 44.80845560793695, 8.757826605391772]",NN1,32,8,R,,,
CS,FM,-1,"[1000, 48, 5]",0.0010382504237921634,0.0006832937706631902,0.00034711665312897307,1.1425054101763254e-05,0.00033569159902720983,7.84e-06,5.807066993478434e-06,0.0027341052137261203,0.00016034285567999998,0.0004921307008774854,0.003392385837277084,0.0020170262,0.005409412037277084,201702620.0,131.0,7.0,500.0,999.0,13285632.0,909064.0,3990,6,0.0010304104237921635,1000,0.0020396039603960397,,NN1,32,8,R,2,3015,
CS,RRM,-1,"[1000, 48, 5]",0.0010388201444705776,0.0006832937706631902,0.00034768637380738754,1.1425318884942022e-05,0.0003362610549224455,7.84e-06,5.813193198622893e-06,0.002734400360955254,0.00016051519488,0.0004924007484790537,0.003393129497512931,0.0020170262,0.005410155697512931,201702620.0,131.0,7.0,500.0,999.0,13299712.0,901048.0,4010,2,0.0009081307443365973,1000,0.0009504950495049505,,NN1,32,8,R,2,3015,
CS,ORRM,-1,"[1000, 48, 5]",0.0010383021884980456,0.0006832937706631902,0.00034716841783485544,1.1425054101763254e-05,0.0003357433637330922,7.84e-06,5.80762346406667e-06,0.0027341191261898387,0.00016035852288,0.0004921552373480736,0.003392440509881979,0.0020170262,0.0054094667098819795,201702620.0,131.0,7.0,500.0,999.0,13286912.0,901048.0,3990,6,0.0010304621884980457,1000,0.0019405940594059406,,NN1,32,8,R,,,
CS_Er,ORRM,-1,"[1000, 48, 5]",0.0010383021884980456,0.0006832937706631902,0.00034716841783485544,1.1425054101763254e-05,0.0003357433637330922,7.84e-06,5.80762346406667e-06,0.0027341191261898387,0.00016035852288,0.0004921552373480736,0.003392440509881979,0.0020170262,0.0054094667098819795,201702620.0,131.0,7.0,500.0,999.0,13286912.0,901048.0,3990,6,0.0010304621884980457,1000,0.0019405940594059406,,NN1,32,8,R,,,
CSE,FM,-1,"[91, 27, 5]",0.0014185210410207,0.0011701059971697735,0.00024057504385092653,1.0839119450641848e-05,0.00022973592440028468,7.84e-06,3.4103777705275415e-06,0.00014348034211202364,9.363505152000002e-05,0.0006723789734438117,0.0009129047448463629,0.0020103062,0.002923210944846363,201030620.0,16.0,5.0,90.0,90.0,7835648.0,1106648.0,354,6,0.0014106810410206999,91,0.013288135593220339,,NN1,32,8,R,,,
BESTFIXE,FM,-1,"[36, 36, 10]",0.0017375581573984143,0.0014167715944046954,0.00031294656299371885,1.087527126844375e-05,0.0003020712917252751,7.84e-06,4.606762662914989e-06,8.389020134774235e-05,0.00012732579840000002,0.0008236025666068483,0.0010394253290175056,0.0020139862,0.0030534115290175054,201398620.0,10.0,7.0,35.0,35.0,10588160.0,1131112.0,124,6,0.0017297181573984143,36,0.027804878048780488,,NN1,32,8,R,,,36
MAX,FM,-1,"[1000, 500, 10]",0.0036808468597498557,0.0003501069432653061,0.0033228999164845495,1.2348450419586012e-05,0.0033105514660649637,7.84e-06,5.6375037066549e-05,0.028551290791684756,0.0015832160256,0.0017447214115214316,0.03193560326587273,0.0021624661999999997,0.03409806946587273,216246620.0,188.0,65.0,500.0,999.0,129533440.0,739776.0,3980,6,0.003673006859749856,1000,0.00100990099009901,,NN1,32,8,R,,,
F200,FM,-1,"[200, 200, 10]",0.0018475581813684498,0.0004899762746117897,0.00134974190675666,1.0317663548725472e-05,0.0013394242432079346,7.84e-06,2.2883523402513253e-05,0.0023292959360325513,0.0006415546368,0.0008757425779686452,0.00386947667420371,0.0020664662,0.00593594287420371,206646620.0,50.0,27.0,199.0,199.0,52600320.0,798976.0,780,6,0.0018397181813684497,200,0.005024390243902439,,NN1,32,8,R,,,
BESTFIX,FM,-1,"[88, 88, 10]",0.0013875278179406995,0.0007554813505101666,0.0006242064674305331,9.97596799355655e-06,0.0006142304994369765,7.84e-06,1.040632989217941e-05,0.00046495998081323573,0.00029051535360000006,0.0006576881857038915,0.0014235698500093068,0.0020306262,0.0034541960500093067,203062620.0,22.0,13.0,87.0,87.0,23920640.0,894312.0,332,6,0.0013796878179406996,88,0.011397849462365592,,NN1,32,8,R,,,88
MAX,RRM,-1,"[1000, 500, 10]",0.003680953743081885,0.0003501069432653061,0.0033230067998165787,1.235171607879082e-05,0.003310655083737788,7.84e-06,5.637624356003559e-05,0.028551860148239527,0.0015832473600000002,0.0017447720742208134,0.03193625582602038,0.0021624661999999997,0.03409872202602038,216246620.0,188.0,65.0,500.0,999.0,129536000.0,735768.0,4020,2,0.0035393290346229845,1000,0.0009900990099009901,,NN1,32,8,R,,,
F200,RRM,-1,"[200, 200, 10]",0.0018544080072911864,0.0004899762746117897,0.0013565917326793966,1.0352967972561245e-05,0.0013462387647068354,7.84e-06,2.2999335064844876e-05,0.0023528161498928882,0.0006447820800000001,0.0008789893954560224,0.0038995869604137555,0.0020664662,0.005966053160413756,206646620.0,50.0,27.0,399.0,200.0,52864000.0,561584.0,1620,2,0.001521412984890041,410,0.0,,NN1,32,8,R,,,
BESTFIX,RRM,-1,"[88, 88, 10]",0.0013946336161550568,0.0007554813505101666,0.0006313122656448902,9.983346618138228e-06,0.0006213289190267519,7.84e-06,1.0524540983809253e-05,0.00047561086663556204,0.0002938368,0.0006610563340574969,0.0014410285416768683,0.0020306262,0.003471654741676868,203062620.0,22.0,13.0,175.0,88.0,24192000.0,611168.0,724,2,0.0008857500277761888,186,0.0,,NN1,32,8,R,,,88
MAX,ORRM,-1,"[1000, 500, 10]",0.003680844759136638,0.0003501069432653061,0.003322897815871332,1.2346296849732036e-05,0.0033105515190215997,7.84e-06,5.637503721835803e-05,0.028551290792536793,0.0015832160256,0.0017447204158307663,0.031935602271185914,0.0021624661999999997,0.03409806847118591,216246620.0,188.0,65.0,500.0,999.0,129533440.0,739776.0,3980,6,0.0036730047591366373,1000,0.00100990099009901,,NN1,32,8,R,,,
F200,ORRM,-1,"[200, 200, 10]",0.0018544080072911864,0.0004899762746117897,0.0013565917326793966,1.0352967972561245e-05,0.0013462387647068354,7.84e-06,2.2999335064844876e-05,0.0023528161498928882,0.0006447820800000001,0.0008789893954560224,0.0038995869604137555,0.0020664662,0.005966053160413756,206646620.0,50.0,27.0,399.0,200.0,52864000.0,561584.0,1620,2,0.001521412984890041,410,0.0,,NN1,32,8,R,,,
BESTFIX,ORRM,-1,"[88, 88, 10]",0.0013946336161550568,0.0007554813505101666,0.0006313122656448902,9.983346618138228e-06,0.0006213289190267519,7.84e-06,1.0524540983809253e-05,0.00047561086663556204,0.0002938368,0.0006610563340574969,0.0014410285416768683,0.0020306262,0.003471654741676868,203062620.0,22.0,13.0,175.0,88.0,24192000.0,611168.0,724,2,0.0008857500277761888,186,0.0,,NN1,32,8,R,,,88
RI,FM,-1,"[1000, 500, 10]",0.00034860678851335655,0.00032407863673469383,1.6688151778662663e-05,1.2348450419586012e-05,4.339701359076652e-06,7.84e-06,2.8502765478431727e-07,7.373865050830998e-05,0.0007678167040000001,0.000165239617755331,0.0010070799999184253,0.0023346461999999998,0.0033417261999184253,233464620.0,188.0,65.0,500.0,999.0,514560.0,612112.0,3980,6,0.0003407667885133565,1000,0.00100990099009901,"[3959.303535378489, 2131.807726372663, 396.7333277320338]",NN1,32,8,T,,,
CS,FM,-1,"[1000, 500, 10]",0.00034860678851335655,0.00032407863673469383,1.6688151778662663e-05,1.2348450419586012e-05,4.339701359076652e-06,7.84e-06,2.8502765478431727e-07,7.373865050830998e-05,0.0007678167040000001,0.000165239617755331,0.0010070799999184253,0.0023346461999999998,0.0033417261999184253,233464620.0,188.0,65.0,500.0,999.0,514560.0,612112.0,3980,6,0.0003407667885133565,1000,0.00100990099009901,,NN1,32,8,T,1,1508,
CS,RRM,-1,"[1000, 500, 10]",0.0003486101424336209,0.00032407863673469383,1.6691505698927063e-05,1.235171607879082e-05,4.339789620136241e-06,7.84e-06,2.8512120709442907e-07,7.374071609837542e-05,0.0007678318592000001,0.0001652412075135363,0.0010070989040190062,0.0023346461999999998,0.003341745104019006,233464620.0,188.0,65.0,500.0,999.0,514560.0,486408.0,4020,2,0.00027593661044530906,1000,0.0009900990099009901,,NN1,32,8,T,1,1508,
CS,ORRM,-1,"[1000, 500, 10]",0.00034860468790013824,0.00032407863673469383,1.6686051165444442e-05,1.2346296849732036e-05,4.3397543157124054e-06,7.84e-06,2.850278065933396e-07,7.373865136034688e-05,0.0007678167040000001,0.00016523862206466552,0.0010070790052316059,0.0023346461999999998,0.0033417252052316054,233464620.0,188.0,65.0,500.0,999.0,514560.0,612112.0,3980,6,0.0003407646879001383,1000,0.00100990099009901,,NN1,32,8,T,,,
CS_Er,ORRM,-1,"[1000, 500, 10]",0.00034860468790013824,0.00032407863673469383,1.6686051165444442e-05,1.2346296849732036e-05,4.3397543157124054e-06,7.84e-06,2.850278065933396e-07,7.373865136034688e-05,0.0007678167040000001,0.00016523862206466552,0.0010070790052316059,0.0023346461999999998,0.0033417252052316054,233464620.0,188.0,65.0,500.0,999.0,514560.0,612112.0,3980,6,0.0003407646879001383,1000,0.00100990099009901,,NN1,32,8,T,,,
CSE,FM,-1,"[200, 84, 10]",0.0005805826731406707,0.0005588742744047064,1.3868398735964277e-05,1.0245684998959396e-05,3.62271373700488e-06,7.84e-06,2.3307435099568076e-07,1.1295733844209124e-05,0.00014635499519999998,0.0002751961870686779,0.0004330799904638827,0.0023346461999999998,0.0027677261904638824,233464620.0,36.0,13.0,199.0,199.0,514560.0,695976.0,780,6,0.0005727426731406707,200,0.005393258426966292,,NN1,32,8,T,,,
BESTFIXE,FM,-1,"[125, 125, 10]",0.0006148914101902838,0.0005931276487890626,1.3923761401221262e-05,1.030084206528363e-05,3.622919335937632e-06,7.84e-06,2.331029584162344e-07,1.145334149550513e-05,0.00014889349119999999,0.0002914585284301945,0.00045203846408411585,0.0023346461999999998,0.0027866846640841156,233464620.0,32.0,18.0,124.0,124.0,514560.0,710896.0,480,6,0.0006070514101902837,125,0.008,,NN1,32,8,T,,,125
MAX,FM,-1,"[1000, 500, 10]",0.00034860678851335655,0.00032407863673469383,1.6688151778662663e-05,1.2348450419586012e-05,4.339701359076652e-06,7.84e-06,2.8502765478431727e-07,7.373865050830998e-05,0.0007678167040000001,0.000165239617755331,0.0010070799999184253,0.0023346461999999998,0.0033417261999184253,233464620.0,188.0,65.0,500.0,999.0,514560.0,612112.0,3980,6,0.0003407667885133565,1000,0.00100990099009901,,NN1,32,8,T,,,
F200,FM,-1,"[200, 200, 10]",0.0004928976975671193,0.0004710522613986946,1.4005436168424616e-05,1.0317663548725472e-05,3.6877726196991443e-06,7.84e-06,2.4006740251325464e-07,1.861024003255117e-05,0.00023471738879999994,0.00023363350864681452,0.00048720120488187886,0.0023346461999999998,0.0028218474048818786,233464620.0,50.0,27.0,199.0,199.0,514560.0,670944.0,780,6,0.0004850576975671192,200,0.005024390243902439,,NN1,32,8,T,,,
BESTFIX,FM,-1,"[1000, 500, 10]",0.00034860678851335655,0.00032407863673469383,1.6688151778662663e-05,1.2348450419586012e-05,4.339701359076652e-06,7.84e-06,2.8502765478431727e-07,7.373865050830998e-05,0.0007678167040000001,0.000165239617755331,0.0010070799999184253,0.0023346461999999998,0.0033417261999184253,233464620.0,188.0,65.0,500.0,999.0,514560.0,612112.0,3980,6,0.0003407667885133565,1000,0.00100990099009901,,NN1,32,8,T,,,1000
MAX,RRM,-1,"[1000, 500, 10]",0.0003486101424336209,0.00032407863673469383,1.6691505698927063e-05,1.235171607879082e-05,4.339789620136241e-06,7.84e-06,2.8512120709442907e-07,7.374071609837542e-05,0.0007678318592000001,0.0001652412075135363,0.0010070989040190062,0.0023346461999999998,0.003341745104019006,233464620.0,188.0,65.0,500.0,999.0,514560.0,486408.0,4020,2,0.00027593661044530906,1000,0.0009900990099009901,,NN1,32,8,T,,,
F200,RRM,-1,"[200, 200, 10]",0.0004929663470192679,0.0004710522613986946,1.4074085620573277e-05,1.0352967972561245e-05,3.721117648012032e-06,7.84e-06,2.412461236684079e-07,1.8820644189358516e-05,0.0002358843392,0.00023366604848713295,0.0004886122780001598,0.0023346461999999998,0.00282325847800016,233464620.0,50.0,27.0,399.0,200.0,514560.0,414064.0,1620,2,0.00022736786377502993,410,0.0,,NN1,32,8,T,,,
BESTFIX,RRM,-1,"[1000, 500, 10]",0.0003486101424336209,0.00032407863673469383,1.6691505698927063e-05,1.235171607879082e-05,4.339789620136241e-06,7.84e-06,2.8512120709442907e-07,7.374071609837542e-05,0.0007678318592000001,0.0001652412075135363,0.0010070989040190062,0.0023346461999999998,0.003341745104019006,233464620.0,188.0,65.0,500.0,999.0,514560.0,486408.0,4020,2,0.00027593661044530906,1000,0.0009900990099009901,,NN1,32,8,T,,,1000
MAX,ORRM,-1,"[1000, 500, 10]",0.00034860468790013824,0.00032407863673469383,1.6686051165444442e-05,1.2346296849732036e-05,4.3397543157124054e-06,7.84e-06,2.850278065933396e-07,7.373865136034688e-05,0.0007678167040000001,0.00016523862206466552,0.0010070790052316059,0.0023346461999999998,0.0033417252052316054,233464620.0,188.0,65.0,500.0,999.0,514560.0,612112.0,3980,6,0.0003407646879001383,1000,0.00100990099009901,,NN1,32,8,T,,,
F200,ORRM,-1,"[200, 200, 10]",0.0004929663470192679,0.0004710522613986946,1.4074085620573277e-05,1.0352967972561245e-05,3.721117648012032e-06,7.84e-06,2.412461236684079e-07,1.8820644189358516e-05,0.0002358843392,0.00023366604848713295,0.0004886122780001598,0.0023346461999999998,0.00282325847800016,233464620.0,50.0,27.0,399.0,200.0,514560.0,414064.0,1620,2,0.00022736786377502993,410,0.0,,NN1,32,8,T,,,
BESTFIX,ORRM,-1,"[1000, 500, 10]",0.00034860468790013824,0.00032407863673469383,1.6686051165444442e-05,1.2346296849732036e-05,4.3397543157124054e-06,7.84e-06,2.850278065933396e-07,7.373865136034688e-05,0.0007678167040000001,0.00016523862206466552,0.0010070790052316059,0.0023346461999999998,0.0033417252052316054,233464620.0,188.0,65.0,500.0,999.0,514560.0,612112.0,3980,6,0.0003407646879001383,1000,0.00100990099009901,,NN1,32,8,T,,,1000
RI,FM,-1,"[1000, 500, 10]",0.00033410023762560473,0.00032407863673469383,2.1816008909109264e-06,1.5807157696134063e-06,6.008851212975203e-07,7.84e-06,2.8554775249538093e-07,7.380656126255662e-05,0.0007678167040000001,0.00015836351263453664,0.0010002723256495886,0.0023346461999999998,0.003334918525649588,233464620.0,24.0,9.0,500.0,999.0,514560.0,612112.0,3980,6,0.00032626023762560483,1000,0.00100990099009901,"[11198.601514568005, 6029.662798015945, 1122.1313054481043]",NN1,32,64,T,,,
CS,FM,-1,"[1000, 500, 10]",0.00033410023762560473,0.00032407863673469383,2.1816008909109264e-06,1.5807157696134063e-06,6.008851212975203e-07,7.84e-06,2.8554775249538093e-07,7.380656126255662e-05,0.0007678167040000001,0.00015836351263453664,0.0010002723256495886,0.0023346461999999998,0.003334918525649588,233464620.0,24.0,9.0,500.0,999.0,514560.0,612112.0,3980,6,0.00032626023762560483,1000,0.00100990099009901,,NN1,32,64,T,1,1508,
CS,RRM,-1,"[1000, 500, 10]",0.00033410013171233325,0.00032407863673469383,2.1814949776394193e-06,1.58060103023594e-06,6.008939474034793e-07,7.84e-06,2.8563189264609813e-07,7.380850338472007e-05,0.0007678318592000001,0.00015836346243164594,0.001000289456909012,0.0023346461999999998,0.003334935656909012,233464620.0,24.0,9.0,500.0,999.0,514560.0,486408.0,4020,2,0.0002614933657181774,1000,0.0009900990099009901,,NN1,32,64,T,1,1508,
CS,ORRM,256,"[1000, 500, 10]",0.00033409864892653215,0.00032407863673469383,2.1800121918383167e-06,1.5791270705407964e-06,6.008851212975203e-07,7.84e-06,2.855299908397491e-07,7.380203113693031e-05,0.0007678167040000001,0.00015836275959117623,0.0010002670247189463,0.0023346461999999998,0.003334913224718946,233464620.0,24.0,9.0,500.0,999.0,514560.0,612112.0,3980,6,0.0003262586489265322,1000,0.00100990099009901,,NN1,32,64,T,,,
CS_Er,ORRM,-1,"[1000, 500, 10]",0.0003340986577526381,0.00032407863673469383,2.1800210179442755e-06,1.5791358966467554e-06,6.008851212975203e-07,7.84e-06,2.855307498848616e-07,7.380222478169504e-05,0.0007678167040000001,0.00015836276377475045,0.0010002672233063305,0.0023346461999999998,0.00333491342330633,233464620.0,24.0,9.0,500.0,999.0,514560.0,612112.0,3980,6,0.00032625865775263817,1000,0.00100990099009901,,NN1,32,64,T,,,
CSE,FM,-1,"[200, 84, 10]",0.0005691492450482896,0.0005588742744047064,2.4349706435831922e-06,1.7265842750453717e-06,7.083863685378204e-07,7.84e-06,2.3413047938942047e-07,1.1351596846289829e-05,0.00014635499519999998,0.0002697767421528893,0.0004277174646785685,0.0023346461999999998,0.002762363664678568,233464620.0,6.0,3.0,199.0,199.0,514560.0,695976.0,780,6,0.0005613092450482896,200,0.005393258426966292,,NN1,32,64,T,,,
BESTFIXE,FM,-1,"[125, 125, 10]",0.0006027571243977478,0.0005931276487890626,1.7894756086853378e-06,1.2885452384450815e-06,5.009303702402562e-07,7.84e-06,2.33297425774049e-07,1.1461986494924241e-05,0.00014889349119999999,0.00028570687696453245,0.00044629565208523074,0.0023346461999999998,0.0027809418520852304,233464620.0,4.0,3.0,124.0,124.0,514560.0,710896.0,480,6,0.0005949171243977479,125,0.008,,NN1,32,64,T,,,125
MAX,FM,-1,"[1000, 500, 10]",0.00033410023762560473,0.00032407863673469383,2.1816008909109264e-06,1.5807157696134063e-06,6.008851212975203e-07,7.84e-06,2.8554775249538093e-07,7.380656126255662e-05,0.0007678167040000001,0.00015836351263453664,0.0010002723256495886,0.0023346461999999998,0.003334918525649588,233464620.0,24.0,9.0,500.0,999.0,514560.0,612112.0,3980,6,0.00032626023762560483,1000,0.00100990099009901,,NN1,32,64,T,,,
F200,FM,-1,"[200, 200, 10]",0.0004811719171366652,0.0004710522613986946,2.279655737970566e-06,1.6491563009939912e-06,6.304994369765751e-07,7.84e-06,2.456864198173422e-07,1.8916246778011854e-05,0.00023471738879999994,0.0002280754887227793,0.0004819548107206084,0.0023346461999999998,0.002816601010720608,233464620.0,8.0,5.0,199.0,199.0,514560.0,670944.0,780,6,0.0004733319171366651,200,0.005024390243902439,,NN1,32,64,T,,,
BESTFIX,FM,-1,"[1000, 500, 10]",0.00033410023762560473,0.00032407863673469383,2.1816008909109264e-06,1.5807157696134063e-06,6.008851212975203e-07,7.84e-06,2.8554775249538093e-07,7.380656126255662e-05,0.0007678167040000001,0.00015836351263453664,0.0010002723256495886,0.0023346461999999998,0.003334918525649588,233464620.0,24.0,9.0,500.0,999.0,514560.0,612112.0,3980,6,0.00032626023762560483,1000,0.00100990099009901,,NN1,32,64,T,,,1000
MAX,RRM,-1,"[1000, 500, 10]",0.00033410013171233325,0.00032407863673469383,2.1814949776394193e-06,1.58060103023594e-06,6.008939474034793e-07,7.84e-06,2.8563189264609813e-07,7.380850338472007e-05,0.0007678318592000001,0.00015836346243164594,0.001000289456909012,0.0023346461999999998,0.003334935656909012,233464620.0,24.0,9.0,500.0,999.0,514560.0,486408.0,4020,2,0.0002614933657181774,1000,0.0009900990099009901,,NN1,32,64,T,,,
F200,RRM,-1,"[200, 200, 10]",0.00048118097272137903,0.0004710522613986946,2.288711322684442e-06,1.652333699139211e-06,6.363776235452312e-07,7.84e-06,2.468945919228593e-07,1.9131099254219112e-05,0.0002358843392,0.00022807978106993365,0.00048334211411607563,0.0023346461999999998,0.0028179883141160756,233464620.0,8.0,5.0,399.0,200.0,514560.0,414064.0,1620,2,0.00022165405620398965,410,0.0,,NN1,32,64,T,,,
BESTFIX,RRM,-1,"[1000, 500, 10]",0.00033410013171233325,0.00032407863673469383,2.1814949776394193e-06,1.58060103023594e-06,6.008939474034793e-07,7.84e-06,2.8563189264609813e-07,7.380850338472007e-05,0.0007678318592000001,0.00015836346243164594,0.001000289456909012,0.0023346461999999998,0.003334935656909012,233464620.0,24.0,9.0,500.0,999.0,514560.0,486408.0,4020,2,0.0002614933657181774,1000,0.0009900990099009901,,NN1,32,64,T,,,1000
MAX,ORRM,-1,"[1000, 500, 10]",0.0003340986577526381,0.00032407863673469383,2.1800210179442755e-06,1.5791358966467554e-06,6.008851212975203e-07,7.84e-06,2.855307498848616e-07,7.380222478169504e-05,0.0007678167040000001,0.00015836276377475045,0.0010002672233063305,0.0023346461999999998,0.00333491342330633,233464620.0,24.0,9.0,500.0,999.0,514560.0,612112.0,3980,6,0.00032625865775263817,1000,0.00100990099009901,,NN1,32,64,T,,,
F200,ORRM,-1,"[200, 200, 10]",0.00048118097272137903,0.0004710522613986946,2.288711322684442e-06,1.652333699139211e-06,6.363776235452312e-07,7.84e-06,2.468945919228593e-07,1.9131099254219112e-05,0.0002358843392,0.00022807978106993365,0.00048334211411607563,0.0023346461999999998,0.0028179883141160756,233464620.0,8.0,5.0,399.0,200.0,514560.0,414064.0,1620,2,0.00022165405620398965,410,0.0,,NN1,32,64,T,,,
BESTFIX,ORRM,-1,"[1000, 500, 10]",0.0003340986577526381,0.00032407863673469383,2.1800210179442755e-06,1.5791358966467554e-06,6.008851212975203e-07,7.84e-06,2.855307498848616e-07,7.380222478169504e-05,0.0007678167040000001,0.00015836276377475045,0.0010002672233063305,0.0023346461999999998,0.00333491342330633,233464620.0,24.0,9.0,500.0,999.0,514560.0,612112.0,3980,6,0.00032625865775263817,1000,0.00100990099009901,,NN1,32,64,T,,,1000
RI,FM,-1,"[1000, 127, 10]",0.0005750940059958715,0.0004366297036475881,0.00013062430234828343,1.4814229765030626e-06,0.00012914287937178037,7.84e-06,1.4876665527248015e-05,0.007251966774712859,0.00041551767552,0.0002725945588420431,0.007954955674602152,0.0020431062,0.009998061874602152,204310620.0,18.0,3.0,500.0,999.0,34133248.0,789360.0,3980,6,0.0005672540059958716,1000,0.0012651515151515151,"[10678.746992664108, 126.7374512594744, 24.770874324513937]",NN1,32,64,R,,,
CS,FM,-1,"[1000, 125, 10]",0.0005750617552892296,0.00043659761181085344,0.00013062414347837618,1.4812817588077198e-06,0.00012914286171956845,7.84e-06,1.4653275923945932e-05,0.007137762586935288,0.0004092570624,0.0002725792720070948,0.007834252197266328,0.0020424662,0.009876718397266327,204246620.0,18.0,3.0,500.0,999.0,33621760.0,789360.0,3980,6,0.0005672217552892295,1000,0.0012692307692307692,,NN1,32,64,R,2,3015,
CS,RRM,-1,"[1000, 125, 10]",0.0005752690524176199,0.00043659761181085344,0.00013083144060676647,1.4814318026090216e-06,0.00012935000880415744,7.84e-06,1.465775330642436e-05,0.007138333222732757,0.00040938240000000005,0.00027267753084595186,0.007835050906885133,0.0020424662,0.009877517106885132,204246620.0,18.0,3.0,500.0,999.0,33632000.0,785352.0,4020,2,0.0004595449285429508,1000,0.0009615384615384616,,NN1,32,64,R,2,3015,
CS,ORRM,32,"[1000, 125, 10]",0.000575061472853839,0.00043659761181085344,0.0001306238610429855,1.4809993234170334e-06,0.00012914286171956845,7.84e-06,1.4653255277918873e-05,0.0071377612673430395,0.0004092570624,0.0002725791381327197,0.007834250723153677,0.0020424662,0.009876716923153676,204246620.0,18.0,3.0,500.0,999.0,33621760.0,789360.0,3980,6,0.0005672214728538388,1000,0.0012692307692307692,,NN1,32,64,R,,,
CS_Er,ORRM,-1,"[1000, 125, 10]",0.0005750614816799449,0.00043659761181085344,0.00013062386986909146,1.4810081495229923e-06,0.00012914286171956845,7.84e-06,1.4653272887765482e-05,0.00713776239102488,0.0004092570624,0.0002725791423162939,0.007834251868628938,0.0020424662,0.009876718068628939,204246620.0,18.0,3.0,500.0,999.0,33621760.0,789360.0,3980,6,0.0005672214816799449,1000,0.0012692307692307692,,NN1,32,64,R,,,
CSE,FM,-1,"[77, 36, 5]",0.0011406309197288089,0.00105441546311214,7.837545661666888e-05,2.1038886836133264e-06,7.627156793305555e-05,7.84e-06,4.39612511547307e-06,0.00016264946893753795,0.00012137852928000001,0.0005406590559514554,0.0008290831792844664,0.0020131861999999998,0.0028422693792844664,201318620.0,3.0,2.0,76.0,76.0,10102272.0,1037080.0,298,6,0.0011327909197288088,77,0.013974025974025974,,NN1,32,64,R,,,
BESTFIXE,FM,-1,"[50, 50, 10]",0.0012183770275147408,0.001132845885833267,7.769114168147383e-05,1.5749826054428e-06,7.611615907603104e-05,7.84e-06,6.16948524343028e-06,0.00015625691275522862,0.000171319296,0.000577510711041987,0.0009112564050406459,0.0020184662,0.002929722605040646,201846620.0,2.0,2.0,49.0,49.0,14182400.0,1012712.0,180,6,0.0012105370275147405,50,0.02,,NN1,32,64,R,,,50
MAX,FM,-1,"[1000, 500, 10]",0.0007991967794503346,0.0003501069432653061,0.0004412498361850285,1.5807157696134063e-06,0.0004396691204154151,7.84e-06,5.63755571642601e-05,0.028551358702439033,0.0015832160256,0.0003788192734594586,0.03056976955866275,0.0021624661999999997,0.03273223575866275,216246620.0,24.0,9.0,500.0,999.0,129533440.0,739776.0,3980,6,0.0007913567794503347,1000,0.00100990099009901,,NN1,32,64,R,,,
F200,FM,-1,"[200, 200, 10]",0.0007312771068203485,0.0004899762746117897,0.00023346083220855877,1.6491563009939912e-06,0.0002318116759075648,7.84e-06,2.288647136099381e-05,0.0023293293705427182,0.0006415546368,0.0003466253486328452,0.0033403958273365572,0.0020664662,0.005406862027336557,206646620.0,8.0,5.0,199.0,199.0,52600320.0,798976.0,780,6,0.0007234371068203486,200,0.005024390243902439,,NN1,32,64,R,,,
BESTFIX,FM,-1,"[250, 250, 10]",0.0006871292513785979,0.00044587665343353796,0.00023341259794506,1.3403332868916622e-06,0.00023207226465816834,7.84e-06,2.8453572567338492e-05,0.003621913749578352,0.0007982579712,0.0003256992651534554,0.004774324558499146,0.0020824662,0.006856790758499146,208246620.0,8.0,5.0,249.0,249.0,65402880.0,775912.0,980,6,0.0006792892513785981,250,0.004,,NN1,32,64,R,,,250
MAX,RRM,-1,"[1000, 500, 10]",0.0007992484382429455,0.0003501069432653061,0.0004413014949776394,1.58060103023594e-06,0.00043972089394740346,7.84e-06,5.637675424558729e-05,0.0285519279355259,0.0015832473600000002,0.00037884375972715615,0.030570395809498645,0.0021624661999999997,0.032732862009498646,216246620.0,24.0,9.0,500.0,999.0,129536000.0,735768.0,4020,2,0.0006835210840134955,1000,0.0009900990099009901,,NN1,32,64,R,,,
F200,RRM,-1,"[200, 200, 10]",0.0007324767506403564,0.0004899762746117897,0.0002346604760285668,1.652333699139211e-06,0.00023300814232942758,7.84e-06,2.3002312474275798e-05,0.002352852669861278,0.0006447820800000001,0.00034719397980352893,0.003367831042139083,0.0020664662,0.0054342972421390825,206646620.0,8.0,5.0,399.0,200.0,52864000.0,561584.0,1620,2,0.00043109030399065564,410,0.0,,NN1,32,64,R,,,
BESTFIX,RRM,-1,"[250, 250, 10]",0.0006880744847221736,0.00044587665343353796,0.0002343578312886357,1.3470411274204589e-06,0.00023301079016121523,7.84e-06,2.8568921258823454e-05,0.0036511679837793014,0.0008014540800000001,0.00032614730575831027,0.004807338290796435,0.0020824662,0.006889804490796435,208246620.0,8.0,5.0,499.0,250.0,65664000.0,545056.0,2020,2,0.0003968475296126014,510,0.0,,NN1,32,64,R,,,250
MAX,ORRM,-1,"[1000, 500, 10]",0.000799195199577368,0.0003501069432653061,0.0004412482563120619,1.5791358966467554e-06,0.0004396691204154151,7.84e-06,5.6375540161649576e-05,0.02855135436595817,0.0015832160256,0.0003788185245996724,0.030569764456319492,0.0021624661999999997,0.03273223065631949,216246620.0,24.0,9.0,500.0,999.0,129533440.0,739776.0,3980,6,0.0007913551995773681,1000,0.00100990099009901,,NN1,32,64,R,,,
F200,ORRM,-1,"[200, 200, 10]",0.0007324767506403564,0.0004899762746117897,0.0002346604760285668,1.652333699139211e-06,0.00023300814232942758,7.84e-06,2.3002312474275798e-05,0.002352852669861278,0.0006447820800000001,0.00034719397980352893,0.003367831042139083,0.0020664662,0.0054342972421390825,206646620.0,8.0,5.0,399.0,200.0,52864000.0,561584.0,1620,2,0.00043109030399065564,410,0.0,,NN1,32,64,R,,,
BESTFIX,ORRM,-1,"[250, 250, 10]",0.0006880744847221736,0.00044587665343353796,0.0002343578312886357,1.3470411274204589e-06,0.00023301079016121523,7.84e-06,2.8568921258823454e-05,0.0036511679837793014,0.0008014540800000001,0.00032614730575831027,0.004807338290796435,0.0020824662,0.006889804490796435,208246620.0,8.0,5.0,499.0,250.0,65664000.0,545056.0,2020,2,0.0003968475296126014,510,0.0,,NN1,32,64,R,,,250
RI,FM,-1,"[1000, 100, 112, 76, 10]",0.00021290512068273116,0.00014243623942816904,7.022388125456209e-05,2.98122968964475e-06,6.724265156491734e-05,2.45e-07,1.1621417766961639e-06,0.0003012443074785584,3.123881344e-05,0.00010091702720361456,0.0004345622898988691,0.00027117582,0.0007057381098988691,27117582.0,162.0,39.0,500.0,999.0,2566832.0,351688.0,4028,10,0.00021266012068273113,1000,0.005451557050011292,"[1231.4955677278476, 99.86012569386773, 111.87382611595163, 76.43671789951865, 16.20568088320401]",NN2,1,8,R,,,
CS,FM,-1,"[750, 131, 167, 84, 10]",0.0001996483421071791,0.00010918527362732938,9.021806847984973e-05,2.6103365152054235e-06,8.760773196464431e-05,2.45e-07,1.4978752892269645e-06,0.00032172978645166685,4.08102976e-05,9.463331415880288e-05,0.00045867127349969665,0.00027215202,0.0007308232934996966,27215202.0,143.0,51.0,500.0,749.0,3348816.0,276776.0,3124,10,0.00019940334210717908,750,0.003866214567704381,,NN2,1,8,R,2,6579,
CS,RRM,-1,"[750, 131, 167, 84, 10]",0.00020007467128018238,0.00010918527362732938,9.0644397652853e-05,2.671907430375011e-06,8.797249022247799e-05,2.45e-07,1.5049602547063605e-06,0.00032322142168743074,4.0967948799999995e-05,9.483539418680644e-05,0.00046052972492894353,0.00027215202,0.0007326817449289435,27215202.0,143.0,51.0,500.0,750.0,3361696.0,168192.0,4548,2,7.544243723455951e-05,1000,0.0,,NN2,1,8,R,2,6579,
CS,ORRM,64,"[750, 131, 167, 84, 10]",0.00019983389988959194,0.00010918527362732938,9.040362626226258e-05,2.6370354857312264e-06,8.776659077653136e-05,2.45e-07,1.5009189855837648e-06,0.0003224020313797139,4.0875120639999995e-05,9.472126854766657e-05,0.0004594993395529642,0.00027215202,0.0007316513595529642,27215202.0,143.0,51.0,500.0,750.0,3354112.0,205872.0,3740,4,0.00012551050015471903,940,0.002276503981480592,,NN2,1,8,R,,,
CS_Er,ORRM,-1,"[750, 131, 167, 84, 10]",0.00019994158323956117,0.00010918527362732938,9.05113096122318e-05,2.6526929977023923e-06,8.78586166145294e-05,2.45e-07,1.5027649340094405e-06,0.0003227734357939823,4.0913505279999996e-05,9.477231045555199e-05,0.0004599620164635437,0.00027215202,0.0007321140364635436,27215202.0,143.0,51.0,500.0,750.0,3357248.0,205872.0,4076,4,0.00012557303659664057,1000,0.0013351647823873515,,NN2,1,8,R,,,
CSE,FM,-1,"[84, 56, 53, 46, 5]",0.0002614219311426927,0.00022396552497959185,3.7211406163100847e-05,1.1554711331271557e-06,3.605593502997369e-05,2.45e-07,6.191459143693514e-07,2.144260027324799e-05,1.6972163200000002e-05,0.00012391399536163634,0.0001629479047492537,0.00026972826,0.0004326761647492537,26972826.0,31.0,21.0,83.0,83.0,1401256.0,695328.0,326,10,0.00026117693114269264,84,0.01539195183048744,,NN2,1,8,R,,,
BESTFIXE,FM,-1,"[56, 56, 56, 56, 10]",0.0002715275002591646,0.00023180897400510204,3.947352625406253e-05,1.0961029836416326e-06,3.83774232704209e-05,2.45e-07,6.685358297135974e-07,1.902704244214766e-05,1.835841664e-05,0.000128704035122844,0.00016675803003470525,0.00026987678,0.0004366348100347052,26987678.0,28.0,23.0,55.0,55.0,1514512.0,725616.0,204,10,0.00027128250025916463,56,0.01786092406725109,,NN2,1,8,R,,,56
MAX,FM,-1,"[1000, 784, 1000, 500, 10]",0.0005954379803201409,8.39529904841857e-05,0.0005112399898359552,7.279516507055572e-06,0.0005039604733288996,2.45e-07,8.768503975252088e-06,0.004143017711964343,0.00024131168128,0.0002822376026717468,0.004675335499891343,0.00029263773999999997,0.0049679732398913426,29263774.0,411.0,288.0,500.0,999.0,19729648.0,91464.0,4844,10,0.000595192980320141,1000,0.001045841784989858,,NN2,1,8,R,,,
F200,FM,-1,"[200, 200, 200, 200, 10]",0.00024510414577369233,0.00010808403491059063,0.0001367751108631017,2.033677366652256e-06,0.00013474143349644945,2.45e-07,2.3419814837322892e-06,0.00023831015026253076,6.467026816e-05,0.00011617936509673015,0.0004215017650029932,0.00027460574,0.0006961075050029933,27460574.0,100.0,77.0,199.0,199.0,5298160.0,236136.0,780,10,0.0002448591457736923,200,0.005007555152614083,,NN2,1,8,R,,,
BESTFIX,FM,-1,"[131, 131, 131, 131, 10]",0.00022367984951924725,0.00012996584242897234,9.346900709027491e-05,1.6016459480444968e-06,9.186736114223041e-05,2.45e-07,1.5390012929868034e-06,0.00010256276152889613,4.248100864e-05,0.00010602424867212319,0.00025260702013400613,0.00027233978,0.0005249468001340061,27233978.0,68.0,53.0,130.0,130.0,3485312.0,336200.0,504,10,0.00022343484951924724,131,0.007637797446714644,,NN2,1,8,R,,,131
MAX,RRM,-1,"[1000, 784, 1000, 500, 10]",0.0005954413342404055,8.39529904841857e-05,0.0005112433437562198,7.282782166260381e-06,0.0005039605615899593,2.45e-07,8.7685975275622e-06,0.004143027550122057,0.00024131266048000002,0.0002822391924299522,0.004675348000559572,0.00029263773999999997,0.004967985740559571,29263774.0,411.0,288.0,500.0,999.0,19729728.0,87456.0,4884,4,0.0005801386846050347,1000,0.0010417849898580122,,NN2,1,8,R,,,
F200,RRM,-1,"[200, 200, 200, 200, 10]",0.0002459102574240728,0.00010808403491059063,0.00013758122251348215,2.1352128896039374e-06,0.00013544600962387822,2.45e-07,2.3558028194029117e-06,0.00024091551335951738,6.499477504e-05,0.00011656146201901049,0.0004248275532379308,0.00027460574,0.0006994332932379309,27460574.0,100.0,77.0,399.0,200.0,5324672.0,120128.0,3220,2,8.960769915649606e-05,810,0.0,,NN2,1,8,R,,,
BESTFIX,RRM,-1,"[131, 131, 131, 131, 10]",0.00022443799298330883,0.00012996584242897234,9.422715055433647e-05,1.6450792154684556e-06,9.258207133886802e-05,2.45e-07,1.5515811003394835e-06,0.00010419140259530553,4.280649472e-05,0.00010638360867408837,0.00025493308708973337,0.00027233978,0.0005272728670897334,27233978.0,68.0,53.0,261.0,131.0,3511904.0,168192.0,2116,2,7.530216308977947e-05,534,0.0,,NN2,1,8,R,,,131
MAX,ORRM,-1,"[1000, 784, 1000, 500, 10]",0.0005955286871815817,8.39529904841857e-05,0.000511330696697396,7.282782166260387e-06,0.0005040479145311356,2.45e-07,8.770099998150442e-06,0.004143794159533823,0.00024133381119999998,0.0002822805977240697,0.004676178668456044,0.00029263773999999997,0.004968816408456043,29263774.0,411.0,288.0,500.0,999.0,19731456.0,81168.0,4884,4,0.0005802260375462109,1000,0.0009541582150101419,,NN2,1,8,R,,,
F200,ORRM,-1,"[200, 200, 200, 200, 10]",0.0002459102574240728,0.00010808403491059063,0.00013758122251348215,2.1352128896039374e-06,0.00013544600962387822,2.45e-07,2.3558028194029117e-06,0.00024091551335951738,6.499477504e-05,0.00011656146201901049,0.0004248275532379308,0.00027460574,0.0006994332932379309,27460574.0,100.0,77.0,399.0,200.0,5324672.0,120128.0,3220,2,8.960769915649606e-05,810,0.0,,NN2,1,8,R,,,
BESTFIX,ORRM,-1,"[131, 131, 131, 131, 10]",0.00022443799298330883,0.00012996584242897234,9.422715055433647e-05,1.6450792154684556e-06,9.258207133886802e-05,2.45e-07,1.5515811003394835e-06,0.00010419140259530553,4.280649472e-05,0.00010638360867408837,0.00025493308708973337,0.00027233978,0.0005272728670897334,27233978.0,68.0,53.0,261.0,131.0,3511904.0,168192.0,2116,2,7.530216308977947e-05,534,0.0,,NN2,1,8,R,,,131
RI,FM,-1,"[1000, 784, 907, 500, 10]",9.724153209051718e-05,8.488252770279427e-05,1.2114004387722912e-05,7.076822313639706e-06,5.037182074083206e-06,2.45e-07,2.0742104433737072e-07,7.76805797786854e-05,0.00010482480895999999,4.609248621090514e-05,0.0002288052959939279,0.00036662558,0.0005954308759939279,36662558.0,400.0,277.0,500.0,999.0,48624.0,118928.0,4472,10,9.69965320905172e-05,1000,0.001116597717140841,"[1760.1492360971365, 1127.3357973558332, 907.093309483012, 552.6611901618146, 123.99820787235417]",NN2,1,8,T,,,
CS,FM,-1,"[750, 784, 500, 500, 10]",9.466920022932594e-05,8.488252770279427e-05,9.541672526531676e-06,5.5161976345217455e-06,4.025474892009931e-06,2.45e-07,1.6317708813390395e-07,4.825506737250363e-05,8.779851008e-05,4.487320090870049e-05,0.00018108995544933803,0.00036662558,0.000547715535449338,36662558.0,318.0,226.0,500.0,783.0,48624.0,118928.0,3116,10,9.442420022932596e-05,784,0.0014520019295706705,,NN2,1,8,T,2,6579,
CS,RRM,-1,"[750, 784, 500, 500, 10]",9.484438078039904e-05,8.488252770279427e-05,9.716853077604782e-06,5.611802014269019e-06,4.105051063335764e-06,2.45e-07,1.6622583078039182e-07,4.90776000048111e-05,8.786519296000002e-05,4.495623648990914e-05,0.00018206525528550064,0.00036662558,0.0005486908352855006,36662558.0,318.0,226.0,500.0,784.0,48624.0,106832.0,6884,3,6.759488117280422e-05,1000,0.0006521948866377231,,NN2,1,8,T,2,6579,
CS,ORRM,256,"[750, 784, 500, 500, 10]",9.480868800790108e-05,8.488252770279427e-05,9.681160305106818e-06,5.592110971874617e-06,4.089049333232201e-06,2.45e-07,1.6563062555544913e-07,4.900439476708376e-05,8.78473856e-05,4.493931811574511e-05,0.0001819567291083843,0.00036662558,0.0005485823091083843,36662558.0,318.0,226.0,500.0,784.0,48624.0,114920.0,5868,4,8.334725014754245e-05,1000,0.0008924264351181863,,NN2,1,8,T,,,
CS_Er,ORRM,-1,"[750, 784, 500, 500, 10]",9.481453971615186e-05,8.488252770279427e-05,9.687012013357596e-06,5.587406657398499e-06,4.099605355959097e-06,2.45e-07,1.6572508871969585e-07,4.8982300632584656e-05,8.784937472e-05,4.494209182545598e-05,0.00018193949226676033,0.00036662558,0.0005485650722667603,36662558.0,318.0,226.0,500.0,784.0,48624.0,106832.0,5980,4,7.435886615277608e-05,1000,0.0008162083936324168,,NN2,1,8,T,,,
CSE,FM,-1,"[250, 131, 167, 84, 10]",0.00012084977646926544,0.00011779401358700822,2.8107628822572275e-06,1.7263917506576775e-06,1.08437113159955e-06,2.45e-07,4.695167037348649e-08,3.282290856726307e-06,1.9809062399999996e-05,5.7282794046431815e-05,8.042109897353161e-05,0.00036662558,0.0004470466789735316,36662558.0,81.0,51.0,249.0,249.0,48624.0,408040.0,1124,10,0.00012060477646926543,250,0.005124535333839223,,NN2,1,8,T,,,
BESTFIXE,FM,-1,"[167, 167, 167, 167, 10]",0.00013041104474539422,0.00012703222105184928,3.1338236935449207e-06,1.8407549608065269e-06,1.293068732738394e-06,2.45e-07,5.339188966399578e-08,4.039910058691659e-06,2.235144192e-05,6.181483520931686e-05,8.825957907767252e-05,0.00036662558,0.0004548851590776725,36662558.0,84.0,65.0,166.0,166.0,48624.0,389424.0,648,10,0.0001301660447453942,167,0.0059881321508850295,,NN2,1,8,T,,,167
MAX,FM,-1,"[1000, 784, 1000, 500, 10]",9.591729154835284e-05,8.315288994769223e-05,1.2519401600660604e-05,7.279516507055572e-06,5.239885093605031e-06,2.45e-07,2.1478588701679943e-07,8.249543739022296e-05,0.0001076568896,4.546479619391924e-05,0.00023583190907115902,0.00036662558,0.000602457489071159,36662558.0,411.0,288.0,500.0,999.0,48624.0,108168.0,4844,10,9.567229154835284e-05,1000,0.001045841784989858,,NN2,1,8,T,,,
F200,FM,-1,"[200, 200, 200, 200, 10]",0.00012249496943926919,0.000118762505634991,3.487463804278186e-06,2.033677366652256e-06,1.45378643762593e-06,2.45e-07,5.978430726170078e-08,5.419889556648414e-06,2.6710314239999998e-05,5.8062615514213593e-05,9.025260361812371e-05,0.00036662558,0.0004568781836181237,36662558.0,100.0,77.0,199.0,199.0,48624.0,334552.0,780,10,0.0001222499694392692,200,0.005007555152614083,,NN2,1,8,T,,,
BESTFIX,FM,-1,"[1000, 784, 1000, 500, 10]",9.591729154835284e-05,8.315288994769223e-05,1.2519401600660604e-05,7.279516507055572e-06,5.239885093605031e-06,2.45e-07,2.1478588701679943e-07,8.249543739022296e-05,0.0001076568896,4.546479619391924e-05,0.00023583190907115902,0.00036662558,0.000602457489071159,36662558.0,411.0,288.0,500.0,999.0,48624.0,108168.0,4844,10,9.567229154835284e-05,1000,0.001045841784989858,,NN2,1,8,T,,,1000
MAX,RRM,-1,"[1000, 784, 1000, 500, 10]",9.592064546861722e-05,8.315288994769223e-05,1.2522755520925002e-05,7.282782166260381e-06,5.2399733546646205e-06,2.45e-07,2.148794393269112e-07,8.249643824499427e-05,0.00010765736320000001,4.5466385952124563e-05,0.00023583506683644577,0.00036662558,0.0006024606468364457,36662558.0,411.0,288.0,500.0,999.0,48624.0,104160.0,4884,4,8.445917230383477e-05,1000,0.0010417849898580122,,NN2,1,8,T,,,
F200,RRM,-1,"[200, 200, 200, 200, 10]",0.00012269608108964966,0.000118762505634991,3.6885754546586637e-06,2.1352128896039374e-06,1.553362565054726e-06,2.45e-07,6.324137822644134e-08,5.797876105987942e-06,2.6843111680000002e-05,5.8157942436493936e-05,9.086217160070832e-05,0.00036662558,0.00045748775160070834,36662558.0,100.0,77.0,399.0,200.0,48624.0,163328.0,3220,2,3.874768563934923e-05,810,0.0,,NN2,1,8,T,,,
BESTFIX,RRM,-1,"[1000, 784, 1000, 500, 10]",9.592064546861722e-05,8.315288994769223e-05,1.2522755520925002e-05,7.282782166260381e-06,5.2399733546646205e-06,2.45e-07,2.148794393269112e-07,8.249643824499427e-05,0.00010765736320000001,4.5466385952124563e-05,0.00023583506683644577,0.00036662558,0.0006024606468364457,36662558.0,411.0,288.0,500.0,999.0,48624.0,104160.0,4884,4,8.445917230383477e-05,1000,0.0010417849898580122,,NN2,1,8,T,,,1000
MAX,ORRM,-1,"[1000, 784, 1000, 500, 10]",9.592064546861724e-05,8.315288994769223e-05,1.252275552092501e-05,7.282782166260387e-06,5.239973354664622e-06,2.45e-07,2.148794393269113e-07,8.249643824499428e-05,0.00010766247808000001,4.546638595212457e-05,0.00023584018171644578,0.00036662558,0.0006024657617164457,36662558.0,411.0,288.0,500.0,999.0,48624.0,97712.0,4884,4,8.445917230383477e-05,1000,0.0009541582150101419,,NN2,1,8,T,,,
F200,ORRM,-1,"[200, 200, 200, 200, 10]",0.00012269608108964966,0.000118762505634991,3.6885754546586637e-06,2.1352128896039374e-06,1.553362565054726e-06,2.45e-07,6.324137822644134e-08,5.797876105987942e-06,2.6843111680000002e-05,5.8157942436493936e-05,9.086217160070832e-05,0.00036662558,0.00045748775160070834,36662558.0,100.0,77.0,399.0,200.0,48624.0,163328.0,3220,2,3.874768563934923e-05,810,0.0,,NN2,1,8,T,,,
BESTFIX,ORRM,-1,"[1000, 784, 1000, 500, 10]",9.592064546861724e-05,8.315288994769223e-05,1.252275552092501e-05,7.282782166260387e-06,5.239973354664622e-06,2.45e-07,2.148794393269113e-07,8.249643824499428e-05,0.00010766247808000001,4.546638595212457e-05,0.00023584018171644578,0.00036662558,0.0006024657617164457,36662558.0,411.0,288.0,500.0,999.0,48624.0,97712.0,4884,4,8.445917230383477e-05,1000,0.0009541582150101419,,NN2,1,8,T,,,1000
RI,FM,-1,"[1000, 282, 316, 216, 10]",0.00012117555969898397,9.448837602742504e-05,2.6442183671558935e-05,5.320591632507078e-07,2.5910124508308226e-05,2.45e-07,3.1896130266887805e-06,0.001011767967890883,8.730741375999999e-05,5.74372152973184e-05,0.0011597022099748902,0.00027690517999999996,0.0014366073899748902,27690518.0,30.0,15.0,500.0,999.0,7147600.0,168096.0,4116,10,0.00012093055969898397,1000,0.002330265188215452,"[3483.195467766153, 282.44708819309943, 316.4269643354963, 216.1956862335712, 45.83658738503501]",NN2,1,64,R,,,
CS,FM,-1,"[750, 196, 250, 125, 10]",0.00011756940787462008,9.80170247439446e-05,1.930738313067549e-05,3.9039809564443646e-07,1.8916985035031054e-05,2.45e-07,2.217166988717859e-06,0.0005230459459613805,6.073368832e-05,5.572789933256991e-05,0.0006417247006026682,0.00027418774,0.0009159124406026681,27418774.0,22.0,11.0,500.0,749.0,4976544.0,200136.0,3196,10,0.00011732440787462011,750,0.002767741935483871,,NN2,1,64,R,2,6579,
CS,RRM,-1,"[750, 196, 250, 125, 10]",0.00011764314075823425,9.80170247439446e-05,1.9381116014289653e-05,4.0432569084764874e-07,1.8976790323442005e-05,2.45e-07,2.2260890456604156e-06,0.0005254153169738857,6.0901719040000005e-05,5.576284871940303e-05,0.0006443059737789492,0.00027418774,0.0009184937137789492,27418774.0,22.0,11.0,500.0,750.0,4990272.0,120128.0,5304,2,3.970734433366393e-05,1000,0.0,,NN2,1,64,R,3,9868,
CS,ORRM,128,"[750, 196, 250, 125, 10]",0.0001176030218963813,9.80170247439446e-05,1.9340997152436706e-05,3.9469640924644175e-07,1.8946300743190264e-05,2.45e-07,2.220748249179864e-06,0.0005239164106285881,6.080105728e-05,5.5743832378884736e-05,0.0006426820485366528,0.00027418774,0.0009168697885366527,27418774.0,22.0,11.0,500.0,750.0,4982048.0,145248.0,4020,2,6.345926118668978e-05,1000,0.0016580645161290322,,NN2,1,64,R,,,
CS_Er,ORRM,-1,"[761, 196, 250, 125, 10]",0.00011760801358558477,9.80170247439446e-05,1.9345988841640178e-05,3.964881087561072e-07,1.8949500732884072e-05,2.45e-07,2.222527189067722e-06,0.0005301686203830954,6.081574527999999e-05,5.574619843956718e-05,0.0006489530912917303,0.00027418774,0.0009231408312917304,27418774.0,22.0,11.0,500.0,761.0,4983248.0,145248.0,4276,4,6.508392706913762e-05,1000,0.0014161290322580646,,NN2,1,64,R,,,
CSE,FM,-1,"[84, 56, 59, 56, 5]",0.00022027740764582826,0.00021375266205697277,6.279745588855497e-06,1.819155226478085e-07,6.097830066207689e-06,2.45e-07,6.736723284389193e-07,2.361535844090449e-05,1.840120768e-05,0.00010441149122412259,0.000147101729673466,0.0002698753,0.00041697702967346596,26987530.0,5.0,4.0,83.0,83.0,1518008.0,666752.0,338,10,0.00022003240764582828,84,0.014775689249613257,,NN2,1,64,R,,,
BESTFIXE,FM,-1,"[56, 56, 56, 56, 10]",0.0002382734457270181,0.00023180897400510204,6.219471721916052e-06,1.5752997860508514e-07,6.061941743310967e-06,2.45e-07,6.690164445388584e-07,1.9040192112527154e-05,1.835841664e-05,0.00011294161327460657,0.00015100923847167257,0.00026987678,0.0004208860184716725,26987678.0,4.0,4.0,55.0,55.0,1514512.0,725616.0,204,10,0.00023802844572701808,56,0.01786092406725109,,NN2,1,64,R,,,56
MAX,FM,-1,"[1000, 784, 1000, 500, 10]",0.00015127454798412746,8.39529904841857e-05,6.707655749994175e-05,9.440764270700116e-07,6.613248107287175e-05,2.45e-07,8.7695577359897e-06,0.004143335897095307,0.00024131168128,7.170413574447641e-05,0.004465121271855772,0.00029263773999999997,0.004757759011855772,29263774.0,53.0,38.0,500.0,999.0,19729648.0,91464.0,4844,10,0.00015102954798412748,1000,0.001045841784989858,,NN2,1,64,R,,,
F200,FM,-1,"[200, 200, 200, 200, 10]",0.0001307848392867124,0.00010808403491059063,2.2455804376121786e-05,3.2958356124607024e-07,2.2126220814875714e-05,2.45e-07,2.343387210200673e-06,0.00023842768734043995,6.467026816e-05,6.199201382190167e-05,0.0003674333565325423,0.00027460574,0.0006420390965325422,27460574.0,16.0,13.0,199.0,199.0,5298160.0,236136.0,780,10,0.00013053983928671239,200,0.005007555152614083,,NN2,1,64,R,,,
BESTFIX,FM,-1,"[250, 250, 250, 250, 10]",0.00012202732891670716,9.934034549344996e-05,2.2441983423257197e-05,3.016436730490712e-07,2.2140339750208125e-05,2.45e-07,2.9232362842692143e-06,0.00037188650499833117,8.074971136e-05,5.784095390651919e-05,0.0005134004065491196,0.00027624774,0.0007896481465491196,27624774.0,16.0,13.0,249.0,249.0,6611840.0,209272.0,980,10,0.00012178232891670715,250,0.004,,NN2,1,64,R,,,250
MAX,RRM,-1,"[1000, 784, 1000, 500, 10]",0.0001512743273314785,8.39529904841857e-05,6.70763368472928e-05,9.439616876925454e-07,6.613237515960025e-05,2.45e-07,8.769626088002079e-06,0.0041433392961773025,0.00024131266048000002,7.17040311551208e-05,0.004465125613900426,0.00029263773999999997,0.004757763353900425,29263774.0,53.0,38.0,500.0,999.0,19729728.0,87456.0,4884,4,0.00013679550251379316,1000,0.0010417849898580122,,NN2,1,64,R,,,
F200,RRM,-1,"[200, 200, 200, 200, 10]",0.00013090467723715448,0.00010808403491059063,2.257564232656384e-05,3.413752388072182e-07,2.223426708775662e-05,2.45e-07,2.356684173839238e-06,0.0002409798283990856,6.499477504e-05,6.204881701041122e-05,0.00037038010462333605,0.00027460574,0.000644985844623336,27460574.0,16.0,13.0,399.0,200.0,5324672.0,120128.0,3220,2,3.7960390329628356e-05,810,0.0,,NN2,1,64,R,,,
BESTFIX,RRM,-1,"[250, 250, 250, 250, 10]",0.000122148052311947,9.934034549344996e-05,2.256270681849704e-05,3.21378845973268e-07,2.2241327972523772e-05,2.45e-07,2.9391270652124153e-06,0.00037540332314784535,8.107323904e-05,5.7898176795862876e-05,0.0005173138660489207,0.00027624774,0.0007935616060489206,27624774.0,16.0,13.0,499.0,250.0,6638272.0,120128.0,4020,2,3.805996315708753e-05,1000,0.0,,NN2,1,64,R,,,250
MAX,ORRM,-1,"[1000, 784, 1000, 500, 10]",0.0001512807979197138,8.39529904841857e-05,6.708280743552811e-05,9.43846948315079e-07,6.613896048721303e-05,2.45e-07,8.770850778723265e-06,0.004143966344866753,0.00024133381119999998,7.170709821394434e-05,0.004465778105059421,0.00029263773999999997,0.004758415845059421,29263774.0,53.0,38.0,500.0,999.0,19731456.0,81168.0,4884,4,0.00013680197310202846,1000,0.0009541582150101419,,NN2,1,64,R,,,
F200,ORRM,-1,"[200, 200, 200, 200, 10]",0.00013090467723715448,0.00010808403491059063,2.257564232656384e-05,3.413752388072182e-07,2.223426708775662e-05,2.45e-07,2.356684173839238e-06,0.0002409798283990856,6.499477504e-05,6.204881701041122e-05,0.00037038010462333605,0.00027460574,0.000644985844623336,27460574.0,16.0,13.0,399.0,200.0,5324672.0,120128.0,3220,2,3.7960390329628356e-05,810,0.0,,NN2,1,64,R,,,
BESTFIX,ORRM,-1,"[250, 250, 250, 250, 10]",0.0001221475403978014,9.934034549344996e-05,2.2562194904351422e-05,3.210964105825818e-07,2.224109849376884e-05,2.45e-07,2.939060269242519e-06,0.0003753822160526281,8.107030143999999e-05,5.789793414855786e-05,0.0005172895119104285,0.00027624774,0.0007935372519104285,27624774.0,16.0,13.0,497.0,250.0,6638032.0,164128.0,3988,4,6.378371075746441e-05,1000,3.631961259079903e-05,,NN2,1,64,R,,,250
RI,FM,-1,"[1000, 61, 70, 49, 10]",0.000933031877120489,0.0005753016707657747,0.0003557702063547144,8.26564957333799e-06,0.00034750455678137643,1.96e-06,5.672443361060642e-06,0.0014006218721201648,0.0001571512832,0.0004422571097551118,0.002005702708436337,0.00164966116,0.003655363868436337,164966116.0,149.0,26.0,500.0,999.0,12956288.0,770728.0,4016,10,0.000931071877120489,1000,0.008593672023156003,"[2430.5193775085127, 61.003753579509926, 70.36792150293708, 48.96244829832098, 9.68541708407511]",NN2,8,8,R,,,
CS,FM,-1,"[750, 72, 78, 64, 5]",0.0008992385782775363,0.0005059894070879209,0.00039128917118961556,7.72897141272627e-06,0.0003835601997768893,1.96e-06,6.644473138232395e-06,0.0012876676999203334,0.00018472085504,0.0004262390861035522,0.001905272114202118,0.0016524829199999998,0.003557755034202118,165248292.0,121.0,28.0,500.0,749.0,15208704.0,689472.0,3014,10,0.0008972785782775364,750,0.007638382020946141,,NN2,8,8,R,3,9868,
CS,RRM,-1,"[750, 72, 80, 56, 5]",0.0009020506805007731,0.0005188182935606289,0.00038127238694014425,7.705720226082693e-06,0.00037356666671406154,1.96e-06,6.515918305579086e-06,0.001288149707139762,0.00018109233152,0.00042757202255736643,0.0019033299795227073,0.0016519683599999998,0.003555298339522707,165196836.0,120.0,27.0,500.0,750.0,14912256.0,457584.0,3842,2,0.00037364800960077875,963,0.0,,NN2,8,8,R,2,6579,
CS,ORRM,64,"[750, 72, 78, 64, 5]",0.0009005428194681301,0.0005059894070879209,0.0003925934123802093,7.734814294871089e-06,0.0003848585980853382,1.96e-06,6.666246159145511e-06,0.001289549546558386,0.00018532717568,0.0004268572964278937,0.0019084002648254252,0.0016524829199999998,0.003560883184825425,165248292.0,121.0,28.0,500.0,750.0,15258240.0,520448.0,3322,2,0.0006041854439975778,833,0.004353877751939301,,NN2,8,8,R,,,
CS_Er,ORRM,-1,"[984, 72, 77, 56, 5]",0.0009007986358133449,0.0005187882654356289,0.00038005037037771607,8.106593429417646e-06,0.0003719437769482984,1.96e-06,6.429055034093824e-06,0.001638498890712572,0.00017847904256,0.0004269785533755254,0.0022503855416821914,0.0016517802,0.0039021657416821913,165178020.0,149.0,27.0,500.0,984.0,14698752.0,577944.0,4234,4,0.0006448829917891472,1000,0.004337323906412539,,NN2,8,8,R,,,
CSE,FM,-1,"[84, 32, 40, 30, 4]",0.0011803096490196963,0.0009887472805314426,0.0001896023684882536,6.551349341644329e-06,0.00018305101914660926,1.96e-06,3.1500835648736406e-06,8.969789638944594e-05,8.705936384e-05,0.000559466773635336,0.0007393741174296556,0.0016425395599999999,0.0023819136774296556,164253956.0,24.0,14.0,83.0,83.0,7229824.0,1265128.0,360,10,0.001178349649019696,84,0.019558189655172413,,NN2,8,8,R,,,
BESTFIXE,FM,-1,"[40, 40, 40, 40, 10]",0.0012546504273330766,0.0010263613213902228,0.0002263291059428539,6.3512309731522955e-06,0.00021997787496970162,1.96e-06,3.811420151480844e-06,7.756523130971102e-05,0.00010567513088,0.0005947043025558783,0.0007817560848970702,0.00164453956,0.00242629564489707,164453956.0,20.0,17.0,39.0,39.0,8750720.0,1231240.0,140,10,0.0012526904273330766,40,0.02503666764447052,,NN2,8,8,R,,,40
MAX,FM,-1,"[1000, 784, 1000, 500, 10]",0.004245916567532996,0.00023292098946174486,0.004011035578071251,1.208392827176145e-05,0.00399895164979949,1.96e-06,6.8794763739958e-05,0.0326258908393802,0.00193049345024,0.00201256445301064,0.03663774350637079,0.0018308307599999999,0.03846857426637079,183083076.0,411.0,288.0,500.0,999.0,157837184.0,375608.0,4844,10,0.0042439565675329955,1000,0.001045841784989858,,NN2,8,8,R,,,
F200,FM,-1,"[200, 200, 200, 200, 10]",0.0014137428959591955,0.00033351778509609385,0.0010782651108631016,7.316912660769903e-06,0.0010709481982023317,1.96e-06,1.84630318072617e-05,0.0018822583637460606,0.00051736214528,0.0006701141326846586,0.003088197673517981,0.00168657476,0.004774772433517981,168657476.0,100.0,77.0,199.0,199.0,42385280.0,507552.0,780,10,0.0014117828959591956,200,0.005007555152614083,,NN2,8,8,R,,,
BESTFIX,FM,-1,"[88, 88, 88, 88, 10]",0.0010387923837981321,0.0005548486026834613,0.0004819837811146709,6.624624835625451e-06,0.00047535915627904544,1.96e-06,8.207506511075993e-06,0.00036788715354961346,0.00022921256960000002,0.0004923875899203146,0.001097694819581004,0.00165715012,0.002754844939581004,165715012.0,44.0,35.0,87.0,87.0,18843648.0,724192.0,332,10,0.0010368323837981323,88,0.011374459168956979,,NN2,8,8,R,,,88
MAX,RRM,-1,"[1000, 784, 1000, 500, 10]",0.004245945803806198,0.00023292098946174486,0.004011064814344453,1.208719393096626e-05,0.003998977620413487,1.96e-06,6.87951355275622e-05,0.0326260338759232,0.0019305012838400002,0.002012578311004138,0.03663790860629491,0.0018308307599999999,0.038468739366294906,183083076.0,411.0,288.0,500.0,999.0,157837824.0,371600.0,4884,4,0.004201354624759062,1000,0.0010417849898580122,,NN2,8,8,R,,,
F200,RRM,-1,"[200, 200, 200, 200, 10]",0.0014193275370213405,0.00033351778509609385,0.0010838497519252467,7.418448183721583e-06,0.001076431303741525,1.96e-06,1.8558584760579383e-05,0.0019014656190148118,0.00051995820032,0.0006727612525481154,0.0031127436566435063,0.00168657476,0.0047993184166435065,168657476.0,100.0,77.0,399.0,200.0,42597376.0,288576.0,3220,2,0.0005844432509687361,810,0.0,,NN2,8,8,R,,,
BESTFIX,RRM,-1,"[88, 88, 88, 88, 10]",0.0010442932953977477,0.0005548486026834613,0.0004874846927142863,6.644854270483349e-06,0.000480839838443803,1.96e-06,8.301118494108748e-06,0.0003763179751085635,0.00023183212544000003,0.0004949950220185324,0.0011114462410612047,0.00165715012,0.0027685963610612047,165715012.0,44.0,35.0,175.0,88.0,19057664.0,409296.0,1428,2,0.00038780356076998214,362,0.0,,NN2,8,8,R,,,88
MAX,ORRM,-1,"[1000, 784, 1000, 500, 10]",0.004246308156747375,0.00023292098946174486,0.00401142716728563,1.2087193930966261e-05,0.003999339973354664,1.96e-06,6.880136799815047e-05,0.03262919242027144,0.0019306704895999999,0.0020127500662982557,0.036641414344167844,0.0018308307599999999,0.03847224510416784,183083076.0,411.0,288.0,500.0,999.0,157851648.0,365256.0,4884,4,0.0042017169777002405,1000,0.0009541582150101419,,NN2,8,8,R,,,
F200,ORRM,-1,"[200, 200, 200, 200, 10]",0.0014193275370213405,0.00033351778509609385,0.0010838497519252467,7.418448183721583e-06,0.001076431303741525,1.96e-06,1.8558584760579383e-05,0.0019014656190148118,0.00051995820032,0.0006727612525481154,0.0031127436566435063,0.00168657476,0.0047993184166435065,168657476.0,100.0,77.0,399.0,200.0,42597376.0,288576.0,3220,2,0.0005844432509687361,810,0.0,,NN2,8,8,R,,,
BESTFIX,ORRM,-1,"[88, 88, 88, 88, 10]",0.0010442932953977477,0.0005548486026834613,0.0004874846927142863,6.644854270483349e-06,0.000480839838443803,1.96e-06,8.301118494108748e-06,0.0003763179751085635,0.00023183212544000003,0.0004949950220185324,0.0011114462410612047,0.00165715012,0.0027685963610612047,165715012.0,44.0,35.0,175.0,88.0,19057664.0,409296.0,1428,2,0.00038780356076998214,362,0.0,,NN2,8,8,R,,,88
RI,FM,-1,"[1000, 784, 1000, 500, 10]",8.503415332998694e-05,8.315288994769223e-05,1.6362633822947258e-06,9.440764270700116e-07,6.921869552247141e-07,2.45e-07,2.1550576540146494e-07,8.264326487413001e-05,0.0001076568896,4.030618867841381e-05,0.0002308218489179453,0.00036662558,0.0005974474289179453,36662558.0,53.0,38.0,500.0,999.0,48624.0,108168.0,4844,10,8.478915332998695e-05,1000,0.001045841784989858,"[4978.453842978427, 3188.587147938613, 2565.647321217542, 1563.1619010481886, 350.7198945660831]",NN2,1,64,T,,,
CS,FM,-1,"[750, 784, 1000, 500, 10]",8.496005078054138e-05,8.315288994769223e-05,1.5621608328491588e-06,8.711300975050665e-07,6.910307353440925e-07,2.45e-07,2.0554450651060193e-07,7.473657384726628e-05,0.00010301129984,4.0271064069976613e-05,0.0002182244822637535,0.00036662558,0.0005848500622637534,36662558.0,49.0,38.0,500.0,999.0,48624.0,108168.0,3980,10,8.471505078054138e-05,1000,0.0011334685598377281,,NN2,1,64,T,2,6579,
CS,RRM,-1,"[750, 784, 1000, 500, 10]",8.495977717125665e-05,8.315288994769223e-05,1.5618872235644318e-06,8.710153581276002e-07,6.908718654368315e-07,2.45e-07,2.0560557168990002e-07,7.473698953104978e-05,0.00010302711808000002,4.0270934379175655e-05,0.00021824064756191536,0.00036662558,0.0005848662275619153,36662558.0,49.0,38.0,500.0,999.0,48624.0,104160.0,4884,4,7.351654058886543e-05,1000,0.0009541582150101419,,NN2,1,64,T,2,6579,
CS,ORRM,128,"[768, 784, 1000, 500, 10]",8.495845325536282e-05,8.315288994769223e-05,1.5605633076705902e-06,8.699650515184859e-07,6.905982561521043e-07,2.45e-07,2.0624312722508555e-07,7.530753619620139e-05,0.0001033603904,4.0270306843041975e-05,0.00021914447656646847,0.00036662558,0.0005857700565664685,36662558.0,49.0,38.0,500.0,999.0,48624.0,108168.0,4844,10,8.471345325536282e-05,1000,0.0009582150101419878,,NN2,1,64,T,,,
CS_Er,ORRM,-1,"[750, 784, 1000, 500, 10]",8.495983895399838e-05,8.315288994769223e-05,1.5619490063061443e-06,8.709006187501339e-07,6.910483875560103e-07,2.45e-07,2.056145284222272e-07,7.474264674666478e-05,0.00010302711808000002,4.027096366419523e-05,0.00021824634301928226,0.00036662558,0.0005848719230192823,36662558.0,49.0,38.0,500.0,999.0,48624.0,104160.0,4884,4,7.351660237160714e-05,1000,0.0009541582150101419,,NN2,1,64,T,,,
CSE,FM,-1,"[250, 131, 167, 84, 10]",0.00011848502126511882,0.00011779401358700822,4.460076781105916e-07,2.5802187774929044e-07,1.8798580036130115e-07,2.45e-07,4.7433208592836896e-08,3.316531385447927e-06,1.9809062399999996e-05,5.616190007966632e-05,7.933492707370708e-05,0.00036662558,0.00044596050707370704,36662558.0,12.0,9.0,249.0,249.0,48624.0,408040.0,1124,10,0.00011824002126511881,250,0.005124535333839223,,NN2,1,64,T,,,
BESTFIXE,FM,-1,"[167, 167, 167, 167, 10]",0.00012773966478673548,0.00012703222105184928,4.624437348862035e-07,2.652956416268484e-07,1.971480932593551e-07,2.45e-07,5.4018119985941886e-08,4.086957751835208e-06,2.235144192e-05,6.0548601108912615e-05,8.704101890073377e-05,0.00036662558,0.0004536665989007338,36662558.0,12.0,10.0,166.0,166.0,48624.0,389424.0,648,10,0.00012749466478673548,167,0.0059881321508850295,,NN2,1,64,T,,,167
MAX,FM,-1,"[1000, 784, 1000, 500, 10]",8.503415332998694e-05,8.315288994769223e-05,1.6362633822947258e-06,9.440764270700116e-07,6.921869552247141e-07,2.45e-07,2.1550576540146494e-07,8.264326487413001e-05,0.0001076568896,4.030618867841381e-05,0.0002308218489179453,0.00036662558,0.0005974474289179453,36662558.0,53.0,38.0,500.0,999.0,48624.0,108168.0,4844,10,8.478915332998695e-05,1000,0.001045841784989858,,NN2,1,64,T,,,
F200,FM,-1,"[200, 200, 200, 200, 10]",0.00011958301589346573,0.000118762505634991,5.755102584747243e-07,3.2958356124607024e-07,2.4592669722865407e-07,2.45e-07,6.074485725949646e-08,5.491997928675238e-06,2.6710314239999998e-05,5.668234953350275e-05,8.894540655943748e-05,0.00036662558,0.0004555709865594375,36662558.0,16.0,13.0,199.0,199.0,48624.0,334552.0,780,10,0.00011933801589346574,200,0.005007555152614083,,NN2,1,64,T,,,
BESTFIX,FM,-1,"[1000, 784, 1000, 500, 10]",8.503415332998694e-05,8.315288994769223e-05,1.6362633822947258e-06,9.440764270700116e-07,6.921869552247141e-07,2.45e-07,2.1550576540146494e-07,8.264326487413001e-05,0.0001076568896,4.030618867841381e-05,0.0002308218489179453,0.00036662558,0.0005974474289179453,36662558.0,53.0,38.0,500.0,999.0,48624.0,108168.0,4844,10,8.478915332998695e-05,1000,0.001045841784989858,,NN2,1,64,T,,,1000
MAX,RRM,-1,"[1000, 784, 1000, 500, 10]",8.503393267733797e-05,8.315288994769223e-05,1.636042729645752e-06,9.439616876925454e-07,6.920810419532068e-07,2.45e-07,2.1557411741384277e-07,8.263782665318422e-05,0.00010765736320000001,4.0306084089058196e-05,0.00023081684805965625,0.00036662558,0.0005974424280596562,36662558.0,53.0,38.0,500.0,999.0,48624.0,104160.0,4884,4,7.359069609494674e-05,1000,0.0010417849898580122,,NN2,1,64,T,,,
F200,RRM,-1,"[200, 200, 200, 200, 10]",0.00011961226560861365,0.000118762505634991,6.047599736226616e-07,3.413752388072182e-07,2.633847348154435e-07,2.45e-07,6.428967383923844e-08,5.87931208908558e-06,2.6843111680000002e-05,5.669621389848287e-05,8.948292734140769e-05,0.00036662558,0.0004561085073414077,36662558.0,16.0,13.0,399.0,200.0,48624.0,163328.0,3220,2,3.819740748007365e-05,810,0.0,,NN2,1,64,T,,,
BESTFIX,RRM,-1,"[1000, 784, 1000, 500, 10]",8.503393267733797e-05,8.315288994769223e-05,1.636042729645752e-06,9.439616876925454e-07,6.920810419532068e-07,2.45e-07,2.1557411741384277e-07,8.263782665318422e-05,0.00010765736320000001,4.0306084089058196e-05,0.00023081684805965625,0.00036662558,0.0005974424280596562,36662558.0,53.0,38.0,500.0,999.0,48624.0,104160.0,4884,4,7.359069609494674e-05,1000,0.0010417849898580122,,NN2,1,64,T,,,1000
MAX,ORRM,-1,"[1000, 784, 1000, 500, 10]",8.503393267733797e-05,8.315288994769223e-05,1.636042729645752e-06,9.43846948315079e-07,6.92195781330673e-07,2.45e-07,2.1557457284091023e-07,8.26402306367516e-05,0.00010766247808000001,4.0306084089058196e-05,0.0002308243673786507,0.00036662558,0.0005974499473786507,36662558.0,53.0,38.0,500.0,999.0,48624.0,97712.0,4884,4,7.359069609494674e-05,1000,0.0009541582150101419,,NN2,1,64,T,,,
F200,ORRM,-1,"[200, 200, 200, 200, 10]",0.00011961226560861365,0.000118762505634991,6.047599736226616e-07,3.413752388072182e-07,2.633847348154435e-07,2.45e-07,6.428967383923844e-08,5.87931208908558e-06,2.6843111680000002e-05,5.669621389848287e-05,8.948292734140769e-05,0.00036662558,0.0004561085073414077,36662558.0,16.0,13.0,399.0,200.0,48624.0,163328.0,3220,2,3.819740748007365e-05,810,0.0,,NN2,1,64,T,,,
BESTFIX,ORRM,-1,"[1000, 784, 1000, 500, 10]",8.503393267733797e-05,8.315288994769223e-05,1.636042729645752e-06,9.43846948315079e-07,6.92195781330673e-07,2.45e-07,2.1557457284091023e-07,8.26402306367516e-05,0.00010766247808000001,4.0306084089058196e-05,0.0002308243673786507,0.00036662558,0.0005974499473786507,36662558.0,53.0,38.0,500.0,999.0,48624.0,97712.0,4884,4,7.359069609494674e-05,1000,0.0009541582150101419,,NN2,1,64,T,,,1000
RI,FM,-1,"[1000, 173, 199, 138, 10]",0.0004697184850717589,0.0003227007655184381,0.00014505771955332077,1.2436476485656345e-06,0.00014381407190475513,1.96e-06,1.5660365122755234e-05,0.004474092631283823,0.0004375886796800001,0.0002226465619240137,0.005149988238010592,0.00167831204,0.006828300278010592,167831204.0,26.0,11.0,500.0,999.0,35867840.0,504048.0,4084,10,0.0004677584850717589,1000,0.003339206038860122,"[6874.546934566302, 172.54467133561837, 199.03053789091794, 138.486716860954, 27.394496395078193]",NN2,8,64,R,,,
CS,FM,-1,"[750, 157, 250, 125, 10]",0.00044293858043503373,0.0003089499200955414,0.00013202866033949236,1.0888208211734816e-06,0.00013093983951831888,1.96e-06,1.5737805813586798e-05,0.0034049043733290203,0.0004401040486400001,0.00020995288712620598,0.004070699114908813,0.00167855076,0.0057492498749088135,167855076.0,21.0,10.0,500.0,749.0,36073344.0,491360.0,3352,10,0.0004409785804350338,750,0.002917186108637578,,NN2,8,64,R,2,6579,
CS,RRM,-1,"[1000, 157, 250, 125, 10]",0.0004432907053994866,0.0003089499200955414,0.00013238078530394514,1.149196670718114e-06,0.00013123158863322703,1.96e-06,1.5780067656562364e-05,0.004247929888429529,0.00044114121728,0.00021011979435935663,0.004914970967725449,0.00167855076,0.006593521727725449,167855076.0,25.0,10.0,500.0,999.0,36158080.0,375584.0,5520,2,0.00021221018398604252,1000,0.0005592163846838825,,NN2,8,64,R,2,6579,
CS,ORRM,-1,"[752, 157, 250, 125, 10]",0.0004431149710510575,0.0003089499200955414,0.00013220505095551605,1.0939399626296683e-06,0.00013111111099288638,1.96e-06,1.5760039196349537e-05,0.0034187083758439496,0.00044072211968,0.00021003649627820124,0.0040852270309985,0.00167855076,0.0057637777909985005,167855076.0,21.0,10.0,500.0,752.0,36123840.0,375584.0,4228,4,0.00027214141511738247,1000,0.0015120213713268032,,NN2,8,64,R,,,
CS_Er,ORRM,-1,"[752, 157, 250, 125, 10]",0.0004431149710510575,0.0003089499200955414,0.00013220505095551605,1.0939399626296683e-06,0.00013111111099288638,1.96e-06,1.5760039196349537e-05,0.0034187083758439496,0.00044072211968,0.00021003649627820124,0.0040852270309985,0.00167855076,0.0057637777909985005,167855076.0,21.0,10.0,500.0,752.0,36123840.0,375584.0,4228,4,0.00027214141511738247,1000,0.0015120213713268032,,NN2,8,64,R,,,
CSE,FM,-1,"[75, 42, 40, 39, 4]",0.0009285912260318602,0.0008772908101742613,4.934041585759894e-05,1.3104859511371776e-06,4.802992990646176e-05,1.96e-06,3.8076936768931847e-06,0.00010923095300093183,0.00010551767552000002,0.0004401522411391017,0.0006587085633369267,0.00164445956,0.0023031681233369266,164445956.0,5.0,4.0,74.0,74.0,8737856.0,1100920.0,292,10,0.0009266312260318602,75,0.01931885342789598,,NN2,8,64,R,,,
BESTFIXE,FM,-1,"[50, 50, 50, 50, 10]",0.0008940876332402904,0.0008430571145832251,4.9070518657065324e-05,1.0276122697091293e-06,4.8042906387356193e-05,1.96e-06,4.728791797718128e-06,0.00012033723011078828,0.00013142417407999997,0.0004237975381558976,0.000680287734144404,0.0016471667599999998,0.002327454494144404,164716676.0,4.0,4.0,49.0,49.0,10854400.0,1028488.0,180,10,0.0008921276332402903,50,0.02,,NN2,8,64,R,,,50
MAX,FM,-1,"[1000, 784, 1000, 500, 10]",0.0007611687234322748,0.00023292098946174486,0.0005262877339705299,1.5620176035405998e-06,0.0005247257163669894,1.96e-06,6.87974869124603e-05,0.032626987218242955,0.00193049345024,0.00036079397490689825,0.03498707213030231,0.0018308307599999999,0.03681790289030231,183083076.0,53.0,38.0,500.0,999.0,157837184.0,375608.0,4844,10,0.0007592087234322748,1000,0.001045841784989858,,NN2,8,64,R,,,
F200,FM,-1,"[200, 200, 200, 200, 10]",0.0005124124130016274,0.00033351778509609385,0.00017693462790553354,1.1642894435990115e-06,0.00017577033846193454,1.96e-06,1.8467665063141848e-05,0.0018826569625486754,0.00051736214528,0.00024288348376277138,0.0026613702566545888,0.00168657476,0.004347945016654589,168657476.0,16.0,13.0,199.0,199.0,42385280.0,507552.0,780,10,0.0005104524130016275,200,0.005007555152614083,,NN2,8,64,R,,,
BESTFIX,FM,-1,"[250, 250, 250, 250, 10]",0.0004787498949555427,0.00029987232329699136,0.00017691757165855132,9.875260259902475e-07,0.00017593004563256108,1.96e-06,2.3044419784269216e-05,0.0029370225706042137,0.00064599769088,0.00022692745020892724,0.00383299213147741,0.00169971076,0.00553270289147741,169971076.0,16.0,13.0,249.0,249.0,52894720.0,472376.0,980,10,0.0004767898949555427,250,0.004,,NN2,8,64,R,,,250
MAX,RRM,-1,"[1000, 784, 1000, 500, 10]",0.0007611814439560964,0.00023292098946174486,0.0005263004544943516,1.5619028641631333e-06,0.0005247385516301884,1.96e-06,6.879850126447267e-05,0.032627390936500834,0.0019305012838400002,0.00036080000443518967,0.034987490726040495,0.0018308307599999999,0.036818321486040494,183083076.0,53.0,38.0,500.0,999.0,157837824.0,371600.0,4884,4,0.0007230758544325286,1000,0.0010417849898580122,,NN2,8,64,R,,,
F200,RRM,-1,"[200, 200, 200, 200, 10]",0.0005132957803638342,0.00033351778509609385,0.00017781799526774033,1.1760811211601596e-06,0.00017664191414658016,1.96e-06,1.8560857291486297e-05,0.0019016240566543797,0.00051995820032,0.0002433021998924574,0.0026834453141583235,0.00168657476,0.004370020074158323,168657476.0,16.0,13.0,399.0,200.0,42597376.0,288576.0,3220,2,0.00017516653037716253,810,0.0,,NN2,8,64,R,,,
BESTFIX,RRM,-1,"[250, 250, 250, 250, 10]",0.0004794885595272531,0.00029987232329699136,0.00017765623623026175,1.0072611989144444e-06,0.0001766489750313473,1.96e-06,2.3140790124035944e-05,0.0029611067952513745,0.00064858591232,0.00022727757721591798,0.0038601110749113287,0.00169971076,0.005559821834911329,169971076.0,16.0,13.0,499.0,250.0,53106176.0,288576.0,4020,2,0.00017541390772036743,1000,0.0,,NN2,8,64,R,,,250
MAX,ORRM,-1,"[1000, 784, 1000, 500, 10]",0.0007612073263090377,0.00023292098946174486,0.0005263263368472928,1.5617881247856668e-06,0.0005247645487225071,1.96e-06,6.88033986610762e-05,0.032629894985745575,0.0019306704895999999,0.00036081227267048386,0.03499018114667714,0.0018308307599999999,0.03682101190667714,183083076.0,53.0,38.0,500.0,999.0,157851648.0,365256.0,4884,4,0.0007231017367854698,1000,0.0009541582150101419,,NN2,8,64,R,,,
F200,ORRM,-1,"[200, 200, 200, 200, 10]",0.0005132957803638342,0.00033351778509609385,0.00017781799526774033,1.1760811211601596e-06,0.00017664191414658016,1.96e-06,1.8560857291486297e-05,0.0019016240566543797,0.00051995820032,0.0002433021998924574,0.0026834453141583235,0.00168657476,0.004370020074158323,168657476.0,16.0,13.0,399.0,200.0,42597376.0,288576.0,3220,2,0.00017516653037716253,810,0.0,,NN2,8,64,R,,,
BESTFIX,ORRM,-1,"[250, 250, 250, 250, 10]",0.0004794880476131075,0.00029987232329699136,0.00017765572431611615,1.0069787635237582e-06,0.00017664874555259238,1.96e-06,2.3140723328066045e-05,0.002960991310019687,0.0006485624115199999,0.00022727733456861295,0.003859971779436366,0.00169971076,0.005559682539436366,169971076.0,16.0,13.0,497.0,250.0,53104256.0,376816.0,3988,4,0.0002740745409723263,1000,3.631961259079903e-05,,NN2,8,64,R,,,250
RI,FM,-1,"[1000, 784, 1000, 500, 10]",0.0002521958460200219,0.00023011673853700842,2.0119107483013526e-05,1.208392827176145e-05,8.035179211252077e-06,1.96e-06,3.452086811344461e-07,0.00013226403982257592,0.0008612551168,0.00011954083101349039,0.0011134051963172008,0.00207763348,0.003191038676317201,207763348.0,411.0,288.0,500.0,999.0,388992.0,364296.0,4844,10,0.0002502358460200219,1000,0.001045841784989858,"[2821.855417982985, 1878.4509378543605, 1562.9089411339862, 1126.4083431667023, 215.10514224960363]",NN2,8,8,T,,,
CS,FM,-1,"[750, 784, 1000, 500, 10]",0.00025171438952645704,0.00023011673853700842,1.963765098944863e-05,1.1618888335280186e-05,8.018762654168444e-06,1.96e-06,3.3675182978790625e-07,0.00012287246486337465,0.00082409039872,0.00011931262063554063,0.0010666122360487031,0.00207763348,0.0031442457160487033,207763348.0,380.0,288.0,500.0,999.0,388992.0,364296.0,3980,10,0.000249754389526457,1000,0.0011334685598377281,,NN2,8,8,T,2,6579,
CS,RRM,-1,"[750, 784, 1000, 500, 10]",0.00025171774344672144,0.00023011673853700842,1.9641004909713028e-05,1.1622153994484995e-05,8.018850915228034e-06,1.96e-06,3.368453820980183e-07,0.00012288998714866397,0.0008242169446400001,0.00011931421039374595,0.001066757987564508,0.00207763348,0.003144391467564508,207763348.0,380.0,288.0,500.0,999.0,388992.0,332864.0,4884,4,0.0002259718585172331,1000,0.0009541582150101419,,NN2,8,8,T,2,6579,
CS,ORRM,32,"[750, 784, 1000, 500, 10]",0.0002517122889132388,0.00023011673853700842,1.9635550376230404e-05,1.1616734765426205e-05,8.0188156108042e-06,1.96e-06,3.36751981596929e-07,0.0001228887741988708,0.00082421315584,0.00011931162494487518,0.0010667503069653429,0.00207763348,0.003144383786965343,207763348.0,380.0,288.0,500.0,999.0,388992.0,332864.0,4844,8,0.00022596643928817433,1000,0.0009582150101419878,,NN2,8,8,T,,,
CS_Er,ORRM,-1,"[750, 784, 1000, 500, 10]",0.00025171774344672144,0.00023011673853700842,1.9641004909713028e-05,1.1622153994484993e-05,8.018850915228034e-06,1.96e-06,3.3684538209801837e-07,0.00012288998714866397,0.0008242169446400001,0.00011931421039374595,0.001066757987564508,0.00207763348,0.003144391467564508,207763348.0,380.0,288.0,500.0,999.0,388992.0,332864.0,4884,4,0.0002259718585172331,1000,0.0009541582150101419,,NN2,8,8,T,,,
CSE,FM,-1,"[250, 131, 125, 84, 10]",0.0004104203870139516,0.0003968979917735043,1.156239524044723e-05,7.179574110088088e-06,4.382821130359142e-06,1.96e-06,1.926789211891122e-07,1.2581042953926662e-05,0.00014819045376,0.00019453926344461305,0.0003555034390797288,0.00207763348,0.002433136919079729,207763348.0,76.0,46.0,249.0,249.0,388992.0,641224.0,980,10,0.00040846038701395157,250,0.005913950456323338,,NN2,8,8,T,,,
BESTFIXE,FM,-1,"[131, 131, 131, 131, 10]",0.00045322791910066705,0.00043964538259862743,1.1622536502039607e-05,7.1437047715739075e-06,4.4788317304657e-06,1.96e-06,1.9272504298680325e-07,1.1827812068602006e-05,0.00014076857344,0.00021483003365371618,0.000367619144205305,0.00207763348,0.002445252624205305,207763348.0,68.0,53.0,130.0,130.0,388992.0,687680.0,504,10,0.000451267919100667,131,0.007637797446714644,,NN2,8,8,T,,,131
MAX,FM,-1,"[1000, 784, 1000, 500, 10]",0.0002521958460200219,0.00023011673853700842,2.0119107483013526e-05,1.208392827176145e-05,8.035179211252077e-06,1.96e-06,3.452086811344461e-07,0.00013226403982257592,0.0008612551168,0.00011954083101349039,0.0011134051963172008,0.00207763348,0.003191038676317201,207763348.0,411.0,288.0,500.0,999.0,388992.0,364296.0,4844,10,0.0002502358460200219,1000,0.001045841784989858,,NN2,8,8,T,,,
F200,FM,-1,"[200, 200, 200, 200, 10]",0.0003643841606236443,0.0003504602262311308,1.1963934392513481e-05,7.316912660769903e-06,4.647021731743577e-06,1.96e-06,2.054543954969949e-07,1.9136278099001355e-05,0.00021368251391999999,0.0001727180921356074,0.00040574233855010576,0.00207763348,0.0024833758185501056,207763348.0,100.0,77.0,199.0,199.0,388992.0,557888.0,780,10,0.00036242416062364424,200,0.005007555152614083,,NN2,8,8,T,,,
BESTFIX,FM,-1,"[1000, 784, 1000, 500, 10]",0.0002521958460200219,0.00023011673853700842,2.0119107483013526e-05,1.208392827176145e-05,8.035179211252077e-06,1.96e-06,3.452086811344461e-07,0.00013226403982257592,0.0008612551168,0.00011954083101349039,0.0011134051963172008,0.00207763348,0.003191038676317201,207763348.0,411.0,288.0,500.0,999.0,388992.0,364296.0,4844,10,0.0002502358460200219,1000,0.001045841784989858,,NN2,8,8,T,,,1000
MAX,RRM,-1,"[1000, 784, 1000, 500, 10]",0.0002521991999402863,0.00023011673853700842,2.0122461403277925e-05,1.208719393096626e-05,8.035267472311667e-06,1.96e-06,3.45302233444558e-07,0.00013226525362440604,0.0008612589056000001,0.00011954242077169571,0.0011134118822295465,0.00207763348,0.0031910453622295467,207763348.0,411.0,288.0,500.0,999.0,388992.0,332864.0,4884,4,0.00022645331501079799,1000,0.0010417849898580122,,NN2,8,8,T,,,
F200,RRM,-1,"[200, 200, 200, 200, 10]",0.0003645852722740248,0.0003504602262311308,1.2165046042893957e-05,7.418448183721583e-06,4.746597859172373e-06,1.96e-06,2.0891146646173545e-07,1.958286909245853e-05,0.00021474489344000002,0.00017281341905788774,0.00040735009305680804,0.00207763348,0.0024849835730568082,207763348.0,100.0,77.0,399.0,200.0,388992.0,288576.0,3220,2,0.00010780498868243025,810,0.0,,NN2,8,8,T,,,
BESTFIX,RRM,-1,"[1000, 784, 1000, 500, 10]",0.0002521991999402863,0.00023011673853700842,2.0122461403277925e-05,1.208719393096626e-05,8.035267472311667e-06,1.96e-06,3.45302233444558e-07,0.00013226525362440604,0.0008612589056000001,0.00011954242077169571,0.0011134118822295465,0.00207763348,0.0031910453622295467,207763348.0,411.0,288.0,500.0,999.0,388992.0,332864.0,4884,4,0.00022645331501079799,1000,0.0010417849898580122,,NN2,8,8,T,,,1000
MAX,ORRM,-1,"[1000, 784, 1000, 500, 10]",0.0002521991999402863,0.00023011673853700842,2.0122461403277932e-05,1.2087193930966261e-05,8.035267472311669e-06,1.96e-06,3.4530223344455815e-07,0.00013226832006205314,0.0008612998246400001,0.00011954242077169571,0.0011134558677071936,0.00207763348,0.0031910893477071936,207763348.0,411.0,288.0,500.0,999.0,388992.0,320248.0,4884,4,0.00022645331501079799,1000,0.0009541582150101419,,NN2,8,8,T,,,
F200,ORRM,-1,"[200, 200, 200, 200, 10]",0.0003645852722740248,0.0003504602262311308,1.2165046042893957e-05,7.418448183721583e-06,4.746597859172373e-06,1.96e-06,2.0891146646173545e-07,1.958286909245853e-05,0.00021474489344000002,0.00017281341905788774,0.00040735009305680804,0.00207763348,0.0024849835730568082,207763348.0,100.0,77.0,399.0,200.0,388992.0,288576.0,3220,2,0.00010780498868243025,810,0.0,,NN2,8,8,T,,,
BESTFIX,ORRM,-1,"[1000, 784, 1000, 500, 10]",0.0002521991999402863,0.00023011673853700842,2.0122461403277932e-05,1.2087193930966261e-05,8.035267472311669e-06,1.96e-06,3.4530223344455815e-07,0.00013226832006205314,0.0008612998246400001,0.00011954242077169571,0.0011134558677071936,0.00207763348,0.0031910893477071936,207763348.0,411.0,288.0,500.0,999.0,388992.0,320248.0,4884,4,0.00022645331501079799,1000,0.0009541582150101419,,NN2,8,8,T,,,1000
RI,FM,-1,"[1000, 57, 66, 47, 9]",0.0018130569752773371,0.0011254621082014186,0.0006836748670759186,1.4800507582678492e-05,0.00066887435949324,3.92e-06,1.0657115852018203e-05,0.002607058907806627,0.00029608787968,0.0008593890062814578,0.003773192909620103,0.00322456468,0.006997757589620103,322456468.0,148.0,25.0,500.0,999.0,24424448.0,1120960.0,4018,10,0.0018091369752773372,1000,0.00907048700885856,"[3320.842998731218, 57.07892173998906, 66.43845842665108, 46.98190193247537, 9.14840250732533]",NN2,16,8,R,,,
CS,FM,-1,"[750, 72, 72, 56, 5]",0.0016804774496609219,0.0009420492794503944,0.0007345081702105276,1.3801306186381386e-05,0.0007207068640241462,3.92e-06,1.2551220456760635e-05,0.002535647634341546,0.00034960546816000004,0.000796546311139277,0.003694350634097584,0.00323003732,0.006924387954097584,323003732.0,119.0,26.0,500.0,749.0,28796800.0,1039192.0,2990,10,0.001676557449660922,750,0.007880761433159302,,NN2,16,8,R,2,6579,
CS,RRM,-1,"[1000, 72, 72, 56, 5]",0.001686181620110977,0.0009420492794503944,0.0007402123406605826,1.4192206832807528e-05,0.0007260201338277751,3.92e-06,1.2648109961306074e-05,0.0033083857597901857,0.00035213258752000005,0.0007992500879326031,0.004472416545204095,0.00323003732,0.007702453865204096,323003732.0,150.0,26.0,500.0,999.0,29003264.0,764160.0,4522,2,0.0007846004997804171,1000,0.0006458905215565962,,NN2,16,8,R,2,6579,
CS,ORRM,64,"[750, 72, 72, 56, 5]",0.0016830750229751444,0.0009420492794503944,0.0007371057435247499,1.3806928415877236e-05,0.0007232988151088726,3.92e-06,1.2594405981930589e-05,0.00253938178868534,0.00035081654272,0.0007977775608902184,0.003700570298277489,0.00323003732,0.006930607618277488,323003732.0,119.0,26.0,500.0,750.0,28895744.0,764160.0,3298,2,0.001142689958405376,827,0.00441358523063674,,NN2,16,8,R,,,
CS_Er,ORRM,-1,"[988, 72, 72, 56, 5]",0.0016832354169263647,0.0009420492794503944,0.0007372661374759703,1.417548445387195e-05,0.0007230906530220983,3.92e-06,1.2598453866013573e-05,0.003270414376896709,0.00035073977344,0.0007978535876230968,0.004431606191825819,0.00323003732,0.007661643511825819,323003732.0,149.0,26.0,500.0,988.0,28889472.0,852080.0,4214,4,0.0012119599857035813,1000,0.004633367421999749,,NN2,16,8,R,,,
CSE,FM,-1,"[79, 32, 40, 28, 5]",0.002191411776837931,0.0018088951204081097,0.00037859665642982134,1.2777613815637437e-05,0.0003658190426141839,3.92e-06,6.209251727486175e-06,0.0001704706135699808,0.0001717623808,0.0010387291822211793,0.0013871714283186462,0.00321194324,0.004599114668318647,321194324.0,23.0,14.0,78.0,78.0,14267136.0,1534968.0,338,10,0.0021874917768379314,79,0.01986164208993264,,NN2,16,8,R,,,
BESTFIXE,FM,-1,"[40, 40, 40, 40, 10]",0.002329614081415943,0.0018734379166495596,0.0004522561647663833,1.2485348620211119e-05,0.0004397708161461722,3.92e-06,7.616065210304375e-06,0.00015500604140147574,0.00021135026176,0.001104237074591157,0.001478209442962937,0.00321618324,0.0046943926829629366,321618324.0,20.0,17.0,39.0,39.0,17501440.0,1510672.0,140,10,0.0023256940814159435,40,0.02503666764447052,,NN2,16,8,R,,,40
MAX,FM,-1,"[1000, 784, 1000, 500, 10]",0.008431382671454093,0.00041564944632402367,0.008011813225130069,1.8218045918820257e-05,0.00799359517921125,3.92e-06,0.00013741354150466383,0.06518400592998015,0.00386098690048,0.00399647538626924,0.07317888175823406,0.00358876564,0.07676764739823407,358876564.0,411.0,288.0,500.0,999.0,315674368.0,700344.0,4844,10,0.008427462671454094,1000,0.001045841784989858,,NN2,16,8,R,,,
F200,FM,-1,"[200, 200, 200, 200, 10]",0.0027871575932443804,0.0006288101294401022,0.002154427463804278,1.3451030307828725e-05,0.0021409764334964494,3.92e-06,3.689005451314405e-05,0.00376131902567312,0.00103472429056,0.0013211126991978363,0.0061540460699441,0.00330025364,0.0094542997099441,330025364.0,100.0,77.0,199.0,199.0,84770560.0,833376.0,780,10,0.0027832375932443803,200,0.005007555152614083,,NN2,16,8,R,,,
BESTFIX,FM,-1,"[72, 72, 72, 72, 10]",0.001954401714271878,0.001157606825705641,0.0007928748885662369,1.2666057800544448e-05,0.0007802088307656925,3.92e-06,1.3472700322127667e-05,0.000494015445726477,0.00037608773632000003,0.00092638641256487,0.0018099622949334748,0.0032329973199999996,0.0050429596149334744,323299732.0,36.0,29.0,71.0,71.0,30960384.0,1124392.0,268,10,0.0019504817142718782,72,0.013891189821410821,,NN2,16,8,R,,,72
MAX,RRM,-1,"[1000, 784, 1000, 500, 10]",0.008431437790080234,0.00041564944632402367,0.00801186834375621,1.8221311578025066e-05,0.007993647032178185,3.92e-06,0.00013741419152756213,0.06518429107319378,0.0038610025676800003,0.0039965015124980305,0.07317920934489937,0.00358876564,0.07676797498489937,358876564.0,411.0,288.0,500.0,999.0,315675648.0,696336.0,4884,4,0.008347842101229177,1000,0.0010417849898580122,,NN2,16,8,R,,,
F200,RRM,-1,"[200, 200, 200, 200, 10]",0.00279812576371829,0.0006288101294401022,0.0021653956342781873,1.3552565830780408e-05,0.002151843068447407,3.92e-06,3.707770334881467e-05,0.0037993666725959887,0.00103991640064,0.0013263116120024693,0.006202672388587273,0.00330025364,0.009502926028587273,330025364.0,100.0,77.0,399.0,200.0,85194752.0,481088.0,3220,2,0.0011686261438593952,810,0.0,,NN2,16,8,R,,,
BESTFIX,RRM,-1,"[72, 72, 72, 72, 10]",0.0019654026809332635,0.001157606825705641,0.0008038758552276226,1.2679755916992728e-05,0.0007911960993106298,3.92e-06,1.3659577722811111e-05,0.0005078367826240607,0.0003813425152,0.0009316008707623669,0.0018344397463092386,0.0032329973199999996,0.005067437066309239,323299732.0,36.0,29.0,143.0,72.0,31389696.0,650992.0,1172,2,0.0007153896538033891,298,0.0,,NN2,16,8,R,,,72
MAX,ORRM,-1,"[1000, 784, 1000, 500, 10]",0.008432162495962592,0.00041564944632402367,0.008012593049638568,1.8221311578025083e-05,0.007994371738060543,3.92e-06,0.00013742665646873873,0.06519060816189026,0.0038613409791999997,0.003996845023086269,0.07318622082064527,0.00358876564,0.07677498646064528,358876564.0,411.0,288.0,500.0,999.0,315703296.0,689928.0,4884,4,0.008348566807111536,1000,0.0009541582150101419,,NN2,16,8,R,,,
F200,ORRM,-1,"[200, 200, 200, 200, 10]",0.00279812576371829,0.0006288101294401022,0.0021653956342781873,1.3552565830780408e-05,0.002151843068447407,3.92e-06,3.707770334881467e-05,0.0037993666725959887,0.00103991640064,0.0013263116120024693,0.006202672388587273,0.00330025364,0.009502926028587273,330025364.0,100.0,77.0,399.0,200.0,85194752.0,481088.0,3220,2,0.0011686261438593952,810,0.0,,NN2,16,8,R,,,
BESTFIX,ORRM,-1,"[72, 72, 72, 72, 10]",0.0019654026809332635,0.001157606825705641,0.0008038758552276226,1.2679755916992728e-05,0.0007911960993106298,3.92e-06,1.3659577722811111e-05,0.0005078367826240607,0.0003813425152,0.0009316008707623669,0.0018344397463092386,0.0032329973199999996,0.005067437066309239,323299732.0,36.0,29.0,143.0,72.0,31389696.0,650992.0,1172,2,0.0007153896538033891,298,0.0,,NN2,16,8,R,,,72
RI,FM,-1,"[1000, 784, 1000, 500, 10]",0.00023469976662518548,0.00023011673853700842,2.6230280881770785e-06,1.5620176035405998e-06,1.0610104846364786e-06,1.96e-06,3.46151147754406e-07,0.00013250090757001238,0.0008612551168,0.0001112476893803379,0.0011053498648981046,0.00207763348,0.0031829833448981043,207763348.0,53.0,38.0,500.0,999.0,388992.0,364296.0,4844,10,0.00023273976662518552,1000,0.001045841784989858,"[7981.412406335072, 5313.061585132193, 4420.574042611714, 3185.9639113531157, 608.4092190111667]",NN2,8,64,T,,,
CS,FM,-1,"[750, 784, 1000, 500, 10]",0.0002346386052522105,0.00023011673853700842,2.5618667152021e-06,1.502012450446243e-06,1.059854264755857e-06,1.96e-06,3.3759497709883715e-07,0.00012306746421197217,0.00082409039872,0.00011121869888954777,0.0010587141567986189,0.00207763348,0.003136347636798619,207763348.0,49.0,38.0,500.0,999.0,388992.0,364296.0,3980,10,0.00023267860525221054,1000,0.0011334685598377281,,NN2,8,64,T,2,6579,
CS,RRM,-1,"[750, 784, 1000, 500, 10]",0.00023463833164292578,0.00023011673853700842,2.5615931059173727e-06,1.5018977110687768e-06,1.059695394848596e-06,1.96e-06,3.3765604227813535e-07,0.00012307575893693212,0.0008242169446400001,0.00011121856919874682,0.0010588489288179573,0.00207763348,0.0031364824088179573,207763348.0,49.0,38.0,500.0,999.0,388992.0,332864.0,4884,4,0.00020892038917818162,1000,0.0009541582150101419,,NN2,8,64,T,2,6579,
CS,ORRM,128,"[768, 784, 1000, 500, 10]",0.00023463700772703193,0.00023011673853700842,2.5602691900235315e-06,1.5008474044596627e-06,1.0594217855638689e-06,1.96e-06,3.391700389897914e-07,0.00012414675248502492,0.0008268831232,0.00011121794166261312,0.0010625869873866279,0.00207763348,0.0031402204673866277,207763348.0,49.0,38.0,500.0,999.0,388992.0,364296.0,4844,10,0.000232677007727032,1000,0.0009582150101419878,,NN2,8,64,T,,,
CS_Er,ORRM,-1,"[750, 784, 1000, 500, 10]",0.0002346383934256675,0.00023011673853700842,2.5616548886590855e-06,1.5017829716913105e-06,1.059871916967775e-06,1.96e-06,3.376649990104625e-07,0.00012308141615254714,0.0008242169446400001,0.00011121859848376639,0.001058854624275324,0.00207763348,0.0031364881042753243,207763348.0,49.0,38.0,500.0,999.0,388992.0,332864.0,4884,4,0.00020892045096092336,1000,0.0009541582150101419,,NN2,8,64,T,,,
CSE,FM,-1,"[250, 131, 125, 84, 10]",0.00040059569537418115,0.0003968979917735043,1.7377036006768152e-06,1.034983098803718e-06,7.027205018730972e-07,1.96e-06,1.933605799084276e-07,1.2619735867169886e-05,0.00014819045376,0.00018988235960736187,0.0003508859098144402,0.00207763348,0.0024285193898144404,207763348.0,11.0,8.0,249.0,249.0,388992.0,641224.0,980,10,0.00039863569537418114,250,0.005913950456323338,,NN2,8,64,T,,,
BESTFIXE,FM,-1,"[131, 131, 131, 131, 10]",0.000443661613270228,0.00043964538259862743,2.056230671600543e-06,1.2530714629251945e-06,8.031592086753484e-07,1.96e-06,1.9631735137546151e-07,1.2036515749266297e-05,0.00014076857344,0.00021029560469008806,0.00036329701123072983,0.00207763348,0.0024409304912307297,207763348.0,12.0,10.0,130.0,130.0,388992.0,687680.0,504,10,0.00044170161327022797,131,0.007637797446714644,,NN2,8,64,T,,,131
MAX,FM,-1,"[1000, 784, 1000, 500, 10]",0.00023469976662518548,0.00023011673853700842,2.6230280881770785e-06,1.5620176035405998e-06,1.0610104846364786e-06,1.96e-06,3.46151147754406e-07,0.00013250090757001238,0.0008612551168,0.0001112476893803379,0.0011053498648981046,0.00207763348,0.0031829833448981043,207763348.0,53.0,38.0,500.0,999.0,388992.0,364296.0,4844,10,0.00023273976662518552,1000,0.001045841784989858,,NN2,8,64,T,,,
F200,FM,-1,"[200, 200, 200, 200, 10]",0.0003543383835484291,0.0003504602262311308,1.9181573172982536e-06,1.1642894435990115e-06,7.538678736992423e-07,1.96e-06,2.085295337300847e-07,1.9375876431028178e-05,0.00021368251391999999,0.0001679563938019554,0.0004012233136867137,0.00207763348,0.0024788567936867138,207763348.0,16.0,13.0,199.0,199.0,388992.0,557888.0,780,10,0.000352378383548429,200,0.005007555152614083,,NN2,8,64,T,,,
BESTFIX,FM,-1,"[1000, 784, 1000, 500, 10]",0.00023469976662518548,0.00023011673853700842,2.6230280881770785e-06,1.5620176035405998e-06,1.0610104846364786e-06,1.96e-06,3.46151147754406e-07,0.00013250090757001238,0.0008612551168,0.0001112476893803379,0.0011053498648981046,0.00207763348,0.0031829833448981043,207763348.0,53.0,38.0,500.0,999.0,388992.0,364296.0,4844,10,0.00023273976662518552,1000,0.001045841784989858,,NN2,8,64,T,,,1000
MAX,RRM,-1,"[1000, 784, 1000, 500, 10]",0.00023469954597253652,0.00023011673853700842,2.6228074355281044e-06,1.5619028641631333e-06,1.0609045713649713e-06,1.96e-06,3.462194997667839e-07,0.00013249568229612538,0.0008612589056000001,0.00011124758479098231,0.0011053483921868745,0.00207763348,0.0031829818721868745,207763348.0,53.0,38.0,500.0,999.0,388992.0,332864.0,4884,4,0.00020898160350779236,1000,0.0010417849898580122,,NN2,8,64,T,,,
F200,RRM,-1,"[200, 200, 200, 200, 10]",0.000354367633263577,0.0003504602262311308,1.9474070324461914e-06,1.1760811211601596e-06,7.713259112860317e-07,1.96e-06,2.1207435030982665e-07,1.983261843085029e-05,0.00021474489344000002,0.0001679702581669355,0.0004027598443880956,0.00207763348,0.0024803933243880954,207763348.0,16.0,13.0,399.0,200.0,388992.0,288576.0,3220,2,0.00010548176934668409,810,0.0,,NN2,8,64,T,,,
BESTFIX,RRM,-1,"[1000, 784, 1000, 500, 10]",0.00023469954597253652,0.00023011673853700842,2.6228074355281044e-06,1.5619028641631333e-06,1.0609045713649713e-06,1.96e-06,3.462194997667839e-07,0.00013249568229612538,0.0008612589056000001,0.00011124758479098231,0.0011053483921868745,0.00207763348,0.0031829818721868745,207763348.0,53.0,38.0,500.0,999.0,388992.0,332864.0,4884,4,0.00020898160350779236,1000,0.0010417849898580122,,NN2,8,64,T,,,1000
MAX,ORRM,-1,"[1000, 784, 1000, 500, 10]",0.00023469954597253652,0.00023011673853700842,2.6228074355281044e-06,1.5617881247856668e-06,1.0610193107424376e-06,1.96e-06,3.4621995519385136e-07,0.00013250115271733982,0.0008612998246400001,0.00011124758479098231,0.001105394782103516,0.00207763348,0.003183028262103516,207763348.0,53.0,38.0,500.0,999.0,388992.0,320248.0,4884,4,0.00020898160350779236,1000,0.0009541582150101419,,NN2,8,64,T,,,
F200,ORRM,-1,"[200, 200, 200, 200, 10]",0.000354367633263577,0.0003504602262311308,1.9474070324461914e-06,1.1760811211601596e-06,7.713259112860317e-07,1.96e-06,2.1207435030982665e-07,1.983261843085029e-05,0.00021474489344000002,0.0001679702581669355,0.0004027598443880956,0.00207763348,0.0024803933243880954,207763348.0,16.0,13.0,399.0,200.0,388992.0,288576.0,3220,2,0.00010548176934668409,810,0.0,,NN2,8,64,T,,,
BESTFIX,ORRM,-1,"[1000, 784, 1000, 500, 10]",0.00023469954597253652,0.00023011673853700842,2.6228074355281044e-06,1.5617881247856668e-06,1.0610193107424376e-06,1.96e-06,3.4621995519385136e-07,0.00013250115271733982,0.0008612998246400001,0.00011124758479098231,0.001105394782103516,0.00207763348,0.003183028262103516,207763348.0,53.0,38.0,500.0,999.0,388992.0,320248.0,4884,4,0.00020898160350779236,1000,0.0009541582150101419,,NN2,8,64,T,,,1000
RI,FM,-1,"[1000, 161, 188, 133, 10]",0.0008823002853861864,0.0006091910025595435,0.0002691892828266429,2.032640957176879e-06,0.000267156641869466,3.92e-06,2.9496669345899792e-05,0.008266080910055106,0.00082562200576,0.00041821033527305234,0.00953940992043406,0.0032786683599999996,0.012818078280434058,327866836.0,25.0,10.0,500.0,999.0,67687040.0,829744.0,4088,10,0.0008783802853861864,1000,0.0035510123516773835,"[9392.762414634853, 161.44357050065005, 187.91633794026203, 132.88488579797877, 25.875589799815017]",NN2,16,64,R,,,
CS,FM,-1,"[750, 157, 250, 125, 10]",0.0008524899637173183,0.0005849165974954729,0.0002636533662218453,1.9041149388205406e-06,0.00026174925128302475,3.92e-06,3.142446128417503e-05,0.0068041474385949026,0.0008802080972800002,0.0004040802428020089,0.008119860239961087,0.0032842056399999997,0.011404065879961086,328420564.0,21.0,10.0,500.0,749.0,72146688.0,816928.0,3352,10,0.0008485699637173183,750,0.002917186108637578,,NN2,16,64,R,2,6579,
CS,RRM,-1,"[1000, 157, 250, 125, 10]",0.000853126794564124,0.0005849165974954729,0.00026429019706865104,1.964490788365173e-06,0.0002623257062802859,3.92e-06,3.1499888774209425e-05,0.008488786422357765,0.00088228243456,0.00040438210062339477,0.00980695084631537,0.0032842056399999997,0.01309115648631537,328420564.0,25.0,10.0,500.0,999.0,72316160.0,618528.0,5520,2,0.00040581129398702034,1000,0.0005592163846838825,,NN2,16,64,R,2,6579,
CS,ORRM,64,"[1000, 157, 250, 125, 10]",0.0008528342687518914,0.0005849165974954729,0.00026399767125641853,1.960148344233373e-06,0.00026203752291218514,3.92e-06,3.147175767448628e-05,0.008484012040542952,0.0008814191718400001,0.0004042434433883965,0.009801146413445833,0.0032842056399999997,0.013085352053445833,328420564.0,25.0,10.0,500.0,999.0,72245632.0,643648.0,4968,4,0.0005967270808457609,1000,0.0015405164737310774,,NN2,16,64,R,,,
CS_Er,ORRM,-1,"[752, 157, 250, 125, 10]",0.0008528345896274596,0.0005849165974954729,0.0002639979921319866,1.909234080276727e-06,0.0002620887580517099,3.92e-06,3.1467673608114236e-05,0.006831629357216891,0.00088144423936,0.0004042435954834158,0.008148784865668422,0.0032842056399999997,0.01143299050566842,328420564.0,21.0,10.0,500.0,752.0,72247680.0,618528.0,4228,4,0.0005319715673687254,1000,0.0015120213713268032,,NN2,16,64,R,,,
CSE,FM,-1,"[79, 35, 40, 39, 5]",0.0017740338338469767,0.0016709886768026011,9.912515704437572e-05,2.6175624268785066e-06,9.650759461749721e-05,3.92e-06,7.100618099708083e-06,0.0001971924393015465,0.00019556555776000003,0.0008408920372434669,0.0012407506524047215,0.00321442324,0.004455173892404721,321442324.0,5.0,4.0,78.0,78.0,16211840.0,1433480.0,326,10,0.0017701138338469767,79,0.019854818123803446,,NN2,16,64,R,,,
BESTFIXE,FM,-1,"[50, 50, 50, 50, 10]",0.0016495424796934461,0.0015475696080952046,9.805287159824178e-05,2.0111416814738353e-06,9.604172991676795e-05,3.92e-06,9.449053562424011e-06,0.00024048054105196473,0.00026284834815999995,0.0007818831353746935,0.0012946610781490822,0.0032214376399999998,0.0045160987181490815,322143764.0,4.0,4.0,49.0,49.0,21708800.0,1330008.0,180,10,0.0016456224796934467,50,0.02,,NN2,16,64,R,,,50
MAX,FM,-1,"[1000, 784, 1000, 500, 10]",0.001470803062647495,0.00041564944632402367,0.0010512336163234714,2.351429368246482e-06,0.0010488821869552249,3.92e-06,0.0001374182679712838,0.06518605086022179,0.00386098690048,0.0006971606516949126,0.06988161668036798,0.00358876564,0.07347038232036798,358876564.0,53.0,38.0,500.0,999.0,315674368.0,700344.0,4844,10,0.001466883062647495,1000,0.001045841784989858,,NN2,16,64,R,,,
F200,FM,-1,"[200, 200, 200, 200, 10]",0.0009862471102868122,0.0006288101294401022,0.00035351698084671007,2.134877678893129e-06,0.0003513821031678169,3.92e-06,3.689869435725949e-05,0.003762062087638087,0.00103472429056,0.000467481130275949,0.0053011662028312955,0.00330025364,0.008601419842831295,330025364.0,16.0,13.0,199.0,199.0,84770560.0,833376.0,780,10,0.0009823271102868123,200,0.005007555152614083,,NN2,16,64,R,,,
BESTFIX,FM,-1,"[250, 250, 250, 250, 10]",0.0009273832851681679,0.0005699892429213813,0.00035347404224678663,1.7769377906961297e-06,0.0003516971044560905,3.92e-06,4.604179107838686e-05,0.0058688277049100965,0.00129199538176,0.0004395796771697116,0.007646444554918195,0.00332652564,0.010972970194918195,332652564.0,16.0,13.0,249.0,249.0,105789440.0,797880.0,980,10,0.0009234632851681679,250,0.004,,NN2,16,64,R,,,250
MAX,RRM,-1,"[1000, 784, 1000, 500, 10]",0.001470828724347787,0.00041564944632402367,0.0010512592780237634,2.351314628869016e-06,0.0010489079633948944,3.92e-06,0.0001374202283232962,0.06518686380594083,0.0038610025676800003,0.0006971728153408511,0.06988245941728496,0.00358876564,0.07347122505728497,358876564.0,53.0,38.0,500.0,999.0,315675648.0,696336.0,4884,4,0.0014001892132555918,1000,0.0010417849898580122,,NN2,16,64,R,,,
F200,RRM,-1,"[200, 200, 200, 200, 10]",0.0009879845952960778,0.0006288101294401022,0.0003552544658559756,2.146669356454277e-06,0.0003531077964995213,3.92e-06,3.708153399736865e-05,0.003799620169802615,0.00103991640064,0.00046830469817034083,0.005344922802610325,0.00330025364,0.008645176442610324,330025364.0,16.0,13.0,399.0,200.0,85194752.0,481088.0,3220,2,0.0003506282467972336,810,0.0,,NN2,16,64,R,,,
BESTFIX,RRM,-1,"[250, 250, 250, 250, 10]",0.0009288207732692901,0.0005699892429213813,0.00035491153034790873,1.7966729636203267e-06,0.0003531148573842884,3.92e-06,4.622914435933006e-05,0.005916291160001964,0.00129717182464,0.0004402610465296435,0.007699953175530938,0.00332652564,0.011026478815530937,332652564.0,16.0,13.0,499.0,250.0,106212352.0,481088.0,4020,2,0.0003510798150198205,1000,0.0,,NN2,16,64,R,,,250
MAX,ORRM,-1,"[1000, 784, 1000, 500, 10]",0.0014708804890536695,0.00041564944632402367,0.0010513110427296456,2.3511998894915497e-06,0.0010489598428401541,3.92e-06,0.0001374300226610762,0.06519186950044675,0.0038613409791999997,0.0006971973518114392,0.06988783785411927,0.00358876564,0.07347660349411927,358876564.0,53.0,38.0,500.0,999.0,315703296.0,689928.0,4884,4,0.0014002409779614743,1000,0.0009541582150101419,,NN2,16,64,R,,,
F200,ORRM,-1,"[200, 200, 200, 200, 10]",0.0009879845952960778,0.0006288101294401022,0.0003552544658559756,2.146669356454277e-06,0.0003531077964995213,3.92e-06,3.708153399736865e-05,0.003799620169802615,0.00103991640064,0.00046830469817034083,0.005344922802610325,0.00330025364,0.008645176442610324,330025364.0,16.0,13.0,399.0,200.0,85194752.0,481088.0,3220,2,0.0003506282467972336,810,0.0,,NN2,16,64,R,,,
BESTFIX,ORRM,-1,"[250, 250, 250, 250, 10]",0.0009288202613551445,0.0005699892429213813,0.00035491101843376316,1.7963905282296404e-06,0.0003531146279055335,3.92e-06,4.622907756336016e-05,0.005916067809986746,0.0012971248230399998,0.00044026080388233845,0.007699682514472445,0.00332652564,0.011026208154472444,332652564.0,16.0,13.0,497.0,250.0,106208512.0,619888.0,3988,4,0.0005434588596363241,1000,3.631961259079903e-05,,NN2,16,64,R,,,250
RI,FM,-1,"[1000, 784, 1000, 500, 10]",0.00044339155266921547,0.0004094912687156137,2.9980283953601756e-05,1.8218045918820257e-05,1.1762238034781497e-05,3.92e-06,5.144313870167986e-07,0.00019675233086492876,0.0017225102336,0.00021016759596520813,0.002129944591817154,0.00403307108,0.006163015671817153,403307108.0,411.0,288.0,500.0,999.0,777984.0,657096.0,4844,10,0.0004394715526692155,1000,0.001045841784989858,"[3691.4853379093793, 2468.7816458356087, 2074.0554154151873, 1562.2008008646599, 295.65858688697]",NN2,16,8,T,,,
CS,FM,-1,"[750, 784, 1000, 500, 10]",0.00044291009617565053,0.0004094912687156137,2.9498827460036872e-05,1.775300598233901e-05,1.1745821477697862e-05,3.92e-06,5.058632415526121e-07,0.00018453114378102182,0.00164818079744,0.00020993938558725835,0.002043157190049833,0.00403307108,0.006076228270049833,403307108.0,380.0,288.0,500.0,999.0,777984.0,657096.0,3980,10,0.00043899009617565056,1000,0.0011334685598377281,,NN2,16,8,T,2,6579,
CS,RRM,-1,"[750, 784, 1000, 500, 10]",0.000442913450095915,0.0004094912687156137,2.9502181380301268e-05,1.7756271641543824e-05,1.1745909738757444e-05,3.92e-06,5.05956793862724e-07,0.0001845581493086639,0.0016484338892800003,0.0002099409753454637,0.0020434389707279905,0.00403307108,0.00607651005072799,403307108.0,380.0,288.0,500.0,999.0,777984.0,594240.0,4884,4,0.0003956500161468188,1000,0.0009541582150101419,,NN2,16,8,T,2,6579,
CS,ORRM,32,"[750, 784, 1000, 500, 10]",0.00044290799556243233,0.0004094912687156137,2.9496726846818644e-05,1.7750852412485033e-05,1.174587443433361e-05,3.92e-06,5.058633933616348e-07,0.00018455665242945904,0.00164842631168,0.0002099383898965929,0.0020434272173994136,0.00403307108,0.006076498297399414,403307108.0,380.0,288.0,500.0,999.0,777984.0,594240.0,4844,8,0.00039564459691776,1000,0.0009582150101419878,,NN2,16,8,T,,,
CS_Er,ORRM,-1,"[750, 784, 1000, 500, 10]",0.00044291345009591504,0.0004094912687156137,2.9502181380301288e-05,1.7756271641543827e-05,1.1745909738757461e-05,3.92e-06,5.059567938627243e-07,0.000184558149308664,0.0016484338892800003,0.00020994097534546372,0.002043438970727991,0.00403307108,0.006076510050727991,403307108.0,380.0,288.0,500.0,999.0,777984.0,594240.0,4884,4,0.0003956500161468188,1000,0.0009541582150101419,,NN2,16,8,T,,,
CSE,FM,-1,"[167, 79, 112, 100, 5]",0.0009173575066967156,0.0008923932443564864,2.1044262340229107e-05,1.3053167968935753e-05,7.991094371293356e-06,3.92e-06,3.574419980234357e-07,1.729566886742485e-05,0.00022137517056,0.00043482745817424316,0.0006738557395996915,0.00403307108,0.004706926819599691,403307108.0,58.0,38.0,166.0,166.0,777984.0,1051480.0,790,10,0.0009134375066967154,167,0.007836584544441853,,NN2,16,8,T,,,
BESTFIXE,FM,-1,"[116, 116, 116, 116, 10]",0.0009118835839627736,0.0008864047569798354,2.155882698293819e-05,1.3336124714432001e-05,8.22270226850619e-06,3.92e-06,3.589464206538692e-07,1.9592186092203897e-05,0.00024983246848000004,0.00043223281879835464,0.0007020164197912124,0.00403307108,0.0047350874997912126,403307108.0,60.0,47.0,115.0,115.0,777984.0,1033520.0,444,10,0.0009079635839627736,116,0.008638558961921937,,NN2,16,8,T,,,116
MAX,FM,-1,"[1000, 784, 1000, 500, 10]",0.00044339155266921547,0.0004094912687156137,2.9980283953601756e-05,1.8218045918820257e-05,1.1762238034781497e-05,3.92e-06,5.144313870167986e-07,0.00019675233086492876,0.0017225102336,0.00021016759596520813,0.002129944591817154,0.00403307108,0.006163015671817153,403307108.0,411.0,288.0,500.0,999.0,777984.0,657096.0,4844,10,0.0004394715526692155,1000,0.001045841784989858,,NN2,16,8,T,,,
F200,FM,-1,"[200, 200, 200, 200, 10]",0.000679308513220448,0.0006535634023573462,2.1825110863101714e-05,1.3451030307828725e-05,8.374080555272988e-06,3.92e-06,3.748996896146419e-07,3.507485437900137e-05,0.00042736502783999997,0.0003219922352664923,0.0007848070171751083,0.00403307108,0.004817878097175108,403307108.0,100.0,77.0,199.0,199.0,777984.0,851648.0,780,10,0.000675388513220448,200,0.005007555152614083,,NN2,16,8,T,,,
BESTFIX,FM,-1,"[1000, 784, 1000, 500, 10]",0.00044339155266921547,0.0004094912687156137,2.9980283953601756e-05,1.8218045918820257e-05,1.1762238034781497e-05,3.92e-06,5.144313870167986e-07,0.00019675233086492876,0.0017225102336,0.00021016759596520813,0.002129944591817154,0.00403307108,0.006163015671817153,403307108.0,411.0,288.0,500.0,999.0,777984.0,657096.0,4844,10,0.0004394715526692155,1000,0.001045841784989858,,NN2,16,8,T,,,1000
MAX,RRM,-1,"[1000, 784, 1000, 500, 10]",0.00044339490658947987,0.0004094912687156137,2.9983637873866148e-05,1.8221311578025066e-05,1.1762326295841082e-05,3.92e-06,5.145249393269104e-07,0.00019675382859617063,0.0017225178112000002,0.00021016918572341344,0.0021299553504589112,0.00403307108,0.006163026430458911,403307108.0,411.0,288.0,500.0,999.0,777984.0,594240.0,4884,4,0.0003961314726403837,1000,0.0010417849898580122,,NN2,16,8,T,,,
F200,RRM,-1,"[200, 200, 200, 200, 10]",0.0006795096248708285,0.0006535634023573462,2.202622251348219e-05,1.3552565830780408e-05,8.473656682701784e-06,3.92e-06,3.783567605793825e-07,3.5601172751282057e-05,0.00042948978688000004,0.0003220875621887727,0.0007875568785806342,0.00403307108,0.004820627958580634,403307108.0,100.0,77.0,399.0,200.0,777984.0,449088.0,3220,2,0.00020854586642624033,810,0.0,,NN2,16,8,T,,,
BESTFIX,RRM,-1,"[1000, 784, 1000, 500, 10]",0.00044339490658947987,0.0004094912687156137,2.9983637873866148e-05,1.8221311578025066e-05,1.1762326295841082e-05,3.92e-06,5.145249393269104e-07,0.00019675382859617063,0.0017225178112000002,0.00021016918572341344,0.0021299553504589112,0.00403307108,0.006163026430458911,403307108.0,411.0,288.0,500.0,999.0,777984.0,594240.0,4884,4,0.0003961314726403837,1000,0.0010417849898580122,,NN2,16,8,T,,,1000
MAX,ORRM,-1,"[1000, 784, 1000, 500, 10]",0.00044339490658947987,0.0004094912687156137,2.9983637873866175e-05,1.8221311578025083e-05,1.1762326295841092e-05,3.92e-06,5.145249393269108e-07,0.00019675996147146488,0.0017225996492800002,0.00021016918572341344,0.0021300433214142054,0.00403307108,0.006163114401414205,403307108.0,411.0,288.0,500.0,999.0,777984.0,581560.0,4884,4,0.00039613147264038373,1000,0.0009541582150101419,,NN2,16,8,T,,,
F200,ORRM,-1,"[200, 200, 200, 200, 10]",0.0006795096248708285,0.0006535634023573462,2.202622251348219e-05,1.3552565830780408e-05,8.473656682701784e-06,3.92e-06,3.783567605793825e-07,3.5601172751282057e-05,0.00042948978688000004,0.0003220875621887727,0.0007875568785806342,0.00403307108,0.004820627958580634,403307108.0,100.0,77.0,399.0,200.0,777984.0,449088.0,3220,2,0.00020854586642624033,810,0.0,,NN2,16,8,T,,,
BESTFIX,ORRM,-1,"[1000, 784, 1000, 500, 10]",0.00044339490658947987,0.0004094912687156137,2.9983637873866175e-05,1.8221311578025083e-05,1.1762326295841092e-05,3.92e-06,5.145249393269108e-07,0.00019675996147146488,0.0017225996492800002,0.00021016918572341344,0.0021300433214142054,0.00403307108,0.006163114401414205,403307108.0,411.0,288.0,500.0,999.0,777984.0,581560.0,4884,4,0.00039613147264038373,1000,0.0009541582150101419,,NN2,16,8,T,,,1000
RI,FM,-1,"[1000, 55, 64, 45, 8]",0.003429790779494763,0.0022009154264457584,0.0012210353530490046,2.6708836334847116e-05,0.0011943265167141575,7.84e-06,2.0500786902911498e-05,0.00501684455271706,0.00057005993984,0.0016257208294805175,0.00723312610894049,0.00637397172,0.01360709782894049,637397172.0,146.0,22.0,500.0,999.0,47042048.0,1805368.0,4020,10,0.0034219507794947626,1000,0.009368326030956208,"[4648.450064268726, 54.784497572840394, 63.973769644027904, 44.92767959682212, 8.43293169076251]",NN2,32,8,R,,,
CS,FM,-1,"[750, 56, 72, 48, 5]",0.003284764240153048,0.002016074080395668,0.00126085015975738,2.6032066284061245e-05,0.0012348180934733189,7.84e-06,2.152278079845318e-05,0.0039631053496511585,0.00059936073728,0.0015569782498325447,0.006140967117562157,0.00637693876,0.012517905877562158,637693876.0,116.0,23.0,500.0,749.0,49435904.0,1763504.0,3054,10,0.003276924240153048,750,0.008499696252382848,,NN2,32,8,R,2,6579,
CS,RRM,-1,"[1000, 56, 72, 48, 5]",0.0032951456584259203,0.002016074080395668,0.0012712315780302524,2.6416850439057842e-05,0.0012448147275911947,7.84e-06,2.1698170711256164e-05,0.005165299615460233,0.00060409536512,0.0015618990420938862,0.0073529921933853755,0.00637693876,0.013729930953385375,637693876.0,147.0,23.0,500.0,999.0,49822720.0,1325168.0,4490,2,0.0015407864049546832,1000,0.0005865471227768816,,NN2,32,8,R,2,6579,
CS,ORRM,32,"[750, 56, 72, 48, 5]",0.0032895372726824347,0.002016074080395668,0.0012656231922867668,2.6040345171450736e-05,0.0012395828471153162,7.84e-06,2.1604553702237264e-05,0.0039719633595990435,0.0006016575488,0.001559240667251474,0.006154466129352755,0.00637693876,0.012531404889352754,637693876.0,116.0,23.0,500.0,750.0,49623552.0,1325168.0,3342,4,0.0022415321321631737,838,0.004660954814923434,,NN2,32,8,R,,,
CS_Er,ORRM,-1,"[980, 56, 72, 48, 5]",0.0032900429794560813,0.002016074080395668,0.0012661288990604136,2.639054600090746e-05,0.001239738353059506,7.84e-06,2.161320454557621e-05,0.005069072051859415,0.00060173275136,0.0015594803722621825,0.0072518983800271735,0.00637693876,0.013628837140027173,637693876.0,145.0,23.0,500.0,980.0,49629696.0,1318632.0,4230,4,0.0022424128382516504,1000,0.00453526614575696,,NN2,32,8,R,,,
CSE,FM,-1,"[89, 32, 40, 30, 5]",0.004218799144619376,0.0034532663758425498,0.0007576927687768268,2.5741573108098437e-05,0.0007319511956687284,7.84e-06,1.2637666316806863e-05,0.00037289727974227363,0.00034985117696,0.001999710794549584,0.0027350969175686645,0.0063516306,0.009086727517568664,635163060.0,25.0,14.0,88.0,88.0,29051136.0,2167512.0,378,10,0.004210959144619377,89,0.019336670838548186,,NN2,32,8,R,,,
BESTFIXE,FM,-1,"[40, 40, 40, 40, 10]",0.00468832373544062,0.003776373453027178,0.0009041102824134422,2.4753583914328763e-05,0.0008793566984991135,7.84e-06,1.5225355327951433e-05,0.00030988766158500516,0.00042270052352,0.002222265450598854,0.0029700789910318106,0.006359470599999999,0.00932954959103181,635947060.0,20.0,17.0,39.0,39.0,35002880.0,2173328.0,140,10,0.004680483735440619,40,0.02503666764447052,,NN2,32,8,R,,,40
MAX,FM,-1,"[1000, 784, 1000, 500, 10]",0.016762173543199865,0.0007409650239521505,0.016013368519247714,3.0486281212937874e-05,0.015982882238034776,7.84e-06,0.0002746510970340758,0.1303002361111801,0.00772197380096,0.007945270259476736,0.14624213126865088,0.0071046354,0.15334676666865088,710463540.0,411.0,288.0,500.0,999.0,631348736.0,1349816.0,4844,10,0.016754333543199863,1000,0.001045841784989858,,NN2,32,8,R,,,
F200,FM,-1,"[200, 200, 200, 200, 10]",0.0055638516764220415,0.0012492595067354099,0.0043067521696866316,2.571926560194637e-05,0.004281032904084685,7.84e-06,7.374409992490875e-05,0.0075194403495272375,0.00206944858112,0.0026372656946240477,0.012299898725196193,0.006527611399999999,0.018827510125196192,652761140.0,100.0,77.0,199.0,199.0,169541120.0,1485024.0,780,10,0.005556011676422041,200,0.005007555152614083,,NN2,32,8,R,,,
BESTFIX,FM,-1,"[72, 72, 72, 72, 10]",0.0038882544575477044,0.002295384274863821,0.0015850301826838837,2.4934293094662095e-05,0.0015600958895892216,7.84e-06,2.69331673809512e-05,0.000987634280601771,0.0007521754726400001,0.0018430326128776118,0.003609775533500334,0.006393098759999999,0.010002874293500334,639309876.0,36.0,29.0,71.0,71.0,61920768.0,1780776.0,268,10,0.003880414457547704,72,0.013891189821410821,,NN2,32,8,R,,,72
MAX,RRM,-1,"[1000, 784, 1000, 500, 10]",0.0167622804265319,0.0007409650239521505,0.01601347540257975,3.0489546872142683e-05,0.015982985855707607,7.84e-06,0.00027465230352756225,0.13030080546773493,0.007722005135360001,0.00794532092217612,0.1462427838287986,0.0071046354,0.1533474192287986,710463540.0,411.0,288.0,500.0,999.0,631351296.0,1345808.0,4884,4,0.016620745718073003,1000,0.0010417849898580122,,NN2,32,8,R,,,
F200,RRM,-1,"[200, 200, 200, 200, 10]",0.00558558690571948,0.0012492595067354099,0.00432848739898407,2.5820801124898055e-05,0.004302666597859172,7.84e-06,7.411594052528526e-05,0.007595168779758343,0.00207983280128,0.0026475681933110337,0.01239668571487466,0.006527611399999999,0.018924297114874658,652761140.0,100.0,77.0,399.0,200.0,170389504.0,866112.0,3220,2,0.0023719650573726355,810,0.0,,NN2,32,8,R,,,
BESTFIX,RRM,-1,"[72, 72, 72, 72, 10]",0.00391022954185615,0.002295384274863821,0.0016070052669923285,2.4947991211110376e-05,0.0015820572757812182,7.84e-06,2.7306462428693464e-05,0.0010152547572687665,0.0007626850304,0.0018534488028398148,0.003658695052937275,0.006393098759999999,0.010051793812937275,639309876.0,36.0,29.0,143.0,72.0,62779392.0,1037808.0,1172,2,0.0014177770583832208,298,0.0,,NN2,32,8,R,,,72
MAX,ORRM,-1,"[1000, 784, 1000, 500, 10]",0.016763729838296607,0.0007409650239521505,0.016014924814344456,3.048954687214271e-05,0.015984435267472313,7.84e-06,0.00027467723340991507,0.13031343964512795,0.0077226819583999995,0.007946007943352592,0.14625680678029046,0.0071046354,0.15336144218029046,710463540.0,411.0,288.0,500.0,999.0,631406592.0,1339272.0,4884,4,0.01662219512983771,1000,0.0009541582150101419,,NN2,32,8,R,,,
F200,ORRM,-1,"[200, 200, 200, 200, 10]",0.00558558690571948,0.0012492595067354099,0.00432848739898407,2.5820801124898055e-05,0.004302666597859172,7.84e-06,7.411594052528526e-05,0.007595168779758343,0.00207983280128,0.0026475681933110337,0.01239668571487466,0.006527611399999999,0.018924297114874658,652761140.0,100.0,77.0,399.0,200.0,170389504.0,866112.0,3220,2,0.0023719650573726355,810,0.0,,NN2,32,8,R,,,
BESTFIX,ORRM,-1,"[72, 72, 72, 72, 10]",0.00391022954185615,0.002295384274863821,0.0016070052669923285,2.4947991211110376e-05,0.0015820572757812182,7.84e-06,2.7306462428693464e-05,0.0010152547572687665,0.0007626850304,0.0018534488028398148,0.003658695052937275,0.006393098759999999,0.010051793812937275,639309876.0,36.0,29.0,143.0,72.0,62779392.0,1037808.0,1172,2,0.0014177770583832208,298,0.0,,NN2,32,8,R,,,72
RI,FM,-1,"[1000, 784, 1000, 500, 10]",0.00041731547327437897,0.0004094912687156137,3.904204558765314e-06,2.351429368246482e-06,1.5527751905188322e-06,3.92e-06,5.155964418720533e-07,0.00019707823887589473,0.0017225102336,0.0001978075343320556,0.0021179116032498226,0.00403307108,0.006150982683249822,403307108.0,53.0,38.0,500.0,999.0,777984.0,657096.0,4844,10,0.000413395473274379,1000,0.001045841784989858,"[10441.097260345745, 6982.768972156979, 5866.314595187044, 4418.571119465825, 836.2487668152343]",NN2,16,64,T,,,
CS,FM,-1,"[750, 784, 1000, 500, 10]",0.00041725431190140405,0.0004094912687156137,3.843043185790336e-06,2.2914242151521255e-06,1.5516189706382104e-06,3.92e-06,5.067063888635432e-07,0.00018472614312961926,0.00164818079744,0.00019777854384126552,0.002031192190799748,0.00403307108,0.0060642632707997475,403307108.0,49.0,38.0,500.0,999.0,777984.0,657096.0,3980,10,0.000413334311901404,1000,0.0011334685598377281,,NN2,16,64,T,2,6579,
CS,RRM,-1,"[750, 784, 1000, 500, 10]",0.0004172540382921193,0.0004094912687156137,3.842769576505609e-06,2.2913094757746592e-06,1.5514601007309494e-06,3.92e-06,5.067674540428413e-07,0.00018474392109693212,0.0016484338892800003,0.00019777841415046454,0.0020314629919814396,0.00403307108,0.00606453407198144,403307108.0,49.0,38.0,500.0,999.0,777984.0,594240.0,4884,4,0.0003700314879842379,1000,0.0009541582150101419,,NN2,16,64,T,2,6579,
CS,ORRM,128,"[768, 784, 1000, 500, 10]",0.00041725271437622545,0.0004094912687156137,3.841445660611768e-06,2.2902591691655453e-06,1.5511864914462223e-06,3.92e-06,5.09283097813321e-07,0.0001864153969579661,0.0016537662464,0.00019777778661433086,0.0020384687130701106,0.00403307108,0.00607153979307011,403307108.0,49.0,38.0,500.0,999.0,777984.0,657096.0,4844,10,0.00041333271437622547,1000,0.0009582150101419878,,NN2,16,64,T,,,
CS_Er,ORRM,-1,"[750, 784, 1000, 500, 10]",0.000417254100074861,0.0004094912687156137,3.8428313592473216e-06,2.291194736397193e-06,1.5516366228501284e-06,3.92e-06,5.067764107751685e-07,0.00018474957831254713,0.0016484338892800003,0.0001977784434354841,0.0020314686874388066,0.00403307108,0.006064539767438806,403307108.0,49.0,38.0,500.0,999.0,777984.0,594240.0,4884,4,0.0003700315497669796,1000,0.0009541582150101419,,NN2,16,64,T,,,
CSE,FM,-1,"[167, 79, 112, 100, 5]",0.0008997329369667577,0.0008923932443564864,3.4196926102712264e-06,2.044696518989029e-06,1.3749960912821974e-06,3.92e-06,3.5864507755094944e-07,1.7351156949171928e-05,0.00022137517056,0.00042647341212224315,0.000665558384708966,0.00403307108,0.004698629464708966,403307108.0,9.0,7.0,166.0,166.0,777984.0,1051480.0,790,10,0.0008958129369667576,167,0.007836584544441853,,NN2,16,64,T,,,
BESTFIXE,FM,-1,"[116, 116, 116, 116, 10]",0.0008933195230551048,0.0008864047569798354,2.9947660752693116e-06,1.8264845893841272e-06,1.1682814858851843e-06,3.92e-06,3.7024066080868514e-07,2.018612599028018e-05,0.00024983246848000004,0.00042343345392811967,0.0006938222890592086,0.00403307108,0.004726893369059208,403307108.0,8.0,7.0,115.0,115.0,777984.0,1033520.0,444,10,0.0008893995230551047,116,0.008638558961921937,,NN2,16,64,T,,,116
MAX,FM,-1,"[1000, 784, 1000, 500, 10]",0.00041731547327437897,0.0004094912687156137,3.904204558765314e-06,2.351429368246482e-06,1.5527751905188322e-06,3.92e-06,5.155964418720533e-07,0.00019707823887589473,0.0017225102336,0.0001978075343320556,0.0021179116032498226,0.00403307108,0.006150982683249822,403307108.0,53.0,38.0,500.0,999.0,777984.0,657096.0,4844,10,0.000413395473274379,1000,0.001045841784989858,,NN2,16,64,T,,,
F200,FM,-1,"[200, 200, 200, 200, 10]",0.0006609674420275857,0.0006535634023573462,3.48403967023943e-06,2.134877678893129e-06,1.349161991346301e-06,3.92e-06,3.804232984359671e-07,3.5499915402792894e-05,0.00042736502783999997,0.0003132985675210756,0.0007765439340623045,0.00403307108,0.004809615014062304,403307108.0,16.0,13.0,199.0,199.0,777984.0,851648.0,780,10,0.0006570474420275857,200,0.005007555152614083,,NN2,16,64,T,,,
BESTFIX,FM,-1,"[1000, 784, 1000, 500, 10]",0.00041731547327437897,0.0004094912687156137,3.904204558765314e-06,2.351429368246482e-06,1.5527751905188322e-06,3.92e-06,5.155964418720533e-07,0.00019707823887589473,0.0017225102336,0.0001978075343320556,0.0021179116032498226,0.00403307108,0.006150982683249822,403307108.0,53.0,38.0,500.0,999.0,777984.0,657096.0,4844,10,0.000413395473274379,1000,0.001045841784989858,,NN2,16,64,T,,,1000
MAX,RRM,-1,"[1000, 784, 1000, 500, 10]",0.00041731525262173004,0.0004094912687156137,3.903983906116341e-06,2.351314628869016e-06,1.5526692772473247e-06,3.92e-06,5.156647938844312e-07,0.00019707329753141948,0.0017225178112000002,0.00019780742974270002,0.0021179142032680042,0.00403307108,0.006150985283268004,403307108.0,53.0,38.0,500.0,999.0,777984.0,594240.0,4884,4,0.0003700927023138486,1000,0.0010417849898580122,,NN2,16,64,T,,,
F200,RRM,-1,"[200, 200, 200, 200, 10]",0.0006609966917427336,0.0006535634023573462,3.5132893853873675e-06,2.146669356454277e-06,1.3666200289330906e-06,3.92e-06,3.83968115015709e-07,3.6037293355556176e-05,0.00042948978688000004,0.0003133124318860557,0.0007792234802366277,0.00403307108,0.004812294560236628,403307108.0,16.0,13.0,399.0,200.0,777984.0,449088.0,3220,2,0.00020369385171701968,810,0.0,,NN2,16,64,T,,,
BESTFIX,RRM,-1,"[1000, 784, 1000, 500, 10]",0.00041731525262173004,0.0004094912687156137,3.903983906116341e-06,2.351314628869016e-06,1.5526692772473247e-06,3.92e-06,5.156647938844312e-07,0.00019707329753141948,0.0017225178112000002,0.00019780742974270002,0.0021179142032680042,0.00403307108,0.006150985283268004,403307108.0,53.0,38.0,500.0,999.0,777984.0,594240.0,4884,4,0.0003700927023138486,1000,0.0010417849898580122,,NN2,16,64,T,,,1000
MAX,ORRM,-1,"[1000, 784, 1000, 500, 10]",0.00041731525262173004,0.0004094912687156137,3.90398390611634e-06,2.3511998894915497e-06,1.5527840166247908e-06,3.92e-06,5.156652493114986e-07,0.000197081834390281,0.0017225996492800002,0.00019780742974270002,0.0021180045786622927,0.00403307108,0.006151075658662292,403307108.0,53.0,38.0,500.0,999.0,777984.0,581560.0,4884,4,0.0003700927023138486,1000,0.0009541582150101419,,NN2,16,64,T,,,
F200,ORRM,-1,"[200, 200, 200, 200, 10]",0.0006609966917427336,0.0006535634023573462,3.5132893853873675e-06,2.146669356454277e-06,1.3666200289330906e-06,3.92e-06,3.83968115015709e-07,3.6037293355556176e-05,0.00042948978688000004,0.0003133124318860557,0.0007792234802366277,0.00403307108,0.004812294560236628,403307108.0,16.0,13.0,399.0,200.0,777984.0,449088.0,3220,2,0.00020369385171701968,810,0.0,,NN2,16,64,T,,,
BESTFIX,ORRM,-1,"[1000, 784, 1000, 500, 10]",0.00041731525262173004,0.0004094912687156137,3.90398390611634e-06,2.3511998894915497e-06,1.5527840166247908e-06,3.92e-06,5.156652493114986e-07,0.000197081834390281,0.0017225996492800002,0.00019780742974270002,0.0021180045786622927,0.00403307108,0.006151075658662292,403307108.0,53.0,38.0,500.0,999.0,777984.0,581560.0,4884,4,0.0003700927023138486,1000,0.0009541582150101419,,NN2,16,64,T,,,1000
RI,FM,-1,"[1000, 155, 181, 127, 10]",0.0016578224507675125,0.001163690410029438,0.0004862920407380746,3.676802219456062e-06,0.0004826152385186185,7.84e-06,5.6659167286166745e-05,0.015799607350481103,0.00158706802688,0.0007858078416638008,0.01822914238631107,0.00647788468,0.02470702706631107,647788468.0,24.0,9.0,500.0,999.0,130130944.0,1493400.0,4084,10,0.0016499824507675124,1000,0.0036808556014565445,"[13147.802249805836, 154.95395895061358, 180.94514533343295, 127.07466762355764, 23.851932735284436]",NN2,32,64,R,,,
CS,FM,-1,"[750, 128, 250, 125, 10]",0.001638221239983618,0.0011812568992390542,0.0004491243407445638,3.4185820010031535e-06,0.00044570575874356067,7.84e-06,5.795212544652261e-05,0.0114284238232362,0.0016242932940800001,0.000776516867752235,0.013887186110514958,0.0064815954,0.02036878151051496,648159540.0,20.0,9.0,500.0,749.0,133172224.0,1492592.0,3468,10,0.001630381239983618,750,0.0030501930501930503,,NN2,32,64,R,2,6579,
CS,RRM,-1,"[1000, 112, 250, 125, 10]",0.0016393015144641535,0.0011809808532190526,0.00045048066124510084,3.5268390698082045e-06,0.0004469538221752926,7.84e-06,5.543369888139285e-05,0.01263605187281214,0.00155333967872,0.0007770289178560087,0.015021854168269542,0.0064739153999999995,0.02149576956826954,647391540.0,24.0,9.0,500.0,999.0,127375360.0,1153472.0,5520,2,0.0008073406401073975,1000,0.0004534412955465587,,NN2,32,64,R,2,6579,
CS,ORRM,128,"[750, 112, 250, 125, 10]",0.00163882959819049,0.0011809808532190526,0.00045000874497143735,3.4712469696933197e-06,0.00044653749800174406,7.84e-06,5.5368944365296285e-05,0.010238986446697431,0.00155177295872,0.0007768052295422923,0.01262293357932502,0.0064739153999999995,0.01909684897932502,647391540.0,20.0,9.0,500.0,749.0,127247360.0,1153472.0,4020,2,0.0008072888697111628,1000,0.001465587044534413,,NN2,32,64,R,,,
CS_Er,ORRM,-1,"[949, 112, 250, 125, 10]",0.0016389730741083609,0.0011809808532190526,0.00045015222088930836,3.5110522581042697e-06,0.0004466411686312041,7.84e-06,5.541257795250849e-05,0.012145456290567501,0.00155216150528,0.0007768732371273631,0.014529903610927373,0.0064739153999999995,0.021003819010927374,647391540.0,23.0,9.0,500.0,948.0,127279104.0,1146936.0,4828,4,0.0008374707044705353,1000,0.0012145748987854252,,NN2,32,64,R,,,
CSE,FM,-1,"[89, 33, 42, 39, 5]",0.003431214092602711,0.003225222806074427,0.00019815128652828377,4.972980110008991e-06,0.00019317830641827477,7.84e-06,1.405575670059699e-05,0.00041304416407418756,0.00038710777856000003,0.0016263954798936848,0.0024406031792284693,0.006355492359999999,0.008796095539228468,635549236.0,5.0,4.0,88.0,88.0,32094976.0,2082600.0,382,10,0.003423374092602711,89,0.018890000645536118,,NN2,32,64,R,,,
BESTFIXE,FM,-1,"[53, 53, 53, 53, 10]",0.0030812679898185587,0.0028773066710996564,0.00019612131871890243,3.823012300627695e-06,0.00019229830641827474,7.84e-06,2.0002035896220677e-05,0.0005396047370960934,0.0005565673472,0.0014605210271739968,0.002576695147366311,0.00637313204,0.00894982718736631,637313204.0,4.0,4.0,52.0,52.0,45939712.0,1964384.0,192,10,0.0030734279898185593,53,0.0188995375645064,,NN2,32,64,R,,,53
MAX,FM,-1,"[1000, 784, 1000, 500, 10]",0.002849930404981504,0.0007409650239521505,0.0021011253810293536,3.930252897658248e-06,0.0020971951281316954,7.84e-06,0.0002746598300889309,0.13030417814417944,0.00772197380096,0.001350867011961233,0.1396516787871896,0.0071046354,0.1467563141871896,710463540.0,53.0,38.0,500.0,999.0,631348736.0,1349816.0,4844,10,0.0028420904049815043,1000,0.001045841784989858,,NN2,32,64,R,,,
F200,FM,-1,"[200, 200, 200, 200, 10]",0.0019637811934644727,0.0012492595067354099,0.0007066816867290628,4.076054149481364e-06,0.0007026056325795815,7.84e-06,7.376075294549478e-05,0.007520872337816911,0.00206944858112,0.00093083228570216,0.010594913957584565,0.006527611399999999,0.017122525357584566,652761140.0,16.0,13.0,199.0,199.0,169541120.0,1485024.0,780,10,0.001955941193464473,200,0.005007555152614083,,NN2,32,64,R,,,
BESTFIX,FM,-1,"[250, 250, 250, 250, 10]",0.0018364554293610544,0.001122028445937797,0.0007065869834232571,3.355761320107894e-06,0.0007032312221031493,7.84e-06,9.203653366662215e-05,0.01173243797352186,0.00258399076352,0.0008704798735171398,0.015278945144225621,0.0065801554,0.021859100544225622,658015540.0,16.0,13.0,249.0,249.0,211578880.0,1448888.0,980,10,0.001828615429361054,250,0.004,,NN2,32,64,R,,,250
MAX,RRM,-1,"[1000, 784, 1000, 500, 10]",0.0028499819490347376,0.0007409650239521505,0.002101176925082587,3.930138158280782e-06,0.002097246786924306,7.84e-06,0.0002746636824409433,0.13030580954482082,0.007722005135360001,0.0013508914438424655,0.13965336980646423,0.0071046354,0.14675800520646423,710463540.0,53.0,38.0,500.0,999.0,631351296.0,1345808.0,4884,4,0.0027343445948052876,1000,0.0010417849898580122,,NN2,32,64,R,,,
F200,RRM,-1,"[200, 200, 200, 200, 10]",0.0019672269137678564,0.0012492595067354099,0.0007101274070324461,4.087845827042512e-06,0.0007060395612054036,7.84e-06,7.412288740913337e-05,0.0075956123960990865,0.00207983280128,0.0009324655571259639,0.010682033641914184,0.006527611399999999,0.017209645041914183,652761140.0,16.0,13.0,399.0,200.0,170389504.0,866112.0,3220,2,0.0007365248073692972,810,0.0,,NN2,32,64,R,,,
BESTFIX,RRM,-1,"[250, 250, 250, 250, 10]",0.001839290564521,0.001122028445937797,0.0007094221185832029,3.375496493032091e-06,0.0007060466220901707,7.84e-06,9.240585282991828e-05,0.011826659889503138,0.00259434364928,0.0008718237275829539,0.01538523311919601,0.0065801554,0.02196538851919601,658015540.0,16.0,13.0,499.0,250.0,212424704.0,866112.0,4020,2,0.0007373168525114397,1000,0.0,,NN2,32,64,R,,,250
MAX,ORRM,-1,"[1000, 784, 1000, 500, 10]",0.0028500854784465016,0.0007409650239521505,0.002101280454494351,3.9300234189033146e-06,0.002097350431075448,7.84e-06,0.00027468327066107625,0.1303158185298491,0.0077226819583999995,0.0013509405167836416,0.13966412427569383,0.0071046354,0.14676875967569383,710463540.0,53.0,38.0,500.0,999.0,631406592.0,1339272.0,4884,4,0.002734448124217052,1000,0.0009541582150101419,,NN2,32,64,R,,,
F200,ORRM,-1,"[200, 200, 200, 200, 10]",0.0019672269137678564,0.0012492595067354099,0.0007101274070324461,4.087845827042512e-06,0.0007060395612054036,7.84e-06,7.412288740913337e-05,0.0075956123960990865,0.00207983280128,0.0009324655571259639,0.010682033641914184,0.006527611399999999,0.017209645041914183,652761140.0,16.0,13.0,399.0,200.0,170389504.0,866112.0,3220,2,0.0007365248073692972,810,0.0,,NN2,32,64,R,,,
BESTFIX,ORRM,-1,"[250, 250, 250, 250, 10]",0.0018392900526068544,0.001122028445937797,0.0007094216066690573,3.3752140576414055e-06,0.0007060463926114159,7.84e-06,9.240578603394839e-05,0.011826220809920863,0.0025942496460799997,0.0008718234849356489,0.015384699726970461,0.0065801554,0.02196485512697046,658015540.0,16.0,13.0,497.0,250.0,212417024.0,1106032.0,3988,4,0.0010981941551248741,1000,3.631961259079903e-05,,NN2,32,64,R,,,250
RI,FM,-1,"[1000, 784, 1000, 500, 10]",0.0007897819506872274,0.0007322393137924494,4.97026368947782e-05,3.0486281212937874e-05,1.9216355681840324e-05,7.84e-06,8.528767987815059e-07,0.0003257289129496347,0.0034450204672,0.0003743566446257458,0.0041459589015741625,0.00794394628,0.012089905181574162,794394628.0,411.0,288.0,500.0,999.0,1555968.0,1242696.0,4844,10,0.0007819419506872275,1000,0.001045841784989858,"[5008.165776453928, 3332.369027183714, 2814.4360901731006, 2134.6199495200285, 384.6071588862993]",NN2,32,8,T,,,
CS,FM,-1,"[750, 784, 1000, 500, 10]",0.0007893004941936627,0.0007322393137924494,4.9221180401213345e-05,3.0021241276456655e-05,1.919993912475669e-05,7.84e-06,8.440860650820245e-07,0.00030784850161631586,0.00329636159488,0.0003741284342477961,0.003979182616809194,0.00794394628,0.011923128896809194,794394628.0,380.0,288.0,500.0,999.0,1555968.0,1242696.0,3980,10,0.0007814604941936627,1000,0.0011334685598377281,,NN2,32,8,T,2,6579,
CS,RRM,-1,"[750, 784, 1000, 500, 10]",0.0007893038481139271,0.0007322393137924494,4.922453432147774e-05,3.002450693566146e-05,1.9200027385816277e-05,7.84e-06,8.441796173921358e-07,0.0003078944736286642,0.0032968677785600005,0.0003741300240060014,0.0039797364558120584,0.00794394628,0.011923682735812059,794394628.0,380.0,288.0,500.0,999.0,1555968.0,1116992.0,4884,4,0.000716780316125615,1000,0.0009541582150101419,,NN2,32,8,T,2,6579,
CS,ORRM,32,"[750, 784, 1000, 500, 10]",0.0007892983935804444,0.0007322393137924494,4.921907978799512e-05,3.0019087706602674e-05,1.9199992081392443e-05,7.84e-06,8.440862168910465e-07,0.00030789240889063564,0.00329685262336,0.00037412743855713064,0.003979716557024658,0.00794394628,0.011923662837024656,794394628.0,380.0,288.0,500.0,999.0,1555968.0,1116992.0,4844,8,0.0007167748968965563,1000,0.0009582150101419878,,NN2,32,8,T,,,
CS_Er,ORRM,-1,"[750, 784, 1000, 500, 10]",0.0007893038481139271,0.0007322393137924494,4.922453432147775e-05,3.0024506935661467e-05,1.9200027385816284e-05,7.84e-06,8.441796173921359e-07,0.00030789447362866403,0.0032968677785600005,0.0003741300240060014,0.003979736455812058,0.00794394628,0.011923682735812057,794394628.0,380.0,288.0,500.0,999.0,1555968.0,1116992.0,4884,4,0.000716780316125615,1000,0.0009541582150101419,,NN2,32,8,T,,,
CSE,FM,-1,"[150, 98, 112, 84, 10]",0.0017263168494605144,0.0016770021728086146,4.1474676651899743e-05,2.5697020317506373e-05,1.577765633439337e-05,7.84e-06,6.946484970839033e-07,3.4831883421874274e-05,0.0004580426956800001,0.0008182741866442838,0.0013118434142432422,0.00794394628,0.009255789694243241,794394628.0,57.0,40.0,149.0,149.0,1555968.0,1613016.0,636,10,0.0017184768494605145,150,0.007967684553809666,,NN2,32,8,T,,,
BESTFIXE,FM,-1,"[131, 131, 131, 131, 10]",0.0015753976655871246,0.0015252257173203792,4.233194826674549e-05,2.6244881242162144e-05,1.608706702458335e-05,7.84e-06,7.024799253397444e-07,4.331744357095495e-05,0.00056307429376,0.000746738493488297,0.0013538327107445918,0.00794394628,0.00929777899074459,794394628.0,68.0,53.0,130.0,130.0,1555968.0,1570880.0,504,10,0.001567557665587125,131,0.007637797446714644,,NN2,32,8,T,,,131
MAX,FM,-1,"[1000, 784, 1000, 500, 10]",0.0007897819506872274,0.0007322393137924494,4.97026368947782e-05,3.0486281212937874e-05,1.9216355681840324e-05,7.84e-06,8.528767987815059e-07,0.0003257289129496347,0.0034450204672,0.0003743566446257458,0.0041459589015741625,0.00794394628,0.012089905181574162,794394628.0,411.0,288.0,500.0,999.0,1555968.0,1242696.0,4844,10,0.0007819419506872275,1000,0.001045841784989858,,NN2,32,8,T,,,
F200,FM,-1,"[200, 200, 200, 200, 10]",0.0013351760755136567,0.0012857886117093784,4.154746380427818e-05,2.571926560194637e-05,1.582819820233181e-05,7.84e-06,7.137902778499361e-07,6.695200693900137e-05,0.0008547300556799999,0.0006328734597934733,0.0015552693126903246,0.00794394628,0.009499215592690324,794394628.0,100.0,77.0,199.0,199.0,1555968.0,1439168.0,780,10,0.0013273360755136564,200,0.005007555152614083,,NN2,32,8,T,,,
BESTFIX,FM,-1,"[1000, 784, 1000, 500, 10]",0.0007897819506872274,0.0007322393137924494,4.97026368947782e-05,3.0486281212937874e-05,1.9216355681840324e-05,7.84e-06,8.528767987815059e-07,0.0003257289129496347,0.0034450204672,0.0003743566446257458,0.0041459589015741625,0.00794394628,0.012089905181574162,794394628.0,411.0,288.0,500.0,999.0,1555968.0,1242696.0,4844,10,0.0007819419506872275,1000,0.001045841784989858,,NN2,32,8,T,,,1000
MAX,RRM,-1,"[1000, 784, 1000, 500, 10]",0.0007897853046074919,0.0007322393137924494,4.9705990815042594e-05,3.0489546872142683e-05,1.921644394289991e-05,7.84e-06,8.529703510916176e-07,0.0003257309785397002,0.0034450356224000004,0.00037435823438395114,0.004145977805674743,0.00794394628,0.012089924085674743,794394628.0,411.0,288.0,500.0,999.0,1555968.0,1116992.0,4884,4,0.0007172617726191799,1000,0.0010417849898580122,,NN2,32,8,T,,,
F200,RRM,-1,"[200, 200, 200, 200, 10]",0.0013353771871640373,0.0012857886117093784,4.1748575454658663e-05,2.5820801124898055e-05,1.5927774329760605e-05,7.84e-06,7.172473488146767e-07,6.763778006892912e-05,0.0008589795737600001,0.0006329687867157537,0.0015603033878934976,0.00794394628,0.009504249667893497,794394628.0,100.0,77.0,399.0,200.0,1555968.0,770112.0,3220,2,0.00045011672607311566,810,0.0,,NN2,32,8,T,,,
BESTFIX,RRM,-1,"[1000, 784, 1000, 500, 10]",0.0007897853046074919,0.0007322393137924494,4.9705990815042594e-05,3.0489546872142683e-05,1.921644394289991e-05,7.84e-06,8.529703510916176e-07,0.0003257309785397002,0.0034450356224000004,0.00037435823438395114,0.004145977805674743,0.00794394628,0.012089924085674743,794394628.0,411.0,288.0,500.0,999.0,1555968.0,1116992.0,4884,4,0.0007172617726191799,1000,0.0010417849898580122,,NN2,32,8,T,,,1000
MAX,ORRM,-1,"[1000, 784, 1000, 500, 10]",0.0007897853046074919,0.0007322393137924494,4.970599081504262e-05,3.048954687214271e-05,1.921644394289991e-05,7.84e-06,8.529703510916169e-07,0.0003257432442902883,0.0034451992985600004,0.00037435823438395114,0.004146153747585332,0.00794394628,0.012090100027585331,794394628.0,411.0,288.0,500.0,999.0,1555968.0,1104184.0,4884,4,0.0007172617726191799,1000,0.0009541582150101419,,NN2,32,8,T,,,
F200,ORRM,-1,"[200, 200, 200, 200, 10]",0.0013353771871640373,0.0012857886117093784,4.1748575454658663e-05,2.5820801124898055e-05,1.5927774329760605e-05,7.84e-06,7.172473488146767e-07,6.763778006892912e-05,0.0008589795737600001,0.0006329687867157537,0.0015603033878934976,0.00794394628,0.009504249667893497,794394628.0,100.0,77.0,399.0,200.0,1555968.0,770112.0,3220,2,0.00045011672607311566,810,0.0,,NN2,32,8,T,,,
BESTFIX,ORRM,-1,"[1000, 784, 1000, 500, 10]",0.0007897853046074919,0.0007322393137924494,4.970599081504262e-05,3.048954687214271e-05,1.921644394289991e-05,7.84e-06,8.529703510916169e-07,0.0003257432442902883,0.0034451992985600004,0.00037435823438395114,0.004146153747585332,0.00794394628,0.012090100027585331,794394628.0,411.0,288.0,500.0,999.0,1555968.0,1104184.0,4884,4,0.0007172617726191799,1000,0.0009541582150101419,,NN2,32,8,T,,,1000
RI,FM,-1,"[1000, 784, 1000, 500, 10]",0.0007465458712923911,0.0007322393137924494,6.4665574999417864e-06,3.930252897658248e-06,2.5363046022835385e-06,7.84e-06,8.544870301073472e-07,0.0003262329014876595,0.0034450204672,0.0003538627429925934,0.0041259705987103604,0.00794394628,0.01206991687871036,794394628.0,53.0,38.0,500.0,999.0,1555968.0,1242696.0,4844,10,0.000738705871292391,1000,0.001045841784989858,"[14165.231927347853, 9425.36294615049, 7960.427378310212, 6037.616966246792, 1087.8333205655767]",NN2,32,64,T,,,
CS,FM,-1,"[750, 784, 1000, 500, 10]",0.0007464847099194162,0.0007322393137924494,6.405396126966807e-06,3.87024774456389e-06,2.5351483824029167e-06,7.84e-06,8.449292123929548e-07,0.0003080435009649134,0.00329636159488,0.00035383375250180323,0.0039590837775591095,0.00794394628,0.011903030057559109,794394628.0,49.0,38.0,500.0,999.0,1555968.0,1242696.0,3980,10,0.0007386447099194161,1000,0.0011334685598377281,,NN2,32,64,T,2,6579,
CS,RRM,-1,"[750, 784, 1000, 500, 10]",0.0007464844363101314,0.0007322393137924494,6.405122517682079e-06,3.870133005186424e-06,2.5349895124956552e-06,7.84e-06,8.44990277572253e-07,0.0003080802454169322,0.0032968677785600005,0.0003538336228110023,0.003959626637065507,0.00794394628,0.011903572917065506,794394628.0,49.0,38.0,500.0,999.0,1555968.0,1116992.0,4884,4,0.0006740276703159755,1000,0.0009541582150101419,,NN2,32,64,T,2,6579,
CS,ORRM,128,"[768, 784, 1000, 500, 10]",0.0007464831123942376,0.0007322393137924494,6.403798601788238e-06,3.869082698577309e-06,2.5347159032109284e-06,7.84e-06,8.495092154603797e-07,0.00031095268590384845,0.0033075324928,0.0003538329952748686,0.003973167683194177,0.00794394628,0.011917113963194177,794394628.0,49.0,38.0,500.0,999.0,1555968.0,1242696.0,4844,10,0.0007386431123942376,1000,0.0009582150101419878,,NN2,32,64,T,,,
CS_Er,ORRM,-1,"[750, 784, 1000, 500, 10]",0.0007464844980928731,0.0007322393137924494,6.405184300423792e-06,3.870018265808958e-06,2.5351660346148342e-06,7.84e-06,8.449992343045801e-07,0.00030808590263254715,0.0032968677785600005,0.00035383365209602183,0.003959632332522874,0.00794394628,0.011903578612522874,794394628.0,49.0,38.0,500.0,999.0,1555968.0,1116992.0,4884,4,0.0006740277320987172,1000,0.0009541582150101419,,NN2,32,64,T,,,
CSE,FM,-1,"[150, 98, 112, 84, 10]",0.0016913932241238942,0.0016770021728086146,6.551051315279468e-06,4.0375406082940685e-06,2.5135107069853994e-06,7.84e-06,6.976307644035449e-07,3.4958679087394e-05,0.0004580426956800001,0.0008017203882347257,0.0012954193937665232,0.00794394628,0.009239365673766523,794394628.0,9.0,7.0,149.0,149.0,1555968.0,1613016.0,636,10,0.0016835532241238943,150,0.007967684553809666,,NN2,32,64,T,,,
BESTFIXE,FM,-1,"[131, 131, 131, 131, 10]",0.001540518418580215,0.0015252257173203792,7.452701259835837e-06,4.591894992336959e-06,2.8608062674988784e-06,7.84e-06,7.154209396107556e-07,4.406924743044277e-05,0.00056307429376,0.0007302057304070219,0.0013380646925370753,0.00794394628,0.009282010972537075,794394628.0,12.0,10.0,130.0,130.0,1555968.0,1570880.0,504,10,0.001532678418580215,131,0.007637797446714644,,NN2,32,64,T,,,131
MAX,FM,-1,"[1000, 784, 1000, 500, 10]",0.0007465458712923911,0.0007322393137924494,6.4665574999417864e-06,3.930252897658248e-06,2.5363046022835385e-06,7.84e-06,8.544870301073472e-07,0.0003262329014876595,0.0034450204672,0.0003538627429925934,0.0041259705987103604,0.00794394628,0.01206991687871036,794394628.0,53.0,38.0,500.0,999.0,1555968.0,1242696.0,4844,10,0.000738705871292391,1000,0.001045841784989858,,NN2,32,64,T,,,
F200,FM,-1,"[200, 200, 200, 200, 10]",0.0013002444160855001,0.0012857886117093784,6.615804376121783e-06,4.076054149481364e-06,2.5397502266404186e-06,7.84e-06,7.242108278477318e-07,6.774799334632231e-05,0.0008547300556799999,0.000616315853224527,0.0015395181130786972,0.00794394628,0.009483464393078697,794394628.0,16.0,13.0,199.0,199.0,1555968.0,1439168.0,780,10,0.0012924044160854996,200,0.005007555152614083,,NN2,32,64,T,,,
BESTFIX,FM,-1,"[1000, 784, 1000, 500, 10]",0.0007465458712923911,0.0007322393137924494,6.4665574999417864e-06,3.930252897658248e-06,2.5363046022835385e-06,7.84e-06,8.544870301073472e-07,0.0003262329014876595,0.0034450204672,0.0003538627429925934,0.0041259705987103604,0.00794394628,0.01206991687871036,794394628.0,53.0,38.0,500.0,999.0,1555968.0,1242696.0,4844,10,0.000738705871292391,1000,0.001045841784989858,,NN2,32,64,T,,,1000
MAX,RRM,-1,"[1000, 784, 1000, 500, 10]",0.0007465456506397421,0.0007322393137924494,6.466336847292812e-06,3.930138158280782e-06,2.5361986890120306e-06,7.84e-06,8.54555382119725e-07,0.0003262285280020078,0.0034450356224000004,0.00035386263840323775,0.004125981344187365,0.00794394628,0.012069927624187364,794394628.0,53.0,38.0,500.0,999.0,1555968.0,1116992.0,4884,4,0.0006740888846455862,1000,0.0010417849898580122,,NN2,32,64,T,,,
F200,RRM,-1,"[200, 200, 200, 200, 10]",0.0013002736658006483,0.0012857886117093784,6.64505409126972e-06,4.087845827042512e-06,2.5572082642272083e-06,7.84e-06,7.277556444274738e-07,6.844664320496795e-05,0.0008589795737600001,0.0006163297175895073,0.001544483690198903,0.00794394628,0.009488429970198902,794394628.0,16.0,13.0,399.0,200.0,1555968.0,770112.0,3220,2,0.00044096824077565974,810,0.0,,NN2,32,64,T,,,
BESTFIX,RRM,-1,"[1000, 784, 1000, 500, 10]",0.0007465456506397421,0.0007322393137924494,6.466336847292812e-06,3.930138158280782e-06,2.5361986890120306e-06,7.84e-06,8.54555382119725e-07,0.0003262285280020078,0.0034450356224000004,0.00035386263840323775,0.004125981344187365,0.00794394628,0.012069927624187364,794394628.0,53.0,38.0,500.0,999.0,1555968.0,1116992.0,4884,4,0.0006740888846455862,1000,0.0010417849898580122,,NN2,32,64,T,,,1000
MAX,ORRM,-1,"[1000, 784, 1000, 500, 10]",0.0007465456506397421,0.0007322393137924494,6.4663368472928114e-06,3.9300234189033146e-06,2.536313428389497e-06,7.84e-06,8.545558375467925e-07,0.0003262431977361634,0.0034451992985600004,0.00035386263840323775,0.004126159690536948,0.00794394628,0.012070105970536947,794394628.0,53.0,38.0,500.0,999.0,1555968.0,1104184.0,4884,4,0.0006740888846455862,1000,0.0009541582150101419,,NN2,32,64,T,,,
F200,ORRM,-1,"[200, 200, 200, 200, 10]",0.0013002736658006483,0.0012857886117093784,6.64505409126972e-06,4.087845827042512e-06,2.5572082642272083e-06,7.84e-06,7.277556444274738e-07,6.844664320496795e-05,0.0008589795737600001,0.0006163297175895073,0.001544483690198903,0.00794394628,0.009488429970198902,794394628.0,16.0,13.0,399.0,200.0,1555968.0,770112.0,3220,2,0.00044096824077565974,810,0.0,,NN2,32,64,T,,,
BESTFIX,ORRM,-1,"[1000, 784, 1000, 500, 10]",0.0007465456506397421,0.0007322393137924494,6.4663368472928114e-06,3.9300234189033146e-06,2.536313428389497e-06,7.84e-06,8.545558375467925e-07,0.0003262431977361634,0.0034451992985600004,0.00035386263840323775,0.004126159690536948,0.00794394628,0.012070105970536947,794394628.0,53.0,38.0,500.0,999.0,1555968.0,1104184.0,4884,4,0.0006740888846455862,1000,0.0009541582150101419,,NN2,32,64,T,,,1000
RI,FM,-1,"[1000, 139, 99, 112, 77, 10]",0.0003512119975398525,0.00022195606435832026,0.00012901093318153222,3.538477682323032e-06,0.0001254724554992092,2.45e-07,2.136474171953773e-06,0.0005666841313018775,5.839757952e-05,0.00016647448683389007,0.0007936926718277213,0.00053759082,0.0013312834918277213,53759082.0,180.0,57.0,500.0,999.0,4793424.0,615848.0,4032,12,0.00035096699753985245,1000,0.004886736384552949,"[1429.1741204859075, 139.02596044313574, 98.95637149607691, 112.47904122795444, 77.30207649525953, 15.963310619092319]",NN3,1,8,R,,,
CS,FM,-1,"[1000, 150, 131, 167, 84, 10]",0.0003352904878066703,0.00018237694220751678,0.00015266854559915349,3.6448885051573213e-06,0.00014902365709399616,2.45e-07,2.558188708307505e-06,0.00064698397595748,7.015542144e-05,0.00015892769122036171,0.0008786252773261493,0.00053879202,0.0014174172973261492,53879202.0,193.0,70.0,500.0,999.0,5754032.0,532952.0,4124,12,0.00033504548780667024,1000,0.004128816852495994,,NN3,1,8,R,3,12865,
CS,RRM,-1,"[1000, 150, 131, 167, 84, 10]",0.00033593920002828245,0.00018237694220751678,0.00015331725782076567,3.692531825123696e-06,0.00014962472599564197,2.45e-07,2.568936317795474e-06,0.0006484807559206801,7.04156928e-05,0.00015923518081340586,0.0008807005658518814,0.00053879202,0.0014194925858518814,53879202.0,193.0,70.0,500.0,999.0,5775296.0,371168.0,5548,2,0.00015084785118253265,1000,0.00041874410268722046,,NN3,1,8,R,2,8577,
CS,ORRM,64,"[1000, 150, 131, 167, 84, 10]",0.0003355876265146172,0.00018237694220751678,0.0001529656843071004,3.6599899724530726e-06,0.00014930569433464733,2.45e-07,2.562995324516891e-06,0.0006476511335856287,7.02727296e-05,0.00015906853496792855,0.0008795553934780742,0.00053879202,0.0014183474134780742,53879202.0,193.0,70.0,500.0,999.0,5763616.0,443216.0,4740,4,0.00022623038830372666,1000,0.00245663206909836,,NN3,1,8,R,,,
CS_Er,ORRM,-1,"[1000, 150, 131, 167, 87, 10]",0.00033559716844146166,0.00018238594962866707,0.00015296621881279458,3.659177970704849e-06,0.00014930704084208975,2.45e-07,2.5736471915697694e-06,0.0006485966839448233,7.056668544000001e-05,0.0001590730578412528,0.0008808100744176458,0.0005388220199999999,0.0014196320944176457,53882202.0,193.0,70.0,500.0,999.0,5787632.0,443216.0,4688,4,0.00022628242167955704,1000,0.002443607977448751,,NN3,1,8,R,,,
CSE,FM,-1,"[69, 79, 56, 63, 46, 4]",0.0004275983631961167,0.00035621740978486395,7.113595341125273e-05,1.6795402256289462e-06,6.945641318562378e-05,2.45e-07,1.1993291916452032e-06,4.1881695332630986e-05,3.307252992e-05,0.0002026816241549593,0.0002788351785992355,0.00053502166,0.0008138568385992355,53502166.0,40.0,32.0,78.0,78.0,2724384.0,1197936.0,336,12,0.00042735336319611663,79,0.013636149349424854,,NN3,1,8,R,,,
BESTFIXE,FM,-1,"[56, 56, 56, 56, 56, 10]",0.00047922928599173107,0.0004167034698894559,6.228081610227518e-05,1.5806302606891346e-06,6.070018584158604e-05,2.45e-07,1.060821215102855e-06,3.023582188179085e-05,2.9230736640000002e-05,0.0002271546815600805,0.0002876820612969742,0.0005346367799999999,0.0008223188412969742,53463678.0,35.0,30.0,55.0,55.0,2410512.0,1486736.0,204,12,0.000478984285991731,56,0.017859516656475154,,NN3,1,8,R,,,56
MAX,FM,-1,"[1000, 1000, 784, 1000, 500, 10]",0.0010340775770391322,0.00011443050042889667,0.0009194020766102355,9.559089305960103e-06,0.0009098429873042753,2.45e-07,1.5788891867769692e-05,0.007725048185495429,0.00043705696128,0.0004901527715165487,0.008668046810159749,0.00057627774,0.00924432455015975,57627774.0,536.0,413.0,500.0,999.0,35729648.0,145216.0,4844,12,0.0010338325770391323,1000,0.0010253079507278836,,NN3,1,8,R,,,
F200,FM,-1,"[200, 200, 200, 200, 200, 10]",0.0003933909687482495,0.00017489160877310337,0.00021825435997514613,2.7365372167921192e-06,0.00021551782275835402,2.45e-07,3.7434245684594533e-06,0.0003813225283039912,0.00010374354816,0.00018646731918667026,0.000675276820219121,0.00054224574,0.001217522560219121,54224574.0,125.0,102.0,199.0,199.0,8498160.0,464872.0,780,12,0.00039314596874824944,200,0.00500470898474289,,NN3,1,8,R,,,
BESTFIX,FM,-1,"[134, 134, 134, 134, 134, 10]",0.0003665199850071271,0.000217332430145757,0.00014894255486137015,2.2347301238449358e-06,0.0001467078247375252,2.45e-07,2.5140311356109026e-06,0.0001715674248243919,6.959355648e-05,0.00017373047289337824,0.00041740548533338105,0.0005387583,0.000956163785333381,53875830.0,85.0,70.0,133.0,133.0,5708128.0,675304.0,516,12,0.00036627498500712717,134,0.007466454247632724,,NN3,1,8,R,,,134
MAX,RRM,-1,"[1000, 1000, 784, 1000, 500, 10]",0.0010340809309593965,0.00011443050042889667,0.0009194054305304999,9.562354965164912e-06,0.000909843075565335,2.45e-07,1.5788985420079807e-05,0.007725058023653143,0.00043705794048000006,0.000490154361274754,0.008668059310827977,0.00057627774,0.009244337050827977,57627774.0,536.0,413.0,500.0,999.0,35729728.0,141208.0,4884,5,0.001018458281324026,1000,0.0010230683090705487,,NN3,1,8,R,,,
F200,RRM,-1,"[200, 200, 200, 200, 200, 10]",0.0003946677232624518,0.00017489160877310337,0.00021953111448934842,2.871188289301755e-06,0.00021665992620004666,2.45e-07,3.765340961387811e-06,0.00038547315600753794,0.00010426389504,0.00018707250082640215,0.0006805748928353278,0.00054224574,0.0012228206328353279,54224574.0,125.0,102.0,399.0,200.0,8540672.0,288256.0,4020,2,0.00014415028128959172,1000,0.0,,NN3,1,8,R,,,
BESTFIX,RRM,-1,"[134, 134, 134, 134, 134, 10]",0.00036766717933032356,0.000217332430145757,0.00015008974918456655,2.295453732842464e-06,0.0001477942954517241,2.45e-07,2.5334240830628566e-06,0.0001741819786449538,7.011488256e-05,0.00017427424300257336,0.00042110452829059004,0.0005387583,0.00095986282829059,53875830.0,85.0,70.0,267.0,134.0,5750720.0,416384.0,2700,2,0.00013807782792705264,680,0.0,,NN3,1,8,R,,,134
MAX,ORRM,-1,"[1000, 1000, 784, 1000, 500, 10]",0.0010341035780182199,0.00011443050042889667,0.0009194280775893232,9.562354965164917e-06,0.0009098657226241583,2.45e-07,1.5789374949491574e-05,0.007725256774241375,0.00043706352192,0.0004901650959806362,0.008668274767091502,0.00057627774,0.009244552507091502,57627774.0,536.0,413.0,500.0,999.0,35730184.0,137208.0,4884,5,0.0010184809283828493,1000,0.0010103023516237401,,NN3,1,8,R,,,
F200,ORRM,-1,"[200, 200, 200, 200, 200, 10]",0.0003946637162103464,0.00017489160877310337,0.00021952710743724304,2.868981762812019e-06,0.000216658125674431,2.45e-07,3.765272267805133e-06,0.00038544594397364946,0.00010425860735999998,0.0001870706014837042,0.0006805404250851588,0.00054224574,0.0012227861650851587,54224574.0,125.0,102.0,397.0,200.0,8540240.0,357408.0,3980,4,0.0002341276038612596,1000,5.0857035223205874e-05,,NN3,1,8,R,,,
BESTFIX,ORRM,-1,"[134, 134, 134, 134, 134, 10]",0.00036766717933032356,0.000217332430145757,0.00015008974918456655,2.295453732842464e-06,0.0001477942954517241,2.45e-07,2.5334240830628566e-06,0.0001741819786449538,7.011488256e-05,0.00017427424300257336,0.00042110452829059004,0.0005387583,0.00095986282829059,53875830.0,85.0,70.0,267.0,134.0,5750720.0,416384.0,2700,2,0.00013807782792705264,680,0.0,,NN3,1,8,R,,,134
RI,FM,-1,"[1000, 393, 280, 318, 219, 10]",0.0001796313835208977,0.00013010029542683915,4.9286088094058566e-05,6.713159009215792e-07,4.861477219313699e-05,2.45e-07,5.952569169057347e-06,0.0019581231768172323,0.00016439548992,8.51452757889055e-05,0.002213616511695195,0.00054842086,0.002762037371695195,54842086.0,37.0,22.0,500.0,999.0,13453384.0,268152.0,4132,12,0.00017938638352089773,1000,0.0020383347466105166,"[4042.31484836762, 393.224797561256, 279.8908853059647, 318.13877117459134, 218.64328995839693, 45.15106075578961]",NN3,1,64,R,,,
CS,FM,-1,"[1000, 375, 262, 250, 250, 10]",0.00017307583857559546,0.0001281301907123189,4.470064786327653e-05,6.291576713341587e-07,4.4071490191942374e-05,2.45e-07,5.647985742653676e-06,0.0018154066392987343,0.00015602754048,8.203794748483224e-05,0.0020591201130062205,0.00054756774,0.0026066878530062202,54756774.0,35.0,20.0,500.0,999.0,12769728.0,260144.0,3980,12,0.00017283083857559545,1000,0.0022383939774153075,,NN3,1,64,R,2,8577,
CS,RRM,-1,"[1000, 375, 262, 250, 250, 10]",0.0001731952016979502,0.0001281301907123189,4.4820010985631304e-05,6.518054592248066e-07,4.4168205526406496e-05,2.45e-07,5.6628026934446836e-06,0.0018191349822987996,0.00015630347904000002,8.20945256048284e-05,0.0020631957896370726,0.00054756774,0.0026107635296370724,54756774.0,35.0,20.0,500.0,999.0,12792272.0,194992.0,7068,2,9.427700411972644e-05,1000,0.00047051442910915934,,NN3,1,64,R,2,8577,
CS,ORRM,-1,"[1000, 375, 262, 250, 250, 10]",0.00017313402269471186,0.0001281301907123189,4.4758831982392926e-05,6.352918149756239e-07,4.4123540167417303e-05,2.45e-07,5.655062256105415e-06,0.0018171866880397304,0.00015615796992000003,8.206552675729342e-05,0.002061065246973129,0.00054756774,0.0026086329869731287,54756774.0,35.0,20.0,500.0,999.0,12780384.0,215000.0,5444,4,0.00010712376826060811,1000,0.0014027603513174405,,NN3,1,64,R,,,
CS_Er,ORRM,-1,"[1000, 375, 262, 250, 250, 10]",0.00017313402269471186,0.0001281301907123189,4.4758831982392926e-05,6.352918149756239e-07,4.4123540167417303e-05,2.45e-07,5.655062256105415e-06,0.0018171866880397304,0.00015615796992000003,8.206552675729342e-05,0.002061065246973129,0.00054756774,0.0026086329869731287,54756774.0,35.0,20.0,500.0,999.0,12780384.0,215000.0,5444,4,0.00010712376826060811,1000,0.0014027603513174405,,NN3,1,64,R,,,
CSE,FM,-1,"[69, 84, 56, 59, 56, 10]",0.0003569836204611605,0.0003438915035059524,1.2847116955208038e-05,3.0148355876525595e-07,1.2545633396442782e-05,2.45e-07,1.271312428546511e-06,4.472795007925521e-05,3.4997441280000005e-05,0.00016921023609859007,0.0002502069398863918,0.0005352203,0.0007854272398863918,53522030.0,7.0,6.0,83.0,83.0,2881648.0,1148152.0,328,12,0.0003567386204611604,84,0.013455585988821342,,NN3,1,64,R,,,
BESTFIXE,FM,-1,"[63, 63, 63, 63, 63, 10]",0.0003948797425431375,0.0003851539762397959,9.480766303341603e-06,2.0773609284727233e-07,9.273030210494331e-06,2.45e-07,1.192210116702219e-06,3.8236388273558797e-05,3.28535808e-05,0.00018717299796544717,0.0002594551771557082,0.0005350066599999999,0.0007944618371557081,53500666.0,5.0,5.0,62.0,62.0,2706496.0,1332912.0,232,12,0.0003946347425431375,63,0.015874894936843725,,NN3,1,64,R,,,63
MAX,FM,-1,"[1000, 1000, 784, 1000, 500, 10]",0.00023399680503594626,0.00011443050042889667,0.00011932130460704959,1.2358617453297918e-06,0.0001180854428617198,2.45e-07,1.578994562850731e-05,0.0077253663706263855,0.00043705696128,0.00011091448558703852,0.00828912776312193,0.00057627774,0.008865405503121931,57627774.0,69.0,54.0,500.0,999.0,35729648.0,145216.0,4844,12,0.00023375180503594628,1000,0.0010253079507278836,,NN3,1,64,R,,,
F200,FM,-1,"[200, 200, 200, 200, 200, 10]",0.0002106310757035949,0.00017489160877310337,3.5494466930491514e-05,4.430324854897568e-07,3.5051434445001757e-05,2.45e-07,3.7450051789217502e-06,0.0003814579116834187,0.00010374354816,9.983912988350398e-05,0.0005887855949058444,0.00054224574,0.0011310313349058444,54224574.0,20.0,17.0,199.0,199.0,8498160.0,464872.0,780,12,0.00021038607570359486,200,0.00500470898474289,,NN3,1,64,R,,,
BESTFIX,FM,-1,"[250, 250, 250, 250, 250, 10]",0.00018323823200783204,0.00014750993819841743,3.54832938094146e-05,4.0347533671601096e-07,3.507981847269859e-05,2.45e-07,4.675655422146337e-06,0.0005954218299112618,0.00012961499136000001,8.685492197171239e-05,0.0008165673986651207,0.00054488774,0.0013614551386651207,54488774.0,20.0,17.0,249.0,249.0,10611840.0,373944.0,980,12,0.000182993232007832,250,0.004,,NN3,1,64,R,,,250
MAX,RRM,-1,"[1000, 1000, 784, 1000, 500, 10]",0.0002339965843832973,0.00011443050042889667,0.00011932108395440063,1.2357470059523253e-06,0.0001180853369484483,2.45e-07,1.579001398051969e-05,0.007725369769708381,0.00043705794048000006,0.00011091438099768291,0.008289132105166585,0.00057627774,0.008865409845166585,57627774.0,69.0,54.0,500.0,999.0,35729728.0,141208.0,4884,5,0.00021919775956561195,1000,0.0010230683090705487,,NN3,1,64,R,,,
F200,RRM,-1,"[200, 200, 200, 200, 200, 10]",0.0002108257166016069,0.00017489160877310337,3.5689107828503535e-05,4.59131302758869e-07,3.5229976525744664e-05,2.45e-07,3.7664263471503687e-06,0.00038555839583563644,0.00010426389504,9.993138966916166e-05,0.0005935201068919485,0.00054224574,0.0011357658468919484,54224574.0,20.0,17.0,399.0,200.0,8540672.0,288256.0,4020,2,7.538179599213579e-05,1000,0.0,,NN3,1,64,R,,,
BESTFIX,RRM,-1,"[250, 250, 250, 250, 250, 10]",0.0001834239063112569,0.00014750993819841743,3.566896811283946e-05,4.2972417583790777e-07,3.523924393700155e-05,2.45e-07,4.70028143899513e-06,0.0006009514968027054,0.00013013435904000003,8.694293159153576e-05,0.0008227290688732363,0.00054488774,0.0013676168088732363,54488774.0,20.0,17.0,499.0,250.0,10654272.0,228200.0,5020,2,6.914368834402108e-05,1000,0.0,,NN3,1,64,R,,,250
MAX,ORRM,-1,"[1000, 1000, 784, 1000, 500, 10]",0.00023399626664348278,0.00011443050042889667,0.0001193207662145861,1.235473396667598e-06,0.0001180852928179185,2.45e-07,1.579032099267565e-05,0.007725531600479327,0.00043706352192,0.00011091423038901084,0.008289299673781014,0.00057627774,0.008865577413781014,57627774.0,69.0,54.0,500.0,999.0,35730184.0,137208.0,4884,5,0.0002191974418257974,1000,0.0010103023516237401,,NN3,1,64,R,,,
F200,ORRM,-1,"[200, 200, 200, 200, 200, 10]",0.00021082506346976594,0.00017489160877310337,3.568845469666257e-05,4.587782585205113e-07,3.522967643814206e-05,2.45e-07,3.766357653567691e-06,0.0003855311794253762,0.00010425860735999998,9.993108008466906e-05,0.0005934872245236129,0.00054224574,0.0011357329645236129,54224574.0,20.0,17.0,397.0,200.0,8540240.0,357408.0,3980,4,0.0001137132925227371,1000,5.0857035223205874e-05,,NN3,1,64,R,,,
BESTFIX,ORRM,-1,"[250, 250, 250, 250, 250, 10]",0.0001834055430715256,0.00014750993819841743,3.5650604873108184e-05,4.220278114417094e-07,3.522857706166647e-05,2.45e-07,4.69818902494687e-06,0.0006001847061453574,0.000130025472,8.693422741590313e-05,0.0008218425945862073,0.00054488774,0.0013667303345862073,54488774.0,20.0,17.0,447.0,250.0,10645376.0,280768.0,4148,4,9.301474909116517e-05,1000,0.0008386123680241327,,NN3,1,64,R,,,250
RI,FM,-1,"[1000, 1000, 784, 912, 500, 10]",0.00013479572740778597,0.0001178771008125322,1.6673626595253756e-05,9.356633417405127e-06,7.3169931778486285e-06,2.45e-07,2.862386328283129e-07,0.00011795234349497455,0.00018795115136,6.389317479129055e-05,0.0003700829082790934,0.0007502855799999999,0.0011203684882790934,75028558.0,525.0,402.0,500.0,999.0,76624.0,194392.0,4492,12,0.00013455072740778593,1000,0.0010614175406414184,"[2480.8586043880023, 1648.3711653224916, 1115.9398629755, 911.9648767950719, 561.2429103734357, 121.44317372518081]",NN3,1,8,T,,,
CS,FM,-1,"[1000, 750, 392, 500, 500, 10]",0.0001311480772994342,0.00011932249196899478,1.1580585330439426e-05,6.810112784997962e-06,4.770472545441463e-06,2.45e-07,1.981679710568349e-07,5.814582068181891e-05,0.00013575256959999998,6.216418863993181e-05,0.00025626074689280755,0.0007502855799999999,0.0010065463268928074,75028558.0,394.0,271.0,500.0,999.0,76624.0,220144.0,4412,12,0.0001309030772994342,1000,0.0013661641541038525,,NN3,1,8,T,2,8577,
CS,RRM,-1,"[1000, 752, 392, 500, 500, 10]",0.0001314993210121763,0.00011932249196899478,1.1931829043181529e-05,6.99579640216221e-06,4.936032641019319e-06,2.45e-07,2.0440183469259416e-07,5.9719183319912705e-05,0.00013598093952,6.233067815977157e-05,0.0002582352028343769,0.0007502855799999999,0.001008520782834377,75028558.0,394.0,271.0,500.0,999.0,76624.0,195576.0,9012,3,9.936577761228745e-05,1000,0.0005995316159250585,,NN3,1,8,T,3,12865,
CS,ORRM,-1,"[1000, 750, 392, 500, 500, 10]",0.0001313048112890531,0.00011932249196899478,1.1737319320058344e-05,6.879680152166357e-06,4.857639167891986e-06,2.45e-07,2.0091226070871134e-07,5.879847213037577e-05,0.00013579481471999997,6.223848055101117e-05,0.0002570326796620956,0.0007502855799999999,0.0010073182596620955,75028558.0,394.0,271.0,500.0,999.0,76624.0,187488.0,6268,4,9.30592231943624e-05,1000,0.0010552763819095478,,NN3,1,8,T,,,
CS_Er,ORRM,-1,"[1000, 750, 392, 500, 500, 10]",0.0001313048112890531,0.00011932249196899478,1.1737319320058344e-05,6.879680152166357e-06,4.857639167891986e-06,2.45e-07,2.0091226070871134e-07,5.879847213037577e-05,0.00013579481471999997,6.223848055101117e-05,0.0002570326796620956,0.0007502855799999999,0.0010073182596620955,75028558.0,394.0,271.0,500.0,999.0,76624.0,187488.0,6268,4,9.30592231943624e-05,1000,0.0010552763819095478,,NN3,1,8,T,,,
CSE,FM,-1,"[334, 250, 131, 167, 84, 10]",0.00017066145410525233,0.00016595561263257867,4.46084147267366e-06,2.6593446914512163e-06,1.801496781222444e-06,2.45e-07,7.494297486904636e-08,7.37113755196812e-06,4.3618662400000006e-05,8.08935292458896e-05,0.00013195827217272677,0.0007502855799999999,0.0008822438521727267,75028558.0,123.0,83.0,333.0,333.0,76624.0,602360.0,1460,12,0.00017041645410525232,334,0.0039653960813069876,,NN3,1,8,T,,,
BESTFIXE,FM,-1,"[250, 250, 250, 250, 250, 10]",0.00017580436172604186,0.00016993702903653443,5.622332689507407e-06,3.190132873495319e-06,2.432199816012089e-06,2.45e-07,9.417920623474338e-08,1.1033025196943203e-05,5.4128983039999996e-05,8.333126745814384e-05,0.0001485874549013218,0.0007502855799999999,0.0008988730349013218,75028558.0,160.0,130.0,249.0,249.0,76624.0,546008.0,980,12,0.00017555936172604185,250,0.004,,NN3,1,8,T,,,250
MAX,FM,-1,"[1000, 1000, 784, 1000, 500, 10]",0.0001337552039293692,0.00011643165673089954,1.7078547198469663e-05,9.559089305960103e-06,7.519457892509562e-06,2.45e-07,2.932031912991153e-07,0.00012250649915659533,0.00019063096960000002,6.3399966662521e-05,0.0003768306386104154,0.0007502855799999999,0.0011271162186104154,75028558.0,536.0,413.0,500.0,999.0,76624.0,184112.0,4844,12,0.0001335102039293692,1000,0.0010253079507278836,,NN3,1,8,T,,,
F200,FM,-1,"[200, 200, 200, 200, 200, 10]",0.00020568598020459617,0.00020062867905297943,4.812301151616735e-06,2.7365372167921192e-06,2.075763934824616e-06,2.45e-07,8.257150963592383e-08,7.745244068697035e-06,4.3380394239999995e-05,9.749515461697858e-05,0.00014870336443531155,0.0007502855799999999,0.0008989889444353115,75028558.0,125.0,102.0,199.0,199.0,76624.0,677560.0,780,12,0.00020544098020459616,200,0.00500470898474289,,NN3,1,8,T,,,
BESTFIX,FM,-1,"[1000, 1000, 784, 1000, 500, 10]",0.0001337552039293692,0.00011643165673089954,1.7078547198469663e-05,9.559089305960103e-06,7.519457892509562e-06,2.45e-07,2.932031912991153e-07,0.00012250649915659533,0.00019063096960000002,6.3399966662521e-05,0.0003768306386104154,0.0007502855799999999,0.0011271162186104154,75028558.0,536.0,413.0,500.0,999.0,76624.0,184112.0,4844,12,0.0001335102039293692,1000,0.0010253079507278836,,NN3,1,8,T,,,1000
MAX,RRM,-1,"[1000, 1000, 784, 1000, 500, 10]",0.00013375855784963358,0.00011643165673089954,1.7081901118734062e-05,9.562354965164912e-06,7.519546153569152e-06,2.45e-07,2.9329674360922713e-07,0.00012250750001136662,0.0001906314432,6.340155642072632e-05,0.0003768337963757022,0.0007502855799999999,0.001127119376375702,75028558.0,536.0,413.0,500.0,999.0,76624.0,180104.0,4884,5,0.00012196708468485114,1000,0.0010230683090705487,,NN3,1,8,T,,,
F200,RRM,-1,"[200, 200, 200, 200, 200, 10]",0.00020595332295409257,0.00020062867905297943,5.079643901113122e-06,2.871188289301755e-06,2.2084556118113666e-06,2.45e-07,8.716775550545803e-08,8.251687459890891e-06,4.359607167999999e-05,9.762187508023987e-05,0.0001495568019756362,0.0007502855799999999,0.0008998423819756361,75028558.0,125.0,102.0,399.0,200.0,76624.0,328704.0,4020,2,7.364370050724268e-05,1000,0.0,,NN3,1,8,T,,,
BESTFIX,RRM,-1,"[1000, 1000, 784, 1000, 500, 10]",0.00013375855784963358,0.00011643165673089954,1.7081901118734062e-05,9.562354965164912e-06,7.519546153569152e-06,2.45e-07,2.9329674360922713e-07,0.00012250750001136662,0.0001906314432,6.340155642072632e-05,0.0003768337963757022,0.0007502855799999999,0.001127119376375702,75028558.0,536.0,413.0,500.0,999.0,76624.0,180104.0,4884,5,0.00012196708468485114,1000,0.0010230683090705487,,NN3,1,8,T,,,1000
MAX,ORRM,-1,"[1000, 1000, 784, 1000, 500, 10]",0.0001337585578496336,0.00011643165673089954,1.708190111873407e-05,9.562354965164917e-06,7.5195461535691526e-06,2.45e-07,2.9329674360922723e-07,0.0001225075000113666,0.00019063279296,6.340155642072633e-05,0.0003768351461357022,0.0007502855799999999,0.001127120726135702,75028558.0,536.0,413.0,500.0,999.0,76624.0,176024.0,4884,5,0.00012196708468485114,1000,0.0010103023516237401,,NN3,1,8,T,,,
F200,ORRM,-1,"[200, 200, 200, 200, 200, 10]",0.00020594931590198722,0.00020062867905297943,5.075636849007762e-06,2.868981762812019e-06,2.206655086195743e-06,2.45e-07,8.709906192277957e-08,8.244918343649387e-06,4.35937984e-05,9.761997573754194e-05,0.0001495457915431141,0.0007502855799999999,0.000899831371543114,75028558.0,125.0,102.0,397.0,200.0,76624.0,517856.0,3980,4,0.00012102063063262634,1000,5.0857035223205874e-05,,NN3,1,8,T,,,
BESTFIX,ORRM,-1,"[1000, 1000, 784, 1000, 500, 10]",0.0001337585578496336,0.00011643165673089954,1.708190111873407e-05,9.562354965164917e-06,7.5195461535691526e-06,2.45e-07,2.9329674360922723e-07,0.0001225075000113666,0.00019063279296,6.340155642072633e-05,0.0003768351461357022,0.0007502855799999999,0.001127120726135702,75028558.0,536.0,413.0,500.0,999.0,76624.0,176024.0,4884,5,0.00012196708468485114,1000,0.0010103023516237401,,NN3,1,8,T,,,1000
RI,FM,-1,"[1000, 83, 61, 70, 49, 10]",0.0016309244879225613,0.0009867846803763372,0.0006421798075462239,1.1776492691189012e-05,0.0006304033148550349,1.96e-06,1.031930503539374e-05,0.0025673318455559893,0.00028709870592,0.000773058207275294,0.0036378080637866766,0.00329690116,0.0069347092237866765,329690116.0,160.0,37.0,500.0,999.0,23634816.0,1272000.0,4016,12,0.0016289644879225612,1000,0.007833397019487964,"[2805.0858572718575, 83.35119556322121, 60.7684640140872, 69.7880118079492, 48.99448847471772, 9.789226702967884]",NN3,8,8,R,,,
CS,FM,-1,"[1000, 79, 72, 78, 56, 5]",0.0015686929553957538,0.0009277939811326045,0.0006389389742631492,1.1476051385891063e-05,0.0006274629228772582,1.96e-06,1.0848126354592306e-05,0.0024936744302672367,0.00030202876415999996,0.0007435604608575873,0.0035501117816394163,0.0032984429199999997,0.0068485547016394165,329844292.0,161.0,37.0,500.0,999.0,24854592.0,1223416.0,4014,12,0.0015667329553957538,1000,0.007994253886923963,,NN3,8,8,R,3,12865,
CS,RRM,-1,"[1000, 80, 72, 80, 56, 5]",0.0015734568761875023,0.0009278198556734209,0.0006436770205140816,1.142589975226442e-05,0.0006322511207618171,1.96e-06,1.1029437748903904e-05,0.0025332867400994913,0.00030711355392,0.000745818559312876,0.0035972482910812714,0.0032987283599999998,0.006895976651081271,329872836.0,161.0,37.0,500.0,999.0,25270016.0,929600.0,4842,2,0.0007103507413705048,1000,0.0004110785673911926,,NN3,8,8,R,2,8577,
CS,ORRM,32,"[1000, 79, 72, 78, 56, 5]",0.0015712010437379266,0.0009277939811326045,0.0006414470626053221,1.1481197005665129e-05,0.000629965865599657,1.96e-06,1.0891182838439072e-05,0.002497021409752491,0.00030322808831999997,0.0007447492947317771,0.0035558899756427073,0.0032984429199999997,0.006854332895642707,329844292.0,161.0,37.0,500.0,999.0,24952576.0,1061688.0,4430,4,0.001084954633075153,1000,0.004024353562278946,,NN3,8,8,R,,,
CS_Er,ORRM,-1,"[1000, 79, 72, 77, 56, 5]",0.0015715528754176064,0.0009277837511326046,0.0006418091242850019,1.1507044054182467e-05,0.0006303020802308194,1.96e-06,1.0875131720495995e-05,0.0024957629425922234,0.00030266485247999996,0.0007449160629479453,0.003554218989740665,0.0032983801999999997,0.006852599189740665,329838020.0,161.0,37.0,500.0,999.0,24906560.0,1061688.0,4418,4,0.0010854236414315449,1000,0.0038636623465707724,,NN3,8,8,R,,,
CSE,FM,-1,"[69, 52, 40, 40, 32, 5]",0.0019584056063008813,0.0015662577453762255,0.00039018786092465574,1.0020111603623816e-05,0.0003801677493210319,1.96e-06,6.445601770910442e-06,0.00018350987312641415,0.0001790091264,0.0009282842573866177,0.0012972488586839423,0.00328597956,0.0045832284186839425,328597956.0,30.0,22.0,68.0,68.0,14803968.0,1955632.0,266,12,0.001956445606300881,69,0.018846254241712348,,NN3,8,8,R,,,
BESTFIXE,FM,-1,"[40, 40, 40, 40, 40, 10]",0.0022247058081066797,0.0018668961777944595,0.00035584963031222005,9.64090492254125e-06,0.0003462087253896788,1.96e-06,6.039173170633942e-06,0.0001230321161843333,0.00016758617088000001,0.0010545105530425662,0.0013511680132775334,0.00328489956,0.004636067573277534,328489956.0,25.0,22.0,39.0,39.0,13870720.0,2350120.0,140,12,0.0022227458081066796,40,0.025023109632094656,,NN3,8,8,R,,,40
MAX,FM,-1,"[1000, 1000, 784, 1000, 500, 10]",0.00758626850139046,0.0003342284836037483,0.007250080017786711,1.7194383423607156e-05,0.007232885634363104,1.96e-06,0.00012450632810306387,0.061051744842323105,0.00349645569024,0.0035958912696590776,0.06826859813032525,0.0036247907599999997,0.07189338889032525,362479076.0,536.0,413.0,500.0,999.0,285837184.0,535752.0,4844,12,0.00758430850139046,1000,0.0010253079507278836,,NN3,8,8,R,,,
F200,FM,-1,"[200, 200, 200, 200, 200, 10]",0.0022817090293047572,0.0005538281987413758,0.0017259208305633815,1.0850654863850942e-05,0.0017150701756995304,1.96e-06,2.960271018610651e-05,0.0030190236829639914,0.00082994838528,0.001081530079890455,0.004960104858320553,0.00335253476,0.008312639618320553,335253476.0,125.0,102.0,199.0,199.0,67985280.0,776816.0,780,12,0.002279749029304757,200,0.00500470898474289,,NN3,8,8,R,,,
BESTFIX,FM,-1,"[80, 80, 80, 80, 80, 10]",0.0017509973816425247,0.0010506136436277645,0.0006984237380147601,9.924878194202563e-06,0.0006884988598205575,1.96e-06,1.1930441621788132e-05,0.0004864227472301117,0.00033320414208000003,0.0008299727588985566,0.0016615300898304565,0.0033018083599999997,0.004963338449830456,330180836.0,50.0,42.0,79.0,79.0,27401600.0,1337296.0,300,12,0.0017490373816425248,80,0.012517534835873936,,NN3,8,8,R,,,80
MAX,RRM,-1,"[1000, 1000, 784, 1000, 500, 10]",0.007586297737663662,0.0003342284836037483,0.007250109254059913,1.7197649082811965e-05,0.007232911604977101,1.96e-06,0.00012450669989066805,0.0610518878788661,0.0034964635238400005,0.0035959051276525755,0.06826876323024934,0.0036247907599999997,0.07189355399024934,362479076.0,536.0,413.0,500.0,999.0,285837824.0,531744.0,4884,5,0.007541206558616526,1000,0.0010230683090705487,,NN3,8,8,R,,,
F200,RRM,-1,"[200, 200, 200, 200, 200, 10]",0.002290595195583665,0.0005538281987413758,0.0017348069968422892,1.0985305936360578e-05,0.0017238216909059288,1.96e-06,2.9755049373152518e-05,0.0030497385760745975,0.00083411116032,0.0010857421227066571,0.004999346908474407,0.00335253476,0.008351881668474406,335253476.0,125.0,102.0,399.0,200.0,68325376.0,513152.0,4020,2,0.0008508727728360651,1000,0.0,,NN3,8,8,R,,,
BESTFIX,RRM,-1,"[80, 80, 80, 80, 80, 10]",0.0017597631943294429,0.0010506136436277645,0.0007071895507016783,9.946925806888003e-06,0.0006972426248947903,1.96e-06,1.2080042962346028e-05,0.0004986853582544567,0.00033739825152,0.0008341277541121559,0.0016822914068489589,0.0033018083599999997,0.004984099766848958,330180836.0,50.0,42.0,159.0,80.0,27744256.0,866736.0,1620,2,0.0006691743630147566,410,0.0,,NN3,8,8,R,,,80
MAX,ORRM,-1,"[1000, 1000, 784, 1000, 500, 10]",0.0075864012670754264,0.0003342284836037483,0.007250212783471678,1.7197649082811962e-05,0.007233015134388866,1.96e-06,0.00012450848059655038,0.061052772787467256,0.00349650817536,0.003595954200593752,0.06826974364401756,0.0036247907599999997,0.07189453440401755,362479076.0,536.0,413.0,500.0,999.0,285841472.0,515672.0,4884,5,0.007541310088028292,1000,0.0010103023516237401,,NN3,8,8,R,,,
F200,ORRM,-1,"[200, 200, 200, 200, 200, 10]",0.00229059118853156,0.0005538281987413758,0.001734802989790184,1.0983099409870843e-05,0.0017238198903803132,1.96e-06,2.9754980679569835e-05,0.0030495670072295316,0.0008340688588799999,0.0010857402233639595,0.004999131070153061,0.00335253476,0.00835166583015306,335253476.0,125.0,102.0,397.0,200.0,68321920.0,626768.0,3980,4,0.001440841364543202,1000,5.0857035223205874e-05,,NN3,8,8,R,,,
BESTFIX,ORRM,-1,"[80, 80, 80, 80, 80, 10]",0.0017597631943294429,0.0010506136436277645,0.0007071895507016783,9.946925806888003e-06,0.0006972426248947903,1.96e-06,1.2080042962346028e-05,0.0004986853582544567,0.00033739825152,0.0008341277541121559,0.0016822914068489589,0.0033018083599999997,0.004984099766848958,330180836.0,50.0,42.0,159.0,80.0,27744256.0,866736.0,1620,2,0.0006691743630147566,410,0.0,,NN3,8,8,R,,,80
RI,FM,-1,"[1000, 1000, 784, 1000, 500, 10]",0.00011889649074971382,0.00011643165673089954,2.219834018814286e-06,1.2358617453297918e-06,9.839722734844943e-07,2.45e-07,2.9392306968378084e-07,0.00012265432664050236,0.00019063096960000002,5.635693661536435e-05,0.0003699361559255505,0.0007502855799999999,0.0011202217359255503,75028558.0,69.0,54.0,500.0,999.0,76624.0,184112.0,4844,12,0.00011865149074971383,1000,0.0010253079507278836,"[7016.927769311003, 4662.297715647622, 3156.3545780254512, 2579.4261943429988, 1587.4346712717206, 343.4931666795652]",NN3,1,64,T,,,
CS,FM,-1,"[1000, 750, 784, 1000, 500, 10]",0.00011874828565082269,0.00011643165673089954,2.0716289199231526e-06,1.1617591958842253e-06,9.098697240389276e-07,2.45e-07,2.740005519020548e-07,0.00010468898964073233,0.00017415721983999997,5.628668739848995e-05,0.0003354068974311243,0.0007502855799999999,0.0010856924774311242,75028558.0,65.0,50.0,500.0,999.0,76624.0,184112.0,4980,12,0.00011850328565082271,1000,0.0010829760403530896,,NN3,1,64,T,2,8577,
CS,RRM,-1,"[1000, 750, 784, 1000, 500, 10]",0.00011874801204153796,0.00011643165673089954,2.0713553106384253e-06,1.1616444565067588e-06,9.097108541316667e-07,2.45e-07,2.7406161708135296e-07,0.00010468940532451584,0.00017417303807999994,5.628655770768899e-05,0.0003354230627292861,0.0007502855799999999,0.001085708642729286,75028558.0,65.0,50.0,500.0,999.0,76624.0,180104.0,5884,5,0.00010697477545914673,1000,0.0009715006305170239,,NN3,1,64,T,2,8577,
CS,ORRM,128,"[1000, 750, 784, 1000, 500, 10]",0.0001187468028650216,0.00011643165673089954,2.0701461341220504e-06,1.160867759182372e-06,9.092783749396784e-07,2.45e-07,2.7402560039076626e-07,0.00010470986348545178,0.00017417256447999996,5.6285984558020236e-05,0.00033544243812386274,0.0007502855799999999,0.0010857280181238627,75028558.0,65.0,50.0,500.0,999.0,76624.0,184112.0,5844,12,0.0001185018028650216,1000,0.0009740226986128625,,NN3,1,64,T,,,
CS_Er,ORRM,-1,"[1000, 750, 784, 1000, 500, 10]",0.0001187469705610348,0.00011643165673089954,2.07031383013527e-06,1.160858933076413e-06,9.094548970588573e-07,2.45e-07,2.74070080434357e-07,0.00010472933950131017,0.00017417256447999996,5.628606404593049e-05,0.0003354620381076749,0.0007502855799999999,0.0010857476181076748,75028558.0,65.0,50.0,500.0,999.0,76624.0,180104.0,5844,8,0.00010697374280474953,1000,0.0009740226986128625,,NN3,1,64,T,,,
CSE,FM,-1,"[334, 250, 131, 167, 84, 10]",0.0001668724034493816,0.00016595561263257867,6.717908168029246e-07,3.9330817796074423e-07,2.784826388421804e-07,2.45e-07,7.571325384918003e-08,7.447276146399399e-06,4.3618662400000006e-05,7.909751923500688e-05,0.00013023917103525547,0.0007502855799999999,0.0008805247510352554,75028558.0,18.0,13.0,333.0,333.0,76624.0,602360.0,1460,12,0.0001666274034493816,334,0.0039653960813069876,,NN3,1,64,T,,,
BESTFIXE,FM,-1,"[250, 250, 250, 250, 250, 10]",0.00017090532284594903,0.00016993702903653443,7.232938094146057e-07,4.0347533671601096e-07,3.198184726985948e-07,2.45e-07,9.534601038163091e-08,1.116608285243825e-05,5.4128983039999996e-05,8.100912302897984e-05,0.00014639953493179972,0.0007502855799999999,0.0008966851149317997,75028558.0,20.0,17.0,249.0,249.0,76624.0,546008.0,980,12,0.00017066032284594903,250,0.004,,NN3,1,64,T,,,250
MAX,FM,-1,"[1000, 1000, 784, 1000, 500, 10]",0.00011889649074971382,0.00011643165673089954,2.219834018814286e-06,1.2358617453297918e-06,9.839722734844943e-07,2.45e-07,2.9392306968378084e-07,0.00012265432664050236,0.00019063096960000002,5.635693661536435e-05,0.0003699361559255505,0.0007502855799999999,0.0011202217359255503,75028558.0,69.0,54.0,500.0,999.0,76624.0,184112.0,4844,12,0.00011865149074971383,1000,0.0010253079507278836,,NN3,1,64,T,,,
F200,FM,-1,"[200, 200, 200, 200, 200, 10]",0.00020166314598347095,0.00020062867905297943,7.894669304915093e-07,4.430324854897568e-07,3.464344450017525e-07,2.45e-07,8.370694362763238e-08,7.835198742242226e-06,4.3380394239999995e-05,9.558833119616523e-05,0.00014688763112203506,0.0007502855799999999,0.000897173211122035,75028558.0,20.0,17.0,199.0,199.0,76624.0,677560.0,780,12,0.00020141814598347092,200,0.00500470898474289,,NN3,1,64,T,,,
BESTFIX,FM,-1,"[1000, 1000, 784, 1000, 500, 10]",0.00011889649074971382,0.00011643165673089954,2.219834018814286e-06,1.2358617453297918e-06,9.839722734844943e-07,2.45e-07,2.9392306968378084e-07,0.00012265432664050236,0.00019063096960000002,5.635693661536435e-05,0.0003699361559255505,0.0007502855799999999,0.0011202217359255503,75028558.0,69.0,54.0,500.0,999.0,76624.0,184112.0,4844,12,0.00011865149074971383,1000,0.0010253079507278836,,NN3,1,64,T,,,1000
MAX,RRM,-1,"[1000, 1000, 784, 1000, 500, 10]",0.00011889627009706485,0.00011643165673089954,2.2196133661653123e-06,1.2357470059523253e-06,9.83866360212987e-07,2.45e-07,2.939914216961587e-07,0.00012264888841955656,0.0001906314432,5.635683202600874e-05,0.00036993115506726143,0.0007502855799999999,0.0011202167350672612,75028558.0,69.0,54.0,500.0,999.0,76624.0,180104.0,4884,5,0.00010712303351467362,1000,0.0010230683090705487,,NN3,1,64,T,,,
F200,RRM,-1,"[200, 200, 200, 200, 200, 10]",0.0002017024927638359,0.00020062867905297943,8.288137108564776e-07,4.59131302758869e-07,3.696824080976085e-07,2.45e-07,8.842008244448681e-08,8.354048231518812e-06,4.359607167999999e-05,9.56069815700582e-05,0.00014764552156402148,0.0007502855799999999,0.0008979311015640213,75028558.0,20.0,17.0,399.0,200.0,76624.0,328704.0,4020,2,7.300983063815124e-05,1000,0.0,,NN3,1,64,T,,,
BESTFIX,RRM,-1,"[1000, 1000, 784, 1000, 500, 10]",0.00011889627009706485,0.00011643165673089954,2.2196133661653123e-06,1.2357470059523253e-06,9.83866360212987e-07,2.45e-07,2.939914216961587e-07,0.00012264888841955656,0.0001906314432,5.635683202600874e-05,0.00036993115506726143,0.0007502855799999999,0.0011202167350672612,75028558.0,69.0,54.0,500.0,999.0,76624.0,180104.0,4884,5,0.00010712303351467362,1000,0.0010230683090705487,,NN3,1,64,T,,,1000
MAX,ORRM,-1,"[1000, 1000, 784, 1000, 500, 10]",0.00011889595235725033,0.00011643165673089954,2.2192956263507903e-06,1.235473396667598e-06,9.838222296831923e-07,2.45e-07,2.939645514991772e-07,0.00012264036154344395,0.00019063279296,5.6356681417336653e-05,0.0003699238004722798,0.0007502855799999999,0.0011202093804722796,75028558.0,69.0,54.0,500.0,999.0,76624.0,176024.0,4884,5,0.0001071227157748591,1000,0.0010103023516237401,,NN3,1,64,T,,,
F200,ORRM,-1,"[200, 200, 200, 200, 200, 10]",0.00020170183963199497,0.00020062867905297943,8.281605790155157e-07,4.587782585205113e-07,3.693823204950045e-07,2.45e-07,8.835138886180836e-08,8.347274738905628e-06,4.35937984e-05,9.560667198556561e-05,0.00014763609651333306,0.0007502855799999999,0.000897921676513333,75028558.0,20.0,17.0,397.0,200.0,76624.0,517856.0,3980,4,0.00011930444985348094,1000,5.0857035223205874e-05,,NN3,1,64,T,,,
BESTFIX,ORRM,-1,"[1000, 1000, 784, 1000, 500, 10]",0.00011889595235725033,0.00011643165673089954,2.2192956263507903e-06,1.235473396667598e-06,9.838222296831923e-07,2.45e-07,2.939645514991772e-07,0.00012264036154344395,0.00019063279296,5.6356681417336653e-05,0.0003699238004722798,0.0007502855799999999,0.0011202093804722796,75028558.0,69.0,54.0,500.0,999.0,76624.0,176024.0,4884,5,0.0001071227157748591,1000,0.0010103023516237401,,NN3,1,64,T,,,1000
RI,FM,-1,"[1000, 236, 172, 197, 139, 10]",0.0007719835270356856,0.0005211641959779859,0.00024885933105769974,1.735797567356532e-06,0.0002471235334903432,1.96e-06,2.8770724151340272e-05,0.008352522580617083,0.00080553888768,0.0003659201918149149,0.00955275238426334,0.0033498665999999997,0.012902618984263339,334986660.0,30.0,15.0,500.0,999.0,65991040.0,744552.0,4080,12,0.0007700235270356855,1000,0.0030356420548243567,"[7933.980925949642, 235.7527824110392, 171.879171946607, 197.39030557971094, 138.57734016495618, 27.68811433696408]",NN3,8,64,R,,,
CS,FM,-1,"[1000, 250, 157, 250, 125, 10]",0.0007048889391415298,0.00046705716376778893,0.00023587177537374087,1.609374223456164e-06,0.0002342624011502847,1.96e-06,2.9695385936925006e-05,0.008836806576025273,0.00083170937856,0.00033411735715308514,0.010032328697675282,0.00335251076,0.013384839457675282,335251076.0,29.0,14.0,500.0,999.0,68129152.0,715792.0,4352,12,0.00070292893914153,1000,0.0026057465850211963,,NN3,8,64,R,2,8577,
CS,RRM,-1,"[1000, 250, 157, 250, 125, 10]",0.0007054303725559127,0.00046705716376778893,0.00023641320878812377,1.621651336845054e-06,0.00023479155745127872,1.96e-06,2.975742920511467e-05,0.008850690543012078,0.0008334844723200001,0.00033437399659150263,0.010048306441128694,0.00335251076,0.013400817201128694,335251076.0,29.0,14.0,500.0,999.0,68274176.0,511728.0,6148,2,0.00029641004396597603,1000,0.0004710315591144607,,NN3,8,64,R,2,8577,
CS,ORRM,-1,"[1000, 250, 157, 250, 125, 10]",0.0007051683031246428,0.00046705716376778893,0.00023615113935685387,1.6124015778000816e-06,0.0002345387377790538,1.96e-06,2.972189831917291e-05,0.008842163964219189,0.00083240656896,0.0003342497756810807,0.010038542207179441,0.00335251076,0.013391052967179441,335251076.0,29.0,14.0,500.0,999.0,68186112.0,600016.0,5020,3,0.00047449579373800725,1000,0.0017673104097974564,,NN3,8,64,R,,,
CS_Er,ORRM,-1,"[1000, 250, 157, 250, 125, 10]",0.0007051683031246428,0.00046705716376778893,0.00023615113935685387,1.6124015778000816e-06,0.0002345387377790538,1.96e-06,2.972189831917291e-05,0.008842163964219189,0.00083240656896,0.0003342497756810807,0.010038542207179441,0.00335251076,0.013391052967179441,335251076.0,29.0,14.0,500.0,999.0,68186112.0,600016.0,5020,3,0.00047449579373800725,1000,0.0017673104097974564,,NN3,8,64,R,,,
CSE,FM,-1,"[69, 52, 44, 40, 39, 5]",0.0015817892308251846,0.0015044679853136254,7.536124551155908e-05,1.9167831310584244e-06,7.344446238050065e-05,1.96e-06,6.803558176237881e-06,0.00019398713929207441,0.00018902986752,0.0007497680954111375,0.0011395886603994497,0.00328701956,0.00442660822039945,328701956.0,6.0,5.0,68.0,68.0,15622656.0,1907592.0,266,12,0.0015798292308251845,69,0.018693897718850366,,NN3,8,64,R,,,
BESTFIXE,FM,-1,"[50, 50, 50, 50, 50, 10]",0.0016231632388605142,0.0015462283258333002,7.497491302721399e-05,1.5562800430187647e-06,7.341863298419523e-05,1.96e-06,7.513514192509112e-06,0.00019138003167092104,0.00020900241407999996,0.0007693793752198837,0.001177275335163314,0.00328912676,0.004466402095163314,328912676.0,5.0,5.0,49.0,49.0,17254400.0,1926072.0,180,12,0.0016212032388605137,50,0.02,,NN3,8,64,R,,,50
MAX,FM,-1,"[1000, 1000, 784, 1000, 500, 10]",0.0012770739058578567,0.0003342284836037483,0.0009408854222541084,2.2161558629768503e-06,0.0009386692663911316,1.96e-06,0.00012450905127556612,0.0610528412211858,0.00349645569024,0.0006053330313766241,0.065279138994078,0.0036247907599999997,0.068903929754078,362479076.0,69.0,54.0,500.0,999.0,285837184.0,535752.0,4844,12,0.0012751139058578569,1000,0.0010253079507278836,,NN3,8,64,R,,,
F200,FM,-1,"[200, 200, 200, 200, 200, 10]",0.0008363497244953967,0.0005538281987413758,0.0002805615257540209,1.7306795443132863e-06,0.00027883084620970765,1.96e-06,2.9607518325980572e-05,0.0030194401280681247,0.00082994838528,0.00039642976941081805,0.0042754258010849235,0.00335253476,0.007627960561084923,335253476.0,20.0,17.0,199.0,199.0,67985280.0,776816.0,780,12,0.0008343897244953967,200,0.00500470898474289,,NN3,8,64,R,,,
BESTFIX,FM,-1,"[250, 250, 250, 250, 250, 10]",0.0007619081935248749,0.00047940107618604853,0.0002805471173388264,1.451710630833658e-06,0.00027909540670799273,1.96e-06,3.6969633039793394e-05,0.00471329686610538,0.0010369199308800001,0.0003611444837307907,0.006148330913755964,0.0033736707599999996,0.009522001673755963,337367076.0,20.0,17.0,249.0,249.0,84894720.0,709496.0,980,12,0.0007599481935248749,250,0.004,,NN3,8,64,R,,,250
MAX,RRM,-1,"[1000, 1000, 784, 1000, 500, 10]",0.0012770866263816785,0.0003342284836037483,0.0009408981427779301,2.216041123599384e-06,0.0009386821016543307,1.96e-06,0.00012451006562757853,0.06105324493944368,0.0034964635238400005,0.0006053390609049155,0.06527955758981618,0.0036247907599999997,0.06890434834981618,362479076.0,69.0,54.0,500.0,999.0,285837824.0,531744.0,4884,5,0.0012384810368581106,1000,0.0010230683090705487,,NN3,8,64,R,,,
F200,RRM,-1,"[200, 200, 200, 200, 200, 10]",0.000837760835981644,0.0005538281987413758,0.0002819726372402682,1.7467783615823984e-06,0.00028022585887868583,1.96e-06,2.975752593538566e-05,0.0030499179385026958,0.00083411116032,0.00039709863625529923,0.004310885261013381,0.00335253476,0.007663420021013381,335253476.0,20.0,17.0,399.0,200.0,68325376.0,513152.0,4020,2,0.00030474311106802094,1000,0.0,,NN3,8,64,R,,,
BESTFIX,RRM,-1,"[250, 250, 250, 250, 250, 10]",0.0007630741619459468,0.00047940107618604853,0.00028171308575989827,1.477959469955555e-06,0.0002802351262899427,1.96e-06,3.7123429791936304e-05,0.004751840695082705,0.0010410748723200002,0.0003616971527623787,0.0061917361499570205,0.0033736707599999996,0.00956540690995702,337367076.0,20.0,17.0,499.0,250.0,85234176.0,452872.0,5020,2,0.00029551385334988946,1000,0.0,,NN3,8,64,R,,,250
MAX,ORRM,-1,"[1000, 1000, 784, 1000, 500, 10]",0.0012770992498183345,0.0003342284836037483,0.0009409107662145861,2.2157675143146568e-06,0.0009386949987002715,1.96e-06,0.00012451315499267565,0.061054631144820515,0.00349650817536,0.0006053450444138905,0.06528099751958709,0.0036247907599999997,0.06890578827958709,362479076.0,69.0,54.0,500.0,999.0,285841472.0,515672.0,4884,5,0.0012384936602947668,1000,0.0010103023516237401,,NN3,8,64,R,,,
F200,ORRM,-1,"[200, 200, 200, 200, 200, 10]",0.000837760182849803,0.0005538281987413758,0.0002819719841084273,1.7464253173440408e-06,0.0002802255587910832,1.96e-06,2.975745724180298e-05,0.0030497463652812587,0.0008340688588799999,0.0003970983266708066,0.004310671008073868,0.00335253476,0.007663205768073868,335253476.0,20.0,17.0,397.0,200.0,68321920.0,626768.0,3980,4,0.0004854364649693856,1000,5.0857035223205874e-05,,NN3,8,64,R,,,
BESTFIX,ORRM,-1,"[250, 250, 250, 250, 250, 10]",0.000763033151647392,0.00047940107618604853,0.00028167207546134346,1.4702631055593564e-06,0.0002802018123557841,1.96e-06,3.7120850466123344e-05,0.004747522820567123,0.001040203776,0.0003616777138808638,0.00618652516091411,0.0033736707599999996,0.00956019592091411,337367076.0,20.0,17.0,447.0,250.0,85163008.0,549792.0,4148,4,0.00043985381380291273,1000,0.0008386123680241327,,NN3,8,64,R,,,250
RI,FM,-1,"[1000, 1000, 784, 1000, 500, 10]",0.00036884365815230137,0.0003373459933067729,2.9537664845528476e-05,1.7194383423607156e-05,1.234328142192132e-05,1.96e-06,5.072078677697031e-07,0.00021492129923600723,0.0015250477568000001,0.00017483189396419083,0.001915308157867968,0.004251753479999999,0.006167061637867967,425175348.0,536.0,413.0,500.0,999.0,612992.0,548440.0,4844,12,0.0003668836581523014,1000,0.0010253079507278836,"[3610.8945412120165, 2856.2378102049634, 1870.5453750176712, 1549.1098716868785, 1127.7440509461553, 216.66256406372253]",NN3,8,8,T,,,
CS,FM,-1,"[1000, 750, 784, 1000, 500, 10]",0.0003678807451651716,0.0003373459933067729,2.8574751858398675e-05,1.6712926930042256e-05,1.186182492835642e-05,1.96e-06,4.902941650766234e-07,0.00019004965504215026,0.0013932577587199998,0.00017437547320829134,0.001758173181135518,0.004251753479999999,0.0060099266611355175,425175348.0,505.0,382.0,500.0,999.0,612992.0,548440.0,4980,12,0.0003659207451651716,1000,0.0010829760403530896,,NN3,8,8,T,2,8577,
CS,RRM,-1,"[1000, 750, 784, 1000, 500, 10]",0.000367884099085436,0.0003373459933067729,2.8578105778663074e-05,1.6716192589247065e-05,1.1861913189416011e-05,1.96e-06,4.903877173867356e-07,0.00019006717732743955,0.0013933843046399995,0.00017437706296649666,0.0017583189326513225,0.004251753479999999,0.006010072412651322,425175348.0,505.0,382.0,500.0,999.0,612992.0,517008.0,5884,5,0.0003416882141559477,1000,0.0009715006305170239,,NN3,8,8,T,2,8577,
CS,ORRM,32,"[1000, 750, 784, 1000, 500, 10]",0.00036787864455195335,0.0003373459933067729,2.8572651245180447e-05,1.6710773360188274e-05,1.1861877884992174e-05,1.96e-06,4.902943168856461e-07,0.00019006596437764637,0.0013933805158399997,0.00017437447751762587,0.0017583112520521576,0.004251753479999999,0.0060100647320521575,425175348.0,505.0,382.0,500.0,999.0,612992.0,517008.0,5844,8,0.0003416827949268888,1000,0.0009740226986128625,,NN3,8,8,T,,,
CS_Er,ORRM,-1,"[1000, 750, 784, 1000, 500, 10]",0.00036789057744720984,0.0003373459933067729,2.8584584140436945e-05,1.6716739807816523e-05,1.186784433262042e-05,1.96e-06,4.904995626840579e-07,0.0001901462869867337,0.0013933805158399997,0.00017438013370997746,0.001758397436099395,0.004251753479999999,0.006010150916099395,425175348.0,505.0,382.0,500.0,999.0,612992.0,517008.0,5844,8,0.00034169472782214535,1000,0.0009740226986128625,,NN3,8,8,T,,,
CSE,FM,-1,"[154, 150, 131, 125, 84, 10]",0.0007459472363883629,0.0007263590335701947,1.7628202818168216e-05,1.0576652669015679e-05,7.051550149152538e-06,1.96e-06,2.948047849445334e-07,1.9216029054096087e-05,0.0002345938432,0.000353578990048084,0.0006076836670871246,0.004251753479999999,0.004859437147087124,425175348.0,83.0,65.0,153.0,153.0,612992.0,1155440.0,596,12,0.000743987236388363,154,0.006937820043891734,,NN3,8,8,T,,,
BESTFIXE,FM,-1,"[137, 137, 137, 137, 137, 10]",0.0007750950407589465,0.0007549294115785008,1.820562918044574e-05,1.0881114512258384e-05,7.324514668187354e-06,1.96e-06,2.987570137155929e-07,1.9763618557721588e-05,0.00023869787136,0.00036739504931974064,0.0006261552962511779,0.004251753479999999,0.004877908776251177,425175348.0,90.0,74.0,136.0,136.0,612992.0,1185232.0,528,12,0.0007731350407589464,137,0.0073040767833526315,,NN3,8,8,T,,,137
MAX,FM,-1,"[1000, 1000, 784, 1000, 500, 10]",0.00036884365815230137,0.0003373459933067729,2.9537664845528476e-05,1.7194383423607156e-05,1.234328142192132e-05,1.96e-06,5.072078677697031e-07,0.00021492129923600723,0.0015250477568000001,0.00017483189396419083,0.001915308157867968,0.004251753479999999,0.006167061637867967,425175348.0,536.0,413.0,500.0,999.0,612992.0,548440.0,4844,12,0.0003668836581523014,1000,0.0010253079507278836,,NN3,8,8,T,,,
F200,FM,-1,"[200, 200, 200, 200, 200, 10]",0.0006263588009527805,0.0006061697350952815,1.822906585749909e-05,1.0850654863850942e-05,7.378410993648145e-06,1.96e-06,3.132146566947474e-07,3.01328368463441e-05,0.00034704315391999996,0.00029689407165161793,0.0006743832770746568,0.004251753479999999,0.004926136757074656,425175348.0,125.0,102.0,199.0,199.0,612992.0,947152.0,780,12,0.0006243988009527804,200,0.00500470898474289,,NN3,8,8,T,,,
BESTFIX,FM,-1,"[1000, 1000, 784, 1000, 500, 10]",0.00036884365815230137,0.0003373459933067729,2.9537664845528476e-05,1.7194383423607156e-05,1.234328142192132e-05,1.96e-06,5.072078677697031e-07,0.00021492129923600723,0.0015250477568000001,0.00017483189396419083,0.001915308157867968,0.004251753479999999,0.006167061637867967,425175348.0,536.0,413.0,500.0,999.0,612992.0,548440.0,4844,12,0.0003668836581523014,1000,0.0010253079507278836,,NN3,8,8,T,,,1000
MAX,RRM,-1,"[1000, 1000, 784, 1000, 500, 10]",0.00036884701207256577,0.0003373459933067729,2.9541018765792875e-05,1.7197649082811965e-05,1.234336968298091e-05,1.96e-06,5.073014200798151e-07,0.00021492251303783735,0.0015250515456,0.00017483348372239618,0.0019153148437803134,0.004251753479999999,0.006167068323780313,425175348.0,536.0,413.0,500.0,999.0,612992.0,517008.0,4884,5,0.00034265112714307745,1000,0.0010230683090705487,,NN3,8,8,T,,,
F200,RRM,-1,"[200, 200, 200, 200, 200, 10]",0.0006266261437022769,0.0006061697350952815,1.8496408606995475e-05,1.0985305936360578e-05,7.511102670634897e-06,1.96e-06,3.1781090256428155e-07,3.0751240702832074e-05,0.0003487685734399999,0.0002970207921148792,0.0006768584171602755,0.004251753479999999,0.004928611897160275,425175348.0,125.0,102.0,399.0,200.0,612992.0,485504.0,4020,2,0.00019781690677942026,1000,0.0,,NN3,8,8,T,,,
BESTFIX,RRM,-1,"[1000, 1000, 784, 1000, 500, 10]",0.00036884701207256577,0.0003373459933067729,2.9541018765792875e-05,1.7197649082811965e-05,1.234336968298091e-05,1.96e-06,5.073014200798151e-07,0.00021492251303783735,0.0015250515456,0.00017483348372239618,0.0019153148437803134,0.004251753479999999,0.006167068323780313,425175348.0,536.0,413.0,500.0,999.0,612992.0,517008.0,4884,5,0.00034265112714307745,1000,0.0010230683090705487,,NN3,8,8,T,,,1000
MAX,ORRM,-1,"[1000, 1000, 784, 1000, 500, 10]",0.00036884701207256577,0.0003373459933067729,2.954101876579287e-05,1.7197649082811962e-05,1.2343369682980908e-05,1.96e-06,5.073014200798151e-07,0.00021492337902254325,0.00152506234368,0.00017483348372239618,0.0019153265078450193,0.004251753479999999,0.006167079987845018,425175348.0,536.0,413.0,500.0,999.0,612992.0,494664.0,4884,5,0.0003426511271430774,1000,0.0010103023516237401,,NN3,8,8,T,,,
F200,ORRM,-1,"[200, 200, 200, 200, 200, 10]",0.0006266221366501715,0.0006061697350952815,1.8492401554890114e-05,1.0983099409870843e-05,7.5093021450192716e-06,1.96e-06,3.177422089816031e-07,3.074330037776703e-05,0.0003487503872,0.0002970188927721813,0.0006768303225589299,0.004251753479999999,0.004928583802558929,425175348.0,125.0,102.0,397.0,200.0,612992.0,719120.0,3980,4,0.00036475234744846353,1000,5.0857035223205874e-05,,NN3,8,8,T,,,
BESTFIX,ORRM,-1,"[1000, 1000, 784, 1000, 500, 10]",0.00036884701207256577,0.0003373459933067729,2.954101876579287e-05,1.7197649082811962e-05,1.2343369682980908e-05,1.96e-06,5.073014200798151e-07,0.00021492337902254325,0.00152506234368,0.00017483348372239618,0.0019153265078450193,0.004251753479999999,0.006167079987845018,425175348.0,536.0,413.0,500.0,999.0,612992.0,494664.0,4884,5,0.0003426511271430774,1000,0.0010103023516237401,,NN3,8,8,T,,,1000
RI,FM,-1,"[1000, 78, 56, 66, 46, 9]",0.003019072078696459,0.0018497700095619748,0.0011653820691344841,2.1225941328195555e-05,0.0011441561278062885,3.92e-06,1.9251442146997125e-05,0.004792919309308561,0.0005364598272,0.0014310401653021213,0.00677967074395768,0.006449164679999999,0.01322883542395768,644916468.0,157.0,34.0,500.0,999.0,44186496.0,1699680.0,4022,12,0.003015152078696459,1000,0.008242657285445472,"[3829.2699623354383, 77.97902758246937, 56.4666197636173, 66.04513121993098, 46.142828487317416, 8.825280312613192]",NN3,16,8,R,,,
CS,FM,-1,"[1000, 80, 56, 72, 56, 5]",0.00290372058666983,0.001721748793227817,0.001178051793442013,2.074681251418979e-05,0.0011573049809278234,3.92e-06,2.018045130437683e-05,0.00494543425266739,0.0005626052505599999,0.0013763635580814994,0.006904583512613266,0.00645183732,0.013356420832613266,645183732.0,158.0,34.0,500.0,999.0,46322560.0,1638184.0,4054,12,0.00289980058666983,1000,0.007903651782430882,,NN3,16,8,R,2,8577,
CS,RRM,-1,"[1000, 80, 56, 72, 56, 5]",0.0029124897221828585,0.001721748793227817,0.0011868209289550415,2.0757853972744425e-05,0.001166063074982297,3.92e-06,2.0329777679970766e-05,0.004956156479815631,0.00056679936,0.001380520128314675,0.006923805745810278,0.00645183732,0.013375643065810277,645183732.0,158.0,34.0,500.0,999.0,46665216.0,1238336.0,4746,2,0.0013164414153087772,1000,0.00044574701628090975,,NN3,16,8,R,2,8577,
CS,ORRM,32,"[1000, 79, 56, 72, 56, 5]",0.0029078597344779993,0.0017217395712890414,0.001182200163188958,2.0801878183700787e-05,0.0011613982850052571,3.92e-06,2.0139340599465117e-05,0.004891178172476216,0.0005614380441599999,0.0013783255141425715,0.0068510810713782525,0.00645151732,0.013302598391378252,645151732.0,158.0,34.0,500.0,999.0,46227200.0,1406448.0,4374,4,0.002021174059050217,1000,0.0044320181090803145,,NN3,16,8,R,,,
CS_Er,ORRM,-1,"[1000, 79, 56, 72, 56, 5]",0.0029079622400614725,0.0017217395712890414,0.0011823026687724312,2.0801516313356472e-05,0.0011615011524590748,3.92e-06,2.0141103581644095e-05,0.0048911556146758435,0.00056129547264,0.0013783741017891378,0.006850966292686625,0.00645151732,0.013302483612686624,645151732.0,158.0,34.0,500.0,999.0,46215552.0,1406448.0,4338,4,0.0020216405504044697,1000,0.004686957203850421,,NN3,16,8,R,,,
CSE,FM,-1,"[67, 54, 32, 40, 32, 5]",0.003672423727416649,0.002926842666759954,0.0007416610606566948,1.9727914418549472e-05,0.0007219331462381454,3.92e-06,1.2445162311101053e-05,0.00034673869550090364,0.00034572263424,0.0017407288467954913,0.002445635338847496,0.00642990324,0.008875538578847497,642990324.0,29.0,21.0,66.0,66.0,28603392.0,2301552.0,290,12,0.0036685037274166495,67,0.01884071035788335,,NN3,16,8,R,,,
BESTFIXE,FM,-1,"[40, 40, 40, 40, 40, 10]",0.004116913770788711,0.0034018053169470796,0.0007111884538416319,1.901031668724713e-05,0.0006921781371543847,3.92e-06,1.2069700582398649e-05,0.00024590163215845094,0.00033517234176000003,0.001951417127353849,0.0025445608018546985,0.00642902324,0.008973584041854698,642902324.0,25.0,22.0,39.0,39.0,27741440.0,2664360.0,140,12,0.0041129937707887095,40,0.025023109632094656,,NN3,16,8,R,,,40
MAX,FM,-1,"[1000, 1000, 784, 1000, 500, 10]",0.015073956296816085,0.0005838845143235051,0.01448615178249258,2.656379518831302e-05,0.014459587987304267,3.92e-06,0.00024877216469129947,0.12200280110939349,0.00699291138048,0.007145055284690824,0.13638953993925562,0.007108805639999999,0.14349834557925562,710880564.0,536.0,413.0,500.0,999.0,571674368.0,988616.0,4844,12,0.015070036296816084,1000,0.0010253079507278836,,NN3,16,8,R,,,
F200,FM,-1,"[200, 200, 200, 200, 200, 10]",0.004447470914005936,0.0009944089069719667,0.00344914200703397,2.022006662855682e-05,0.003428921940405413,3.92e-06,5.915914465669474e-05,0.006033801991949874,0.00165989677056,0.0021081012132388136,0.009860959120405383,0.00656429364,0.016425252760405382,656429364.0,125.0,102.0,199.0,199.0,135970560.0,1231280.0,780,12,0.004443550914005936,200,0.00500470898474289,,NN3,16,8,R,,,
BESTFIX,FM,-1,"[80, 80, 80, 80, 80, 10]",0.0032480572266139936,0.0018483134885992336,0.00139582373801476,1.9294289958908445e-05,0.0013765294480558516,3.92e-06,2.384341962178813e-05,0.0009721991962159941,0.0006664082841600001,0.0015395791254150329,0.003202030025412815,0.006462840839999999,0.009664870865412813,646284084.0,50.0,42.0,79.0,79.0,54803200.0,1694064.0,300,12,0.003244137226613994,80,0.012517534835873936,,NN3,16,8,R,,,80
MAX,RRM,-1,"[1000, 1000, 784, 1000, 500, 10]",0.015074011415442228,0.0005838845143235051,0.014486206901118723,2.656706084751783e-05,0.014459639840271205,3.92e-06,0.0002487728147141977,0.1220030862526071,0.006992927047680001,0.007145081410919615,0.13638986752592092,0.007108805639999999,0.1434986731659209,710880564.0,536.0,413.0,500.0,999.0,571675648.0,984608.0,4884,5,0.014997039059924503,1000,0.0010230683090705487,,NN3,16,8,R,,,
F200,RRM,-1,"[200, 200, 200, 200, 200, 10]",0.004464975903814256,0.0009944089069719667,0.0034666469968422887,2.0354717701066463e-05,0.0034462922791412224,3.92e-06,5.945922678491721e-05,0.006094742846126363,0.00166822232064,0.002116398578407957,0.009938822971959237,0.00656429364,0.01650311661195924,656429364.0,125.0,102.0,399.0,200.0,136650752.0,770176.0,4020,2,0.0016653806706632003,1000,0.0,,NN3,16,8,R,,,
BESTFIX,RRM,-1,"[80, 80, 80, 80, 80, 10]",0.003265545392242088,0.0018483134885992336,0.0014133119036428545,1.9316337571593887e-05,0.0013939955660712607,3.92e-06,2.414187684469897e-05,0.0009966860757415156,0.00067479650304,0.0015478685159227496,0.0032434929715489643,0.006462840839999999,0.009706333811548964,646284084.0,50.0,42.0,159.0,80.0,55488512.0,1125168.0,1620,2,0.0012480332541029717,410,0.0,,NN3,16,8,R,,,80
MAX,ORRM,-1,"[1000, 1000, 784, 1000, 500, 10]",0.015074218474265764,0.0005838845143235051,0.01448641395994226,2.656706084751784e-05,0.014459846899094742,3.92e-06,0.00024877637612596244,0.12200485606980947,0.00699301635072,0.0071451795568019715,0.1363918283534574,0.007108805639999999,0.1435006339934574,710880564.0,536.0,413.0,500.0,999.0,571682944.0,968472.0,4884,5,0.014997246118748041,1000,0.0010103023516237401,,NN3,16,8,R,,,
F200,ORRM,-1,"[200, 200, 200, 200, 200, 10]",0.0044649718967621505,0.0009944089069719667,0.0034666429897901837,2.0352511174576725e-05,0.003446290478615607,3.92e-06,5.945915809133453e-05,0.0060944062859001205,0.0016681377177599997,0.0021163966790652593,0.009938399840816715,0.00656429364,0.016502693480816715,656429364.0,125.0,102.0,397.0,200.0,136643840.0,934608.0,3980,4,0.002825082887836748,1000,5.0857035223205874e-05,,NN3,16,8,R,,,
BESTFIX,ORRM,-1,"[80, 80, 80, 80, 80, 10]",0.003265545392242088,0.0018483134885992336,0.0014133119036428545,1.9316337571593887e-05,0.0013939955660712607,3.92e-06,2.414187684469897e-05,0.0009966860757415156,0.00067479650304,0.0015478685159227496,0.0032434929715489643,0.006462840839999999,0.009706333811548964,646284084.0,50.0,42.0,159.0,80.0,55488512.0,1125168.0,1620,2,0.0012480332541029717,410,0.0,,NN3,16,8,R,,,80
RI,FM,-1,"[1000, 1000, 784, 1000, 500, 10]",0.0003431337685020578,0.0003373459933067729,3.827775195284873e-06,2.2161558629768503e-06,1.6116193323080233e-06,1.96e-06,5.083729226249573e-07,0.00021527173874814947,0.0015250477568000001,0.0001626454062699754,0.00190347327474075,0.004251753479999999,0.00615522675474075,425175348.0,69.0,54.0,500.0,999.0,612992.0,548440.0,4844,12,0.00034117376850205784,1000,0.0010253079507278836,"[10213.152064962018, 8078.660497109378, 5290.7012767685155, 4381.544380291258, 3189.741863467255, 612.814273114892]",NN3,8,64,T,,,
CS,FM,-1,"[1000, 750, 784, 1000, 500, 10]",0.00034301144575610786,0.0003373459933067729,3.7054524493349174e-06,2.154994490001872e-06,1.5504579593330452e-06,1.96e-06,4.912605813138196e-07,0.00019029182625543824,0.0013932577587199998,0.0001625874252883951,0.001746628270845147,0.004251753479999999,0.005998381750845146,425175348.0,65.0,50.0,500.0,999.0,612992.0,548440.0,4980,12,0.0003410514457561079,1000,0.0010829760403530896,,NN3,8,64,T,2,8577,
CS,RRM,-1,"[1000, 750, 784, 1000, 500, 10]",0.00034301117214682305,0.0003373459933067729,3.70517884005019e-06,2.154879750624406e-06,1.5502990894257842e-06,1.96e-06,4.913216464931177e-07,0.00019030012098039816,0.0013933843046399995,0.00016258729559759413,0.001746763042864485,0.004251753479999999,0.005998516522864485,425175348.0,65.0,50.0,500.0,999.0,612992.0,517008.0,5884,5,0.00031684322968207894,1000,0.0009715006305170239,,NN3,8,64,T,2,8577,
CS,ORRM,128,"[1000, 750, 784, 1000, 500, 10]",0.00034300996297030676,0.0003373459933067729,3.7039696635338148e-06,2.154103053300019e-06,1.549866610233796e-06,1.96e-06,4.912856298025311e-07,0.0001903203661942753,0.0013933805158399997,0.0001625867224479254,0.0017467788901120028,0.004251753479999999,0.005998532370112003,425175348.0,65.0,50.0,500.0,999.0,612992.0,548440.0,5844,12,0.00034104996297030675,1000,0.0009740226986128625,,NN3,8,64,T,,,
CS_Er,ORRM,-1,"[1000, 750, 784, 1000, 500, 10]",0.0003430101306663199,0.0003373459933067729,3.7041373595470354e-06,2.1540942271940605e-06,1.5500431323529749e-06,1.96e-06,4.913301098461218e-07,0.00019033984221013373,0.0013933805158399997,0.00016258680193583563,0.0017467984900958152,0.004251753479999999,0.005998551970095815,425175348.0,65.0,50.0,500.0,999.0,612992.0,517008.0,5844,8,0.0003168421970276817,1000,0.0009740226986128625,,NN3,8,64,T,,,
CSE,FM,-1,"[154, 150, 131, 125, 84, 10]",0.0007310838764599734,0.0007263590335701947,2.7648428897787284e-06,1.639730513190758e-06,1.1251123765879707e-06,1.96e-06,2.9561981694218923e-07,1.9262166195234122e-05,0.0002345938432,0.0003465337574420274,0.0006006853866542038,0.004251753479999999,0.004852438866654203,425175348.0,13.0,11.0,153.0,153.0,612992.0,1155440.0,596,12,0.0007291238764599732,154,0.006937820043891734,,NN3,8,64,T,,,
BESTFIXE,FM,-1,"[137, 137, 137, 137, 137, 10]",0.0007599487209932041,0.0007549294115785008,3.05930941470339e-06,1.8193167168295593e-06,1.2399926978738306e-06,1.96e-06,3.0454443597389873e-07,2.0106562275064975e-05,0.00023869787136,0.00036021569375077877,0.0006193246718218177,0.004251753479999999,0.004871078151821817,425175348.0,15.0,13.0,136.0,136.0,612992.0,1185232.0,528,12,0.000757988720993204,137,0.0073040767833526315,,NN3,8,64,T,,,137
MAX,FM,-1,"[1000, 1000, 784, 1000, 500, 10]",0.0003431337685020578,0.0003373459933067729,3.827775195284873e-06,2.2161558629768503e-06,1.6116193323080233e-06,1.96e-06,5.083729226249573e-07,0.00021527173874814947,0.0015250477568000001,0.0001626454062699754,0.00190347327474075,0.004251753479999999,0.00615522675474075,425175348.0,69.0,54.0,500.0,999.0,612992.0,548440.0,4844,12,0.00034117376850205784,1000,0.0010253079507278836,,NN3,8,64,T,,,
F200,FM,-1,"[200, 200, 200, 200, 200, 10]",0.0006110512608493024,0.0006061697350952815,2.9215257540209212e-06,1.7306795443132863e-06,1.190846209707635e-06,1.96e-06,3.171324436276324e-07,3.0458424538712807e-05,0.00034704315391999996,0.00028963829764256933,0.0006674570085449098,0.004251753479999999,0.00491921048854491,425175348.0,20.0,17.0,199.0,199.0,612992.0,947152.0,780,12,0.0006090912608493023,200,0.00500470898474289,,NN3,8,64,T,,,
BESTFIX,FM,-1,"[1000, 1000, 784, 1000, 500, 10]",0.0003431337685020578,0.0003373459933067729,3.827775195284873e-06,2.2161558629768503e-06,1.6116193323080233e-06,1.96e-06,5.083729226249573e-07,0.00021527173874814947,0.0015250477568000001,0.0001626454062699754,0.00190347327474075,0.004251753479999999,0.00615522675474075,425175348.0,69.0,54.0,500.0,999.0,612992.0,548440.0,4844,12,0.00034117376850205784,1000,0.0010253079507278836,,NN3,8,64,T,,,1000
MAX,RRM,-1,"[1000, 1000, 784, 1000, 500, 10]",0.0003431335478494088,0.0003373459933067729,3.8275545426359e-06,2.216041123599384e-06,1.611513419036516e-06,1.96e-06,5.084412746373351e-07,0.00021526651347426247,0.0015250515456,0.00016264530168061977,0.0019034718020295197,0.004251753479999999,0.006155225282029519,425175348.0,69.0,54.0,500.0,999.0,612992.0,517008.0,4884,5,0.00031696560538466465,1000,0.0010230683090705487,,NN3,8,64,T,,,
F200,RRM,-1,"[200, 200, 200, 200, 200, 10]",0.0006110906076296673,0.0006061697350952815,2.960872534385889e-06,1.7467783615823984e-06,1.2140941728034908e-06,1.96e-06,3.2184558244448684e-07,3.1090398603871754e-05,0.0003487685734399999,0.00028965694801646227,0.0006698377656427784,0.004251753479999999,0.004921591245642778,425175348.0,20.0,17.0,399.0,200.0,612992.0,485504.0,4020,2,0.00019317195089372903,1000,0.0,,NN3,8,64,T,,,
BESTFIX,RRM,-1,"[1000, 1000, 784, 1000, 500, 10]",0.0003431335478494088,0.0003373459933067729,3.8275545426359e-06,2.216041123599384e-06,1.611513419036516e-06,1.96e-06,5.084412746373351e-07,0.00021526651347426247,0.0015250515456,0.00016264530168061977,0.0019034718020295197,0.004251753479999999,0.006155225282029519,425175348.0,69.0,54.0,500.0,999.0,612992.0,517008.0,4884,5,0.00031696560538466465,1000,0.0010230683090705487,,NN3,8,64,T,,,1000
MAX,ORRM,-1,"[1000, 1000, 784, 1000, 500, 10]",0.00034313323010959427,0.0003373459933067729,3.827236802821378e-06,2.2157675143146568e-06,1.6114692885067213e-06,1.96e-06,5.084144044403537e-07,0.0002152589661546204,0.00152506234368,0.00016264515107194767,0.0019034748753110084,0.004251753479999999,0.006155228355311008,425175348.0,69.0,54.0,500.0,999.0,612992.0,494664.0,4884,5,0.0003169652876448501,1000,0.0010103023516237401,,NN3,8,64,T,,,
F200,ORRM,-1,"[200, 200, 200, 200, 200, 10]",0.0006110899544978264,0.0006061697350952815,2.9602194025449276e-06,1.7464253173440408e-06,1.2137940852008867e-06,1.96e-06,3.217768888618084e-07,3.108245390243504e-05,0.0003487503872,0.0002896566384319697,0.0006698112564232665,0.004251753479999999,0.004921564736423266,425175348.0,20.0,17.0,397.0,200.0,612992.0,719120.0,3980,4,0.0003571123431399064,1000,5.0857035223205874e-05,,NN3,8,64,T,,,
BESTFIX,ORRM,-1,"[1000, 1000, 784, 1000, 500, 10]",0.00034313323010959427,0.0003373459933067729,3.827236802821378e-06,2.2157675143146568e-06,1.6114692885067213e-06,1.96e-06,5.084144044403537e-07,0.0002152589661546204,0.00152506234368,0.00016264515107194767,0.0019034748753110084,0.004251753479999999,0.006155228355311008,425175348.0,69.0,54.0,500.0,999.0,612992.0,494664.0,4884,5,0.0003169652876448501,1000,0.0010103023516237401,,NN3,8,64,T,,,1000
RI,FM,-1,"[1000, 221, 160, 187, 131, 10]",0.0014010794291675027,0.0009204975733062409,0.0004766618558612619,3.0161407548700596e-06,0.0004736457151063918,3.92e-06,5.3908667833631386e-05,0.015447238520625581,0.00151108343808,0.0006641116494253963,0.01767634227596461,0.0065487429199999996,0.02422508519596461,654874292.0,29.0,14.0,500.0,999.0,123812608.0,1198696.0,4088,12,0.0013971594291675026,1000,0.0032199608545647558,"[10830.811029445375, 220.5579967755877, 159.71171898214448, 186.8038405998742, 130.51162770603977, 24.961662219683685]",NN3,16,64,R,,,
CS,FM,-1,"[1000, 250, 157, 250, 125, 10]",0.001329665659580494,0.0008545644724420472,0.00047118118713844676,2.8387859881620465e-06,0.0004683424011502847,3.92e-06,5.9318068231042646e-05,0.01766266290296645,0.00166341875712,0.0006302615226411541,0.020015661250958643,0.00656424564,0.026579906890958644,656424564.0,29.0,14.0,500.0,999.0,136258304.0,1169744.0,4352,12,0.001325745659580494,1000,0.0026057465850211963,,NN3,16,64,R,2,8577,
CS,RRM,-1,"[1000, 250, 157, 250, 125, 10]",0.0013307247400537003,0.0008545644724420472,0.0004722402676116532,2.851063101550936e-06,0.00046938920451010223,3.92e-06,5.943915302864408e-05,0.017690130549888553,0.0016669689446400001,0.0006307635267854539,0.02004730217434265,0.00656424564,0.02661154781434265,656424564.0,29.0,14.0,500.0,999.0,136548352.0,818800.0,6148,2,0.0005617458706130809,1000,0.0004710315591144607,,NN3,16,64,R,2,8577,
CS,ORRM,-1,"[1000, 250, 157, 250, 125, 10]",0.0013302167882694893,0.0008545644724420472,0.0004717323158274421,2.8418133425059637e-06,0.0004688905024849361,3.92e-06,5.937012261329057e-05,0.017673276647967428,0.00166481313792,0.000630522757639738,0.020027982666140455,0.00656424564,0.026592228306140456,656424564.0,29.0,14.0,500.0,999.0,136372224.0,971344.0,5020,3,0.0008951709146294381,1000,0.0017673104097974564,,NN3,16,64,R,,,
CS_Er,ORRM,-1,"[1000, 250, 157, 250, 125, 10]",0.0013302167882694893,0.0008545644724420472,0.0004717323158274421,2.8418133425059637e-06,0.0004688905024849361,3.92e-06,5.937012261329057e-05,0.017673276647967428,0.00166481313792,0.000630522757639738,0.020027982666140455,0.00656424564,0.026592228306140456,656424564.0,29.0,14.0,500.0,999.0,136372224.0,971344.0,5020,3,0.0008951709146294381,1000,0.0017673104097974564,,NN3,16,64,R,,,
CSE,FM,-1,"[67, 54, 42, 40, 39, 5]",0.0028536993137529038,0.0026991781035457683,0.00015060121020713524,3.7932360670818e-06,0.00014680797414005345,3.92e-06,1.3650657382932135e-05,0.00038680707300844475,0.00037955751936,0.0013526534747188763,0.002132668724470253,0.00643342324,0.008566091964470253,643342324.0,6.0,5.0,66.0,66.0,31367680.0,2205480.0,258,12,0.002849779313752904,67,0.01879767079471828,,NN3,16,64,R,,,
BESTFIXE,FM,-1,"[50, 50, 50, 50, 50, 10]",0.0029035683553298637,0.0027498087364202966,0.00014983961890956693,3.057456513607e-06,0.00014678216239595994,3.92e-06,1.5016128898391467e-05,0.00038250569555327405,0.0004180048281599999,0.0013762914004263552,0.002191818053038021,0.00643747764,0.008629295693038021,643747764.0,5.0,5.0,49.0,49.0,34508800.0,2238648.0,180,12,0.002899648355329863,50,0.02,,NN3,16,64,R,,,50
MAX,FM,-1,"[1000, 1000, 784, 1000, 500, 10]",0.002467753465989378,0.0005838845143235051,0.0018799489516658733,3.4196852747415572e-06,0.0018765292663911316,3.92e-06,0.0002487768911579191,0.12200484603963524,0.00699291138048,0.0011697151428789652,0.13041624945415214,0.007108805639999999,0.13752505509415214,710880564.0,69.0,54.0,500.0,999.0,571674368.0,988616.0,4844,12,0.002463833465989378,1000,0.0010253079507278836,,NN3,16,64,R,,,
F200,FM,-1,"[200, 200, 200, 200, 200, 10]",0.0015590021974318698,0.0009944089069719667,0.0005606732904599032,3.218914838430933e-06,0.0005574543756214723,3.92e-06,5.91679593848041e-05,0.00603456290021636,0.00165989677056,0.0007389670415827062,0.00849259467174387,0.00656429364,0.01505688831174387,656429364.0,20.0,17.0,199.0,199.0,135970560.0,1231280.0,780,12,0.00155508219743187,200,0.00500470898474289,,NN3,16,64,R,,,
BESTFIX,FM,-1,"[250, 250, 250, 250, 250, 10]",0.0014302621438301876,0.00086570914413842,0.0005606329996917676,2.6552400425983638e-06,0.0005579777596491692,3.92e-06,7.387876903979338e-05,0.009419660823940672,0.0020738398617600002,0.0006779442561755089,0.012245323710915976,0.006606565639999999,0.018851889350915974,660656564.0,20.0,17.0,249.0,249.0,169789440.0,1163512.0,980,12,0.0014263421438301877,250,0.004,,NN3,16,64,R,,,250
MAX,RRM,-1,"[1000, 1000, 784, 1000, 500, 10]",0.0024677791276896703,0.0005838845143235051,0.0018799746133661653,3.419570535364091e-06,0.0018765550428308012,3.92e-06,0.0002487788515099315,0.12200565898535429,0.006992927047680001,0.0011697273065249037,0.13041709219106912,0.007108805639999999,0.1375258978310691,710880564.0,69.0,54.0,500.0,999.0,571675648.0,984608.0,4884,5,0.0024037629499308083,1000,0.0010230683090705487,,NN3,16,64,R,,,
F200,RRM,-1,"[200, 200, 200, 200, 200, 10]",0.0015617850736239997,0.0009944089069719667,0.0005634561666520329,3.2350136557000457e-06,0.0005602211529963329,3.92e-06,5.946326146479742e-05,0.006095017268121518,0.00166822232064,0.0007402861248977758,0.008562988975124091,0.00656429364,0.015127282615124091,656429364.0,20.0,17.0,399.0,200.0,136650752.0,770176.0,4020,2,0.0005736768912480974,1000,0.0,,NN3,16,64,R,,,
BESTFIX,RRM,-1,"[250, 250, 250, 250, 250, 10]",0.00143254105342773,0.00086570914413842,0.00056291190928931,2.6814888817202608e-06,0.0005602304204075897,3.92e-06,7.41791957919363e-05,0.009495808746892117,0.0020821497446400004,0.000679024459324744,0.012331162146648799,0.006606565639999999,0.018937727786648796,660656564.0,20.0,17.0,499.0,250.0,170468352.0,709640.0,5020,2,0.0005592108018651575,1000,0.0,,NN3,16,64,R,,,250
MAX,ORRM,-1,"[1000, 1000, 784, 1000, 500, 10]",0.0024678046923027968,0.0005838845143235051,0.0018800001779792916,3.4192969260793633e-06,0.0018765808810532122,3.92e-06,0.0002487850571103227,0.12200843992298406,0.00699301635072,0.0011697394241515257,0.13041998075496591,0.007108805639999999,0.1375287863949659,710880564.0,69.0,54.0,500.0,999.0,571682944.0,968472.0,4884,5,0.002403788514543935,1000,0.0010103023516237401,,NN3,16,64,R,,,
F200,ORRM,-1,"[200, 200, 200, 200, 200, 10]",0.0015617844204921585,0.0009944089069719667,0.0005634555135201919,3.234660611461688e-06,0.0005602208529087302,3.92e-06,5.946319277121474e-05,0.006094680703518905,0.0016681377177599997,0.0007402858153132831,0.008562567429363403,0.00656429364,0.015126861069363402,656429364.0,20.0,17.0,397.0,200.0,136643840.0,934608.0,3980,4,0.0009153826941452846,1000,5.0857035223205874e-05,,NN3,16,64,R,,,
BESTFIX,ORRM,-1,"[250, 250, 250, 250, 250, 10]",0.0014324741607762341,0.00086570914413842,0.000562845016637814,2.6737925173240625e-06,0.00056017122412049,3.92e-06,7.41760599955351e-05,0.00948743238536477,0.002080407552,0.0006789927522079349,0.012321008749568239,0.006606565639999999,0.018927574389568238,660656564.0,20.0,17.0,447.0,250.0,170326016.0,857248.0,4148,4,0.0008412498821399096,1000,0.0008386123680241327,,NN3,16,64,R,,,250
RI,FM,-1,"[1000, 1000, 784, 1000, 500, 10]",0.0006364818292134099,0.0005874947526031756,4.5067076610234325e-05,2.656379518831302e-05,1.8503281421921305e-05,3.92e-06,7.739242207108791e-07,0.0003291540232195365,0.0030500955136000003,0.00030169238704715626,0.003681715848087404,0.00825343108,0.011935146928087404,825343108.0,536.0,413.0,500.0,999.0,1225984.0,969368.0,4844,12,0.00063256182921341,1000,0.0010253079507278836,"[4581.279075569832, 3799.6129702320413, 2440.7268498452577, 2061.6220349438418, 1533.1669692357566, 284.3315748284816]",NN3,16,8,T,,,
CS,FM,-1,"[1000, 750, 784, 1000, 500, 10]",0.0006355189162262801,0.0005874947526031756,4.4104163623104564e-05,2.608233869474814e-05,1.8021824928356424e-05,3.92e-06,7.567879297825061e-07,0.00029430484395979734,0.0027865155174399995,0.00030123596629125677,0.003382813115620836,0.00825343108,0.011636244195620836,825343108.0,505.0,382.0,500.0,999.0,1225984.0,969368.0,4980,12,0.0006315989162262802,1000,0.0010829760403530896,,NN3,16,8,T,2,8577,
CS,RRM,-1,"[1000, 750, 784, 1000, 500, 10]",0.0006355222701465446,0.0005874947526031756,4.410751754336896e-05,2.608560435395295e-05,1.8021913189416008e-05,3.92e-06,7.568814820926181e-07,0.0002943318494874395,0.002786768609279999,0.0003012375560494621,0.003383094896298993,0.00825343108,0.011636525976298993,825343108.0,505.0,382.0,500.0,999.0,1225984.0,906512.0,5884,5,0.0005938905028641151,1000,0.0009715006305170239,,NN3,16,8,T,2,8577,
CS,ORRM,32,"[1000, 750, 784, 1000, 500, 10]",0.0006355168156130619,0.0005874947526031756,4.4102063009886336e-05,2.6080185124894158e-05,1.8021877884992175e-05,3.92e-06,7.567880815915289e-07,0.0002943303526082346,0.0027867610316799993,0.0003012349706005913,0.0033830831429704166,0.00825343108,0.011636514222970417,825343108.0,505.0,382.0,500.0,999.0,1225984.0,906512.0,5844,8,0.0005938850836350563,1000,0.0009740226986128625,,NN3,16,8,T,,,
CS_Er,ORRM,-1,"[1000, 750, 784, 1000, 500, 10]",0.0006355287485083184,0.0005874947526031756,4.411399590514284e-05,2.6086151572522414e-05,1.8027844332620427e-05,3.92e-06,7.569933273899407e-07,0.00029441067521732205,0.0027867610316799993,0.0003012406267929429,0.0033831693270176544,0.00825343108,0.011636600407017654,825343108.0,505.0,382.0,500.0,999.0,1225984.0,906512.0,5844,8,0.0005938970165303127,1000,0.0009740226986128625,,NN3,16,8,T,,,
CSE,FM,-1,"[143, 150, 88, 100, 84, 10]",0.001445832666306837,0.0014088806723416849,3.303199396515211e-05,1.9839412685582167e-05,1.3192581279569944e-05,3.92e-06,5.574690056716232e-07,3.176285780079859e-05,0.00041018394624,0.0006853246838294406,0.0011278289568759107,0.00825343108,0.009381260036875911,825343108.0,72.0,56.0,149.0,149.0,1225984.0,1665368.0,628,12,0.001441912666306837,150,0.007614280947614281,,NN3,16,8,T,,,
BESTFIXE,FM,-1,"[125, 125, 125, 125, 125, 10]",0.0014656613159222353,0.0014282903951567925,3.345092076544265e-05,2.0090304100335502e-05,1.3360616665107149e-05,3.92e-06,5.615064506459194e-07,3.4018144102999646e-05,0.00043612207104000005,0.0006947234637471395,0.0011654251853407851,0.00825343108,0.009418856265340786,825343108.0,80.0,66.0,124.0,124.0,1225984.0,1669480.0,480,12,0.001461741315922235,125,0.008,,NN3,16,8,T,,,125
MAX,FM,-1,"[1000, 1000, 784, 1000, 500, 10]",0.0006364818292134099,0.0005874947526031756,4.5067076610234325e-05,2.656379518831302e-05,1.8503281421921305e-05,3.92e-06,7.739242207108791e-07,0.0003291540232195365,0.0030500955136000003,0.00030169238704715626,0.003681715848087404,0.00825343108,0.011935146928087404,825343108.0,536.0,413.0,500.0,999.0,1225984.0,969368.0,4844,12,0.00063256182921341,1000,0.0010253079507278836,,NN3,16,8,T,,,
F200,FM,-1,"[200, 200, 200, 200, 200, 10]",0.001094027552808457,0.001056349075186252,3.375847762220497e-05,2.022006662855682e-05,1.3538410993648143e-05,3.92e-06,5.80153597871218e-07,5.602029971457941e-05,0.0006940863078399999,0.0005185690600312086,0.0012692558211836592,0.00825343108,0.00952268690118366,825343108.0,125.0,102.0,199.0,199.0,1225984.0,1369552.0,780,12,0.0010901075528084567,200,0.00500470898474289,,NN3,16,8,T,,,
BESTFIX,FM,-1,"[1000, 1000, 784, 1000, 500, 10]",0.0006364818292134099,0.0005874947526031756,4.5067076610234325e-05,2.656379518831302e-05,1.8503281421921305e-05,3.92e-06,7.739242207108791e-07,0.0003291540232195365,0.0030500955136000003,0.00030169238704715626,0.003681715848087404,0.00825343108,0.011935146928087404,825343108.0,536.0,413.0,500.0,999.0,1225984.0,969368.0,4844,12,0.00063256182921341,1000,0.0010253079507278836,,NN3,16,8,T,,,1000
MAX,RRM,-1,"[1000, 1000, 784, 1000, 500, 10]",0.0006364851831336742,0.0005874947526031756,4.507043053049872e-05,2.656706084751783e-05,1.8503369682980892e-05,3.92e-06,7.74017773020991e-07,0.0003291555209507784,0.0030501030912,0.0003016939768053616,0.003681726606729161,0.00825343108,0.011935157686729161,825343108.0,536.0,413.0,500.0,999.0,1225984.0,906512.0,4884,5,0.0005948534158512448,1000,0.0010230683090705487,,NN3,16,8,T,,,
F200,RRM,-1,"[200, 200, 200, 200, 200, 10]",0.0010942948955579533,0.001056349075186252,3.402582037170136e-05,2.0354717701066463e-05,1.3671102670634896e-05,3.92e-06,5.847498437407521e-07,5.676817538283207e-05,0.0006975371468799998,0.0005186957804944698,0.0012735858526010425,0.00825343108,0.009527016932601043,825343108.0,125.0,102.0,399.0,200.0,1225984.0,664704.0,4020,2,0.0003636830460499107,1000,0.0,,NN3,16,8,T,,,
BESTFIX,RRM,-1,"[1000, 1000, 784, 1000, 500, 10]",0.0006364851831336742,0.0005874947526031756,4.507043053049872e-05,2.656706084751783e-05,1.8503369682980892e-05,3.92e-06,7.74017773020991e-07,0.0003291555209507784,0.0030501030912,0.0003016939768053616,0.003681726606729161,0.00825343108,0.011935157686729161,825343108.0,536.0,413.0,500.0,999.0,1225984.0,906512.0,4884,5,0.0005948534158512448,1000,0.0010230683090705487,,NN3,16,8,T,,,1000
MAX,ORRM,-1,"[1000, 1000, 784, 1000, 500, 10]",0.0006364851831336742,0.0005874947526031756,4.507043053049874e-05,2.656706084751784e-05,1.85033696829809e-05,3.92e-06,7.740177730209912e-07,0.00032915725292019017,0.00305012468736,0.0003016939768053616,0.0036817499348585727,0.00825343108,0.011935181014858572,825343108.0,536.0,413.0,500.0,999.0,1225984.0,884104.0,4884,5,0.0005948534158512448,1000,0.0010103023516237401,,NN3,16,8,T,,,
F200,ORRM,-1,"[200, 200, 200, 200, 200, 10]",0.001094290888505848,0.001056349075186252,3.4021813319595996e-05,2.0352511174576725e-05,1.3669302145019271e-05,3.92e-06,5.846811501580737e-07,5.675887219659057e-05,0.0006975007744,0.000518693881151772,0.0012735382088985205,0.00825343108,0.009526969288898521,825343108.0,125.0,102.0,397.0,200.0,1225984.0,949136.0,3980,4,0.0006243234525313484,1000,5.0857035223205874e-05,,NN3,16,8,T,,,
BESTFIX,ORRM,-1,"[1000, 1000, 784, 1000, 500, 10]",0.0006364851831336742,0.0005874947526031756,4.507043053049874e-05,2.656706084751784e-05,1.85033696829809e-05,3.92e-06,7.740177730209912e-07,0.00032915725292019017,0.00305012468736,0.0003016939768053616,0.0036817499348585727,0.00825343108,0.011935181014858572,825343108.0,536.0,413.0,500.0,999.0,1225984.0,884104.0,4884,5,0.0005948534158512448,1000,0.0010103023516237401,,NN3,16,8,T,,,1000
RI,FM,-1,"[1000, 75, 55, 64, 45, 9]",0.006206374369261947,0.003910633053975584,0.002287901315286363,4.039190831308175e-05,0.0022475094069732814,7.84e-06,3.7348529555628984e-05,0.009204853030818628,0.0010412719104,0.0029418214510301627,0.01322529492180442,0.01275433172,0.02597962664180442,1275433172.0,156.0,33.0,500.0,999.0,85787392.0,2642648.0,4018,12,0.006198534369261946,1000,0.008588820384374548,"[5317.740037940094, 75.1555410419442, 54.5350493733753, 63.78744077911567, 44.81187138867283, 8.55648693647191]",NN3,32,8,R,,,
CS,FM,-1,"[1000, 119, 72, 80, 48, 5]",0.005983432314214052,0.0029586058643269503,0.0030169864498871017,3.963738771310839e-05,0.002977349062173993,7.84e-06,5.15050690645889e-05,0.014730943036052687,0.00144005855232,0.0028361469169374603,0.019058653574374737,0.012794985799999999,0.031853639374374736,1279498580.0,165.0,41.0,500.0,999.0,118368000.0,2443608.0,4022,12,0.0059755923142140515,1000,0.005724924872610078,,NN3,32,8,R,3,12865,
CS,RRM,-1,"[1000, 120, 56, 80, 48, 5]",0.005998454226298467,0.0031133105733002326,0.002877303652998235,3.9576794258874364e-05,0.0028377268587393605,7.84e-06,4.9322610400705465e-05,0.014652199661680923,0.0013786086604800003,0.0028432673032654735,0.018923398235827102,0.012787945799999999,0.0317113440358271,1278794580.0,163.0,39.0,500.0,999.0,113347584.0,1660640.0,4746,2,0.00282863018461324,1000,0.0005489227391244682,,NN3,32,8,R,2,8577,
CS,ORRM,64,"[1000, 120, 72, 78, 48, 5]",0.005989834526829678,0.0029585796417837752,0.0030234148850459028,3.9745868570316066e-05,0.0029836690164755865,7.84e-06,5.16584454664017e-05,0.014847230431339106,0.00144435449856,0.0028391815657172674,0.019182424941082774,0.01279512404,0.03197754898108277,1279512404.0,165.0,41.0,500.0,999.0,118718976.0,1958752.0,4322,3,0.004230651590679538,1000,0.0036766945428280524,,NN3,32,8,R,,,
CS_Er,ORRM,-1,"[1000, 120, 72, 78, 47, 5]",0.005989855968273227,0.0029585493803041835,0.0030234665879690435,3.979755384124479e-05,0.0029836690341277987,7.84e-06,5.154821612283758e-05,0.014842653567167845,0.00144126179328,0.0028391917289615092,0.019174655305532192,0.01279480404,0.03196945934553219,1279480404.0,165.0,41.0,500.0,999.0,118466304.0,1958752.0,4322,3,0.004230651590679538,1000,0.00365636691870961,,NN3,32,8,R,,,
CSE,FM,-1,"[69, 52, 32, 39, 32, 5]",0.007566448226762398,0.00607567668378368,0.0014829315429787174,3.929489380712526e-05,0.0014436366491715922,7.84e-06,2.435481713064282e-05,0.0006811100649705485,0.00067662723072,0.0035864964594853766,0.004968588572306568,0.012717499719999999,0.017686088292306567,1271749972.0,29.0,21.0,68.0,68.0,55996160.0,3219608.0,294,12,0.007558608226762395,69,0.019002561314931176,,NN3,32,8,R,,,
BESTFIXE,FM,-1,"[40, 40, 40, 40, 40, 10]",0.008470672790011667,0.007040966689111212,0.0014218661009004555,3.7749140216658895e-05,0.0013841169606837965,7.84e-06,2.4130755405928065e-05,0.0004916406641066863,0.0006703446835200001,0.00401509890246553,0.005201215005498145,0.012717270599999999,0.017918485605498143,1271727060.0,25.0,22.0,39.0,39.0,55482880.0,3381792.0,140,12,0.008462832790011667,40,0.025023109632094656,,NN3,32,8,R,,,40
MAX,FM,-1,"[1000, 1000, 784, 1000, 500, 10]",0.03012810375689936,0.001161968444994983,0.028958295311904376,4.5302618717724747e-05,0.028912992693186652,7.84e-06,0.0004973038378677697,0.2439049136435349,0.01398582276096,0.014280721180770296,0.27266876142313295,0.0140768354,0.28674559682313294,1407683540.0,536.0,413.0,500.0,999.0,1143348736.0,1894344.0,4844,12,0.03012026375689936,1000,0.0010253079507278836,,NN3,32,8,R,,,
F200,FM,-1,"[200, 200, 200, 200, 200, 10]",0.008850895380910693,0.0019474710209355455,0.0068955843599751475,3.8958890157968585e-05,0.006856625469817179,7.84e-06,0.00011827201359787121,0.012063358609921639,0.00331979354112,0.0041953244105516685,0.01969674857519118,0.012987811399999999,0.03268455997519118,1298781140.0,125.0,102.0,199.0,199.0,271941120.0,2140208.0,780,12,0.008843055380910693,200,0.00500470898474289,,NN3,32,8,R,,,
BESTFIX,FM,-1,"[80, 80, 80, 80, 80, 10]",0.00672754632514358,0.003929082587128819,0.00279062373801476,3.803311348832021e-05,0.0027525906245264397,7.84e-06,4.766937562178813e-05,0.0019437520941877587,0.0013328165683200001,0.0031888569581180566,0.006513094996247604,0.0127849058,0.019298000796247605,1278490580.0,50.0,42.0,79.0,79.0,109606400.0,2609136.0,300,12,0.00671970632514358,80,0.012517534835873936,,NN3,32,8,R,,,80
MAX,RRM,-1,"[1000, 1000, 784, 1000, 500, 10]",0.030128210640231398,0.001161968444994983,0.028958402195236415,4.530588437692955e-05,0.028913096310859487,7.84e-06,0.0004973050443612561,0.2439054830000897,0.013985854095360002,0.014280771843469682,0.2726694139832807,0.0140768354,0.2867462493832807,1407683540.0,536.0,413.0,500.0,999.0,1143351296.0,1890336.0,4884,5,0.0299873759317725,1000,0.0010230683090705487,,NN3,32,8,R,,,
F200,RRM,-1,"[200, 200, 200, 200, 200, 10]",0.008885638017777834,0.0019474710209355455,0.006930326996842289,3.909354123047823e-05,0.0068912334556118105,7.84e-06,0.00011886758160844662,0.01218475138622989,0.00333644464128,0.004211792420426693,0.01985185602954503,0.012987811399999999,0.03283966742954503,1298781140.0,125.0,102.0,399.0,200.0,273301504.0,1284224.0,4020,2,0.003350717634172209,1000,0.0,,NN3,32,8,R,,,
BESTFIX,RRM,-1,"[80, 80, 80, 80, 80, 10]",0.0067624791966540265,0.003929082587128819,0.002825556609525208,3.8055161101005644e-05,0.0027875014484242022,7.84e-06,4.826554460940485e-05,0.001992687510715633,0.00134959300608,0.0032054151392140085,0.0065959612006190466,0.0127849058,0.019380867000619046,1278490580.0,50.0,42.0,159.0,80.0,110977024.0,1642032.0,1620,2,0.002735611997779301,410,0.0,,NN3,32,8,R,,,80
MAX,ORRM,-1,"[1000, 1000, 784, 1000, 500, 10]",0.03012862475787844,0.001161968444994983,0.028958816312883457,4.5305884376929566e-05,0.02891351042850653,7.84e-06,0.0004973121671847855,0.24390902263449457,0.01398603270144,0.01428096813523438,0.2726733356383538,0.0140768354,0.28675017103835376,1407683540.0,536.0,413.0,500.0,999.0,1143365888.0,1874072.0,4884,5,0.029987790049419545,1000,0.0010103023516237401,,NN3,32,8,R,,,
F200,ORRM,-1,"[200, 200, 200, 200, 200, 10]",0.00888563401072573,0.0019474710209355455,0.006930322989790184,3.909133470398849e-05,0.006891231655086196,7.84e-06,0.00011886751291486394,0.012184084843241298,0.0033362754355199995,0.004211790521083995,0.019851018312760156,0.012987811399999999,0.032838829712760156,1298781140.0,125.0,102.0,397.0,200.0,273287680.0,1550288.0,3980,4,0.005656711788250038,1000,5.0857035223205874e-05,,NN3,32,8,R,,,
BESTFIX,ORRM,-1,"[80, 80, 80, 80, 80, 10]",0.0067624791966540265,0.003929082587128819,0.002825556609525208,3.8055161101005644e-05,0.0027875014484242022,7.84e-06,4.826554460940485e-05,0.001992687510715633,0.00134959300608,0.0032054151392140085,0.0065959612006190466,0.0127849058,0.019380867000619046,1278490580.0,50.0,42.0,159.0,80.0,110977024.0,1642032.0,1620,2,0.002735611997779301,410,0.0,,NN3,32,8,R,,,80
RI,FM,-1,"[1000, 1000, 784, 1000, 500, 10]",0.0005972484101514017,0.0005874947526031756,5.833657548226051e-06,3.4196852747415572e-06,2.4139722734844946e-06,3.92e-06,7.755344520367222e-07,0.0003297070747599141,0.0030500955136000003,0.00028309574641176435,0.0036636738692237157,0.00825343108,0.011917104949223715,825343108.0,69.0,54.0,500.0,999.0,1225984.0,969368.0,4844,12,0.0005933284101514016,1000,0.0010253079507278836,"[12957.814003373862, 10746.928388541744, 6903.4180261986485, 5831.147684609599, 4336.451042551322, 804.2111386666785]",NN3,16,64,T,,,
CS,FM,-1,"[1000, 750, 784, 1000, 500, 10]",0.0005971260874054517,0.0005874947526031756,5.711334802276094e-06,3.3585239017665787e-06,2.352810900509516e-06,3.92e-06,7.57754346019702e-07,0.00029454701517308527,0.0027865155174399995,0.0002830377654301841,0.0033648580523892883,0.00825343108,0.011618289132389287,825343108.0,65.0,50.0,500.0,999.0,1225984.0,969368.0,4980,12,0.0005932060874054517,1000,0.0010829760403530896,,NN3,16,64,T,2,8577,
CS,RRM,-1,"[1000, 750, 784, 1000, 500, 10]",0.000597125813796167,0.0005874947526031756,5.711061192991368e-06,3.3584091623891124e-06,2.3526520306022555e-06,3.92e-06,7.578154111990001e-07,0.0002945647931403982,0.002786768609279999,0.0002830376357393831,0.0033651288535709797,0.00825343108,0.01161855993357098,825343108.0,65.0,50.0,500.0,999.0,1225984.0,906512.0,5884,5,0.0005555349301549522,1000,0.0009715006305170239,,NN3,16,64,T,2,8577,
CS,ORRM,128,"[1000, 750, 784, 1000, 500, 10]",0.0005971246046196507,0.0005874947526031756,5.709852016474992e-06,3.3576324650647254e-06,2.352219551410267e-06,3.92e-06,7.577793945084134e-07,0.00029458475442486353,0.0027867610316799993,0.0002830370625897144,0.003365140628089086,0.00825343108,0.011618571708089085,825343108.0,65.0,50.0,500.0,999.0,1225984.0,969368.0,5844,12,0.0005932046046196505,1000,0.0009740226986128625,,NN3,16,64,T,,,
CS_Er,ORRM,-1,"[1000, 750, 784, 1000, 500, 10]",0.0005971247723156638,0.0005874947526031756,5.710019712488213e-06,3.3576236389587666e-06,2.352396073529446e-06,3.92e-06,7.578238745520042e-07,0.00029460423044072197,0.0027867610316799993,0.0002830371420776246,0.003365160228072898,0.00825343108,0.011618591308072898,825343108.0,65.0,50.0,500.0,999.0,1225984.0,906512.0,5844,8,0.000555533897500555,1000,0.0009740226986128625,,NN3,16,64,T,,,
CSE,FM,-1,"[143, 150, 88, 100, 84, 10]",0.0014183089138195156,0.0014088806723416849,5.508241477830875e-06,3.2961356895697727e-06,2.2121057882611023e-06,3.92e-06,5.592150266802112e-07,3.1854808970182465e-05,0.00041018394624,0.0006722784251504503,0.001114876395387313,0.00825343108,0.009368307475387312,825343108.0,12.0,10.0,149.0,149.0,1225984.0,1665368.0,628,12,0.001414388913819516,150,0.007614280947614281,,NN3,16,64,T,,,
BESTFIXE,FM,-1,"[125, 125, 125, 125, 125, 10]",0.0014364435922464389,0.0014282903951567925,4.233197089646363e-06,2.5233471553961824e-06,1.7098499342501805e-06,3.92e-06,5.647609115428925e-07,3.422195264384068e-05,0.00043612207104000005,0.000680874262724812,0.0011517830473201957,0.00825343108,0.009405214127320196,825343108.0,10.0,9.0,124.0,124.0,1225984.0,1669480.0,480,12,0.0014325235922464392,125,0.008,,NN3,16,64,T,,,125
MAX,FM,-1,"[1000, 1000, 784, 1000, 500, 10]",0.0005972484101514017,0.0005874947526031756,5.833657548226051e-06,3.4196852747415572e-06,2.4139722734844946e-06,3.92e-06,7.755344520367222e-07,0.0003297070747599141,0.0030500955136000003,0.00028309574641176435,0.0036636738692237157,0.00825343108,0.011917104949223715,825343108.0,69.0,54.0,500.0,999.0,1225984.0,969368.0,4844,12,0.0005933284101514016,1000,0.0010253079507278836,,NN3,16,64,T,,,
F200,FM,-1,"[200, 200, 200, 200, 200, 10]",0.001065662365646155,0.001056349075186252,5.393290459903273e-06,3.218914838430933e-06,2.1743756214723406e-06,3.92e-06,5.871876200982206e-07,5.659949315753635e-05,0.0006940863078399999,0.0005051239613162775,0.0012563969499339118,0.00825343108,0.009509828029933911,825343108.0,20.0,17.0,199.0,199.0,1225984.0,1369552.0,780,12,0.0010617423656461551,200,0.00500470898474289,,NN3,16,64,T,,,
BESTFIX,FM,-1,"[1000, 1000, 784, 1000, 500, 10]",0.0005972484101514017,0.0005874947526031756,5.833657548226051e-06,3.4196852747415572e-06,2.4139722734844946e-06,3.92e-06,7.755344520367222e-07,0.0003297070747599141,0.0030500955136000003,0.00028309574641176435,0.0036636738692237157,0.00825343108,0.011917104949223715,825343108.0,69.0,54.0,500.0,999.0,1225984.0,969368.0,4844,12,0.0005933284101514016,1000,0.0010253079507278836,,NN3,16,64,T,,,1000
MAX,RRM,-1,"[1000, 1000, 784, 1000, 500, 10]",0.0005972481894987527,0.0005874947526031756,5.833436895577079e-06,3.419570535364091e-06,2.4138663602129875e-06,3.92e-06,7.756028040491e-07,0.00032970213341543893,0.0030501030912,0.0002830956418224088,0.003663676469241897,0.00825343108,0.011917107549241896,825343108.0,69.0,54.0,500.0,999.0,1225984.0,906512.0,4884,5,0.0005556573058575378,1000,0.0010230683090705487,,NN3,16,64,T,,,
F200,RRM,-1,"[200, 200, 200, 200, 200, 10]",0.0010657017124265202,0.001056349075186252,5.432637240268243e-06,3.2350136557000457e-06,2.1976235845681973e-06,3.92e-06,5.919007589150751e-07,5.736218832387177e-05,0.0006975371468799998,0.0005051426116901705,0.001260633847652957,0.00825343108,0.009514064927652957,825343108.0,20.0,17.0,399.0,200.0,1225984.0,664704.0,4020,2,0.00035494867839951354,1000,0.0,,NN3,16,64,T,,,
BESTFIX,RRM,-1,"[1000, 1000, 784, 1000, 500, 10]",0.0005972481894987527,0.0005874947526031756,5.833436895577079e-06,3.419570535364091e-06,2.4138663602129875e-06,3.92e-06,7.756028040491e-07,0.00032970213341543893,0.0030501030912,0.0002830956418224088,0.003663676469241897,0.00825343108,0.011917107549241896,825343108.0,69.0,54.0,500.0,999.0,1225984.0,906512.0,4884,5,0.0005556573058575378,1000,0.0010230683090705487,,NN3,16,64,T,,,1000
MAX,ORRM,-1,"[1000, 1000, 784, 1000, 500, 10]",0.0005972478717589381,0.0005874947526031756,5.833119155762556e-06,3.4192969260793633e-06,2.4138222296831928e-06,3.92e-06,7.755759338521186e-07,0.00032969556565226756,0.00305012468736,0.00028309549121373665,0.0036636913201598563,0.00825343108,0.011917122400159855,825343108.0,69.0,54.0,500.0,999.0,1225984.0,884104.0,4884,5,0.0005556569881177234,1000,0.0010103023516237401,,NN3,16,64,T,,,
F200,ORRM,-1,"[200, 200, 200, 200, 200, 10]",0.0010657010592946793,0.001056349075186252,5.431984108427281e-06,3.234660611461688e-06,2.1973234969655924e-06,3.92e-06,5.918320653323965e-07,5.735288076125857e-05,0.0006975007744,0.0005051423021056779,0.001260587789332269,0.00825343108,0.009514018869332268,825343108.0,20.0,17.0,397.0,200.0,1225984.0,949136.0,3980,4,0.0006098763893992619,1000,5.0857035223205874e-05,,NN3,16,64,T,,,
BESTFIX,ORRM,-1,"[1000, 1000, 784, 1000, 500, 10]",0.0005972478717589381,0.0005874947526031756,5.833119155762556e-06,3.4192969260793633e-06,2.4138222296831928e-06,3.92e-06,7.755759338521186e-07,0.00032969556565226756,0.00305012468736,0.00028309549121373665,0.0036636913201598563,0.00825343108,0.011917122400159855,825343108.0,69.0,54.0,500.0,999.0,1225984.0,884104.0,4884,5,0.0005556569881177234,1000,0.0010103023516237401,,NN3,16,64,T,,,1000
RI,FM,-1,"[1000, 213, 154, 180, 127, 10]",0.00281013943287746,0.0019010622309725343,0.0009012372019049258,5.643637254582851e-06,0.000895593564650343,7.84e-06,0.00010392136375818587,0.029567150065017225,0.0029142073344000006,0.001332006091183916,0.03391728485435933,0.0129456738,0.046862958654359334,1294567380.0,28.0,13.0,500.0,999.0,238804992.0,2135512.0,4084,12,0.00280229943287746,1000,0.0033027996387562895,"[15040.840165658596, 212.5719708580105, 154.24841289702744, 180.418127717792, 126.74711254635996, 24.201399743653578]",NN3,32,64,R,,,
CS,FM,-1,"[1000, 250, 157, 250, 125, 10]",0.002640508271576492,0.0016908682609086333,0.0009418000106678584,5.297609517573811e-06,0.0009365024011502846,7.84e-06,0.00011856343281927795,0.0353143755568488,0.00332683751424,0.001251600920727257,0.04001137742463533,0.012987715399999999,0.05299909282463533,1298771540.0,29.0,14.0,500.0,999.0,272516608.0,2077648.0,4352,12,0.0026326682715764917,1000,0.0026057465850211963,,NN3,32,64,R,2,8577,
CS,RRM,-1,"[1000, 250, 157, 250, 125, 10]",0.0026426026461673453,0.0016908682609086333,0.0009438943852587119,5.3098866309627e-06,0.0009385844986277492,7.84e-06,0.0001188026006757029,0.035369010563641494,0.0033339378892800003,0.0012525936542833215,0.040074344707880516,0.012987715399999999,0.05306206010788052,1298771540.0,29.0,14.0,500.0,999.0,273096704.0,1432944.0,6148,2,0.0011739983794236328,1000,0.0004710315591144607,,NN3,32,64,R,2,8577,
CS,ORRM,-1,"[1000, 250, 157, 250, 125, 10]",0.002641602929677252,0.0016908682609086333,0.0009428946687686185,5.300636871917728e-06,0.0009375940318967008,7.84e-06,0.00011866657120152585,0.03533550201546389,0.00332962627584,0.0012521197886670174,0.040035914651172434,0.012987715399999999,0.05302363005117243,1298771540.0,29.0,14.0,500.0,999.0,272744448.0,1714000.0,5020,3,0.0018095111785145922,1000,0.0017673104097974564,,NN3,32,64,R,,,
CS_Er,ORRM,-1,"[1000, 250, 157, 250, 125, 10]",0.002641602929677252,0.0016908682609086333,0.0009428946687686185,5.300636871917728e-06,0.0009375940318967008,7.84e-06,0.00011866657120152585,0.03533550201546389,0.00332962627584,0.0012521197886670174,0.040035914651172434,0.012987715399999999,0.05302363005117243,1298771540.0,29.0,14.0,500.0,999.0,272744448.0,1714000.0,5020,3,0.0018095111785145922,1000,0.0017673104097974564,,NN3,32,64,R,,,
CSE,FM,-1,"[69, 58, 44, 39, 36, 5]",0.00565400192616509,0.005345028880643224,0.0003011330455218653,7.4168007832703414e-06,0.0002937162447385949,7.84e-06,2.8104802347664403e-05,0.0008336155330183209,0.0007819264819200001,0.0026799969130022524,0.004323643730288238,0.012728379719999999,0.017052023450288237,1272837972.0,6.0,5.0,68.0,68.0,64599040.0,3051912.0,266,12,0.005646161926165091,69,0.018002517166117032,,NN3,32,64,R,,,
BESTFIXE,FM,-1,"[50, 50, 50, 50, 50, 10]",0.005999649440257381,0.005692240409583107,0.0002995690306742728,6.05980945478347e-06,0.00029350922121948935,7.84e-06,3.002135831015617e-05,0.0007647570233179798,0.0008360096563199998,0.0028438338346819985,0.004474621872630135,0.012734179399999998,0.017208801272630133,1273417940.0,5.0,5.0,49.0,49.0,69017600.0,3055000.0,180,12,0.005991809440257381,50,0.02,,NN3,32,64,R,,,50
MAX,FM,-1,"[1000, 1000, 784, 1000, 500, 10]",0.004927884455484385,0.001161968444994983,0.003758076010489402,5.8267440982709685e-06,0.003752249266391131,7.84e-06,0.0004973125709226249,0.24390885567653403,0.01398582276096,0.0023358172318995985,0.2607278082403162,0.0140768354,0.2748046436403162,1407683540.0,69.0,54.0,500.0,999.0,1143348736.0,1894344.0,4844,12,0.004920044455484385,1000,0.0010253079507278836,,NN3,32,64,R,,,
F200,FM,-1,"[200, 200, 200, 200, 200, 10]",0.003076207840807213,0.0019474710209355455,0.0011208968198716677,6.1953854266662264e-06,0.0011147014344450015,7.84e-06,0.00011828884150245115,0.012064808444512833,0.00331979354112,0.0014581225165426189,0.016961013343677903,0.012987811399999999,0.029948824743677903,1298781140.0,20.0,17.0,199.0,199.0,271941120.0,2140208.0,780,12,0.0030683678408072136,200,0.00500470898474289,,NN3,32,64,R,,,
BESTFIX,FM,-1,"[250, 250, 250, 250, 250, 10]",0.002846521604846997,0.0017178768404493474,0.0011208047643976495,5.0622988661277755e-06,0.0011157424655315218,7.84e-06,0.00014769704103979338,0.018832388739611263,0.0041476797235200005,0.0013492512406974766,0.02447701674486853,0.0130723554,0.03754937214486853,1307235540.0,20.0,17.0,249.0,249.0,339578880.0,2071544.0,980,12,0.002838681604846997,250,0.004,,NN3,32,64,R,,,250
MAX,RRM,-1,"[1000, 1000, 784, 1000, 500, 10]",0.004927935999537618,0.001161968444994983,0.0037581275545426353,5.826629358893502e-06,0.0037523009251837418,7.84e-06,0.0004973164232746373,0.24391048707717544,0.013985854095360002,0.002335841663780831,0.2607294992595909,0.0140768354,0.27480633465959087,1407683540.0,69.0,54.0,500.0,999.0,1143351296.0,1890336.0,4884,5,0.004812998645308169,1000,0.0010230683090705487,,NN3,32,64,R,,,
F200,RRM,-1,"[200, 200, 200, 200, 200, 10]",0.0030817342464111077,0.0019474710209355455,0.0011264232254755624,6.21148424393534e-06,0.001120211741231627,7.84e-06,0.00011887473252362096,0.012185215927359166,0.00333644464128,0.001460742032798865,0.01710127733396165,0.012987811399999999,0.03008908873396165,1298781140.0,20.0,17.0,399.0,200.0,273301504.0,1284224.0,4020,2,0.0011678656194629889,1000,0.0,,NN3,32,64,R,,,
BESTFIX,RRM,-1,"[250, 250, 250, 250, 250, 10]",0.0028510263967974807,0.0017178768404493474,0.0011253095563481335,5.088547705249672e-06,0.0011202210086428837,7.84e-06,0.0001482907277919363,0.01898374485051094,0.004164299489280001,0.0013513865120820057,0.024647721579664883,0.0130723554,0.03772007697966488,1307235540.0,20.0,17.0,499.0,250.0,340936704.0,1223176.0,5020,2,0.0011554344260057518,1000,0.0,,NN3,32,64,R,,,250
MAX,ORRM,-1,"[1000, 1000, 784, 1000, 500, 10]",0.0049279874465036864,0.001161968444994983,0.003758179001508703,5.8263557496087746e-06,0.0037523526457590942,7.84e-06,0.0004973288613456168,0.24391605747931108,0.01398603270144,0.002335866049642747,0.2607352850917395,0.0140768354,0.2748121204917395,1407683540.0,69.0,54.0,500.0,999.0,1143365888.0,1874072.0,4884,5,0.004813050092274236,1000,0.0010103023516237401,,NN3,32,64,R,,,
F200,ORRM,-1,"[200, 200, 200, 200, 200, 10]",0.0030817335932792666,0.0019474710209355455,0.0011264225723437214,6.211131199696983e-06,0.0011202114411440244,7.84e-06,0.00011887466383003826,0.012184549379994199,0.0033362754355199995,0.0014607417232143723,0.017100441202558606,0.012987811399999999,0.030088252602558603,1298781140.0,20.0,17.0,397.0,200.0,273287680.0,1550288.0,3980,4,0.00183842100632328,1000,5.0857035223205874e-05,,NN3,32,64,R,,,
BESTFIX,ORRM,-1,"[250, 250, 250, 250, 250, 10]",0.0028509077394401026,0.0017178768404493474,0.0011251908989907552,5.080851340853474e-06,0.0011201100476499017,7.84e-06,0.00014828647905435862,0.018967251514960065,0.004160815104,0.0013513302684946087,0.024627683366509032,0.0130723554,0.03770003876650903,1307235540.0,20.0,17.0,447.0,250.0,340652032.0,1475696.0,4148,4,0.001719677360060045,1000,0.0008386123680241327,,NN3,32,64,R,,,250
RI,FM,-1,"[1000, 1000, 784, 1000, 500, 10]",0.001269385647216495,0.001185419747076849,7.612590013964603e-05,4.5302618717724747e-05,3.0823281421921275e-05,7.84e-06,1.3073569265932326e-06,0.0005576194711865955,0.0061001910272000005,0.0006016887967806187,0.007260806652093808,0.016256786279999998,0.023517592932093805,1625678628.0,536.0,413.0,500.0,999.0,2451968.0,1811224.0,4844,12,0.0012615456472164954,1000,0.0010253079507278836,"[6080.337603259749, 5196.5546721308, 3316.0056404365905, 2805.2341962288147, 2132.4007128117364, 390.91061780298463]",NN3,32,8,T,,,
CS,FM,-1,"[1000, 750, 784, 1000, 500, 10]",0.0012684227342293654,0.001185419747076849,7.516298715251632e-05,4.48211622241599e-05,3.034182492835642e-05,7.84e-06,1.2897754591942703e-06,0.0005028152217950914,0.005573031034879999,0.0006012323760247192,0.0066783684081590045,0.016256786279999998,0.022935154688159,1625678628.0,505.0,382.0,500.0,999.0,2451968.0,1811224.0,4980,12,0.0012605827342293656,1000,0.0010829760403530896,,NN3,32,8,T,2,8577,
CS,RRM,-1,"[1000, 750, 784, 1000, 500, 10]",0.0012684260881496298,0.001185419747076849,7.516634107278071e-05,4.48244278833647e-05,3.0341913189416005e-05,7.84e-06,1.2898690115043817e-06,0.0005028611938074398,0.005573537218559998,0.0006012339657829245,0.006678922247161867,0.016256786279999998,0.022935708527161865,1625678628.0,505.0,382.0,500.0,999.0,2451968.0,1685520.0,5884,5,0.001196212556161318,1000,0.0009715006305170239,,NN3,32,8,T,2,8577,
CS,ORRM,32,"[1000, 750, 784, 1000, 500, 10]",0.0012684206336161473,0.001185419747076849,7.516088653929809e-05,4.481900865430592e-05,3.0341877884992172e-05,7.84e-06,1.2897756110032923e-06,0.0005028591290694112,0.005573522063359999,0.0006012313803340538,0.006678902348374467,0.016256786279999998,0.022935688628374466,1625678628.0,505.0,382.0,500.0,999.0,2451968.0,1685520.0,5844,8,0.0011962071369322593,1000,0.0009740226986128625,,NN3,32,8,T,,,
CS_Er,ORRM,-1,"[1000, 750, 784, 1000, 500, 10]",0.0012684325665114037,0.001185419747076849,7.517281943455459e-05,4.482497510193417e-05,3.034784433262042e-05,7.84e-06,1.2899808568017041e-06,0.0005029394516784984,0.005573522063359999,0.0006012370365264053,0.006678988532421704,0.016256786279999998,0.022935774812421702,1625678628.0,505.0,382.0,500.0,999.0,2451968.0,1685520.0,5844,8,0.001196219069827516,1000,0.0009740226986128625,,NN3,32,8,T,,,
CSE,FM,-1,"[154, 150, 112, 112, 100, 10]",0.002672625820524465,0.002600164661969471,6.46211585549941e-05,3.9062218850019155e-05,2.5558939704974948e-05,7.84e-06,1.0932989836999681e-06,6.860278034514173e-05,0.0009019316633599999,0.0012668246389285964,0.002238452381617438,0.016256786279999998,0.018495238661617435,1625678628.0,80.0,62.0,153.0,153.0,2451968.0,2434656.0,596,12,0.002664785820524465,154,0.007269887773755765,,NN3,32,8,T,,,
BESTFIXE,FM,-1,"[125, 125, 125, 125, 125, 10]",0.002883754729355885,0.0028106802791786774,6.523445017720735e-05,3.9269127629747265e-05,2.5965322547460088e-05,7.84e-06,1.0951617447635662e-06,6.643464897358786e-05,0.0008722441420800001,0.0013668997417146894,0.0023066736945130412,0.016256786279999998,0.018563459974513037,1625678628.0,80.0,66.0,124.0,124.0,2451968.0,2516456.0,480,12,0.0028759147293558837,125,0.008,,NN3,32,8,T,,,125
MAX,FM,-1,"[1000, 1000, 784, 1000, 500, 10]",0.001269385647216495,0.001185419747076849,7.612590013964603e-05,4.5302618717724747e-05,3.0823281421921275e-05,7.84e-06,1.3073569265932326e-06,0.0005576194711865955,0.0061001910272000005,0.0006016887967806187,0.007260806652093808,0.016256786279999998,0.023517592932093805,1625678628.0,536.0,413.0,500.0,999.0,2451968.0,1811224.0,4844,12,0.0012615456472164954,1000,0.0010253079507278836,,NN3,32,8,T,,,
F200,FM,-1,"[200, 200, 200, 200, 200, 10]",0.002118167766064635,0.0020455104649130186,6.481730115161673e-05,3.8958890157968585e-05,2.5858410993648144e-05,7.84e-06,1.1140314802241591e-06,0.00010779522545104998,0.0013881726156799998,0.001004011521114637,0.002501093393725911,0.016256786279999998,0.01875787967372591,1625678628.0,125.0,102.0,199.0,199.0,2451968.0,2214352.0,780,12,0.0021103277660646353,200,0.00500470898474289,,NN3,32,8,T,,,
BESTFIX,FM,-1,"[1000, 1000, 784, 1000, 500, 10]",0.001269385647216495,0.001185419747076849,7.612590013964603e-05,4.5302618717724747e-05,3.0823281421921275e-05,7.84e-06,1.3073569265932326e-06,0.0005576194711865955,0.0061001910272000005,0.0006016887967806187,0.007260806652093808,0.016256786279999998,0.023517592932093805,1625678628.0,536.0,413.0,500.0,999.0,2451968.0,1811224.0,4844,12,0.0012615456472164954,1000,0.0010253079507278836,,NN3,32,8,T,,,1000
MAX,RRM,-1,"[1000, 1000, 784, 1000, 500, 10]",0.0012693890011367594,0.001185419747076849,7.612925405991041e-05,4.530588437692955e-05,3.082336968298086e-05,7.84e-06,1.3074504789033445e-06,0.0005576215367766609,0.0061002061824,0.000601690386538824,0.007260825556194388,0.016256786279999998,0.023517611836194385,1625678628.0,536.0,413.0,500.0,999.0,2451968.0,1685520.0,4884,5,0.001197175469148448,1000,0.0010230683090705487,,NN3,32,8,T,,,
F200,RRM,-1,"[200, 200, 200, 200, 200, 10]",0.002118435108814132,0.0020455104649130186,6.508464390111312e-05,3.909354123047823e-05,2.599110267063489e-05,7.84e-06,1.1186277260936935e-06,0.00010880204474283209,0.0013950742937599997,0.0010041382415778984,0.002509133207806824,0.016256786279999998,0.01876591948780682,1625678628.0,125.0,102.0,399.0,200.0,2451968.0,1023104.0,4020,2,0.0007501951670521115,1000,0.0,,NN3,32,8,T,,,
BESTFIX,RRM,-1,"[1000, 1000, 784, 1000, 500, 10]",0.0012693890011367594,0.001185419747076849,7.612925405991041e-05,4.530588437692955e-05,3.082336968298086e-05,7.84e-06,1.3074504789033445e-06,0.0005576215367766609,0.0061002061824,0.000601690386538824,0.007260825556194388,0.016256786279999998,0.023517611836194385,1625678628.0,536.0,413.0,500.0,999.0,2451968.0,1685520.0,4884,5,0.001197175469148448,1000,0.0010230683090705487,,NN3,32,8,T,,,1000
MAX,ORRM,-1,"[1000, 1000, 784, 1000, 500, 10]",0.0012693890011367596,0.001185419747076849,7.612925405991043e-05,4.5305884376929566e-05,3.082336968298087e-05,7.84e-06,1.307450478903344e-06,0.0005576250007154842,0.00610024937472,0.0006016903865388241,0.007260872212453211,0.016256786279999998,0.023517658492453207,1625678628.0,536.0,413.0,500.0,999.0,2451968.0,1662984.0,4884,5,0.001197175469148448,1000,0.0010103023516237401,,NN3,32,8,T,,,
F200,ORRM,-1,"[200, 200, 200, 200, 200, 10]",0.0021184311017620264,0.0020455104649130186,6.508063684900777e-05,3.909133470398849e-05,2.598930214501927e-05,7.84e-06,1.1185590325110148e-06,0.00010879001583423763,0.0013950015488,0.0010041363422352006,0.002509046465901949,0.016256786279999998,0.018765832745901947,1625678628.0,125.0,102.0,397.0,200.0,2451968.0,1439864.0,3980,4,0.001232899422638413,1000,5.0857035223205874e-05,,NN3,32,8,T,,,
BESTFIX,ORRM,-1,"[1000, 1000, 784, 1000, 500, 10]",0.0012693890011367596,0.001185419747076849,7.612925405991043e-05,4.5305884376929566e-05,3.082336968298087e-05,7.84e-06,1.307450478903344e-06,0.0005576250007154842,0.00610024937472,0.0006016903865388241,0.007260872212453211,0.016256786279999998,0.023517658492453207,1625678628.0,536.0,413.0,500.0,999.0,2451968.0,1662984.0,4884,5,0.001197175469148448,1000,0.0010103023516237401,,NN3,32,8,T,,,1000
RI,FM,-1,"[1000, 161, 138, 99, 112, 76, 10]",0.0005459506757550126,0.0003309719887024577,0.00021473368705255495,4.439380993090424e-06,0.00021029430605946453,2.45e-07,3.5390813813304816e-06,0.000867587561735164,9.745501312000001e-05,0.000258780620307876,0.0012273622765443704,0.0009652558199999999,0.00219261809654437,96525582.0,201.0,78.0,500.0,999.0,7994064.0,974288.0,4032,14,0.0005457056757550128,1000,0.004854349432822392,"[1604.0806297273812, 161.1036141370034, 138.13625354504836, 98.58068575283163, 111.78016630020188, 76.19520801361477, 16.046557805851872]",NN4,1,8,R,,,
CS,FM,-1,"[838, 144, 150, 131, 167, 84, 10]",0.0005245573035358509,0.00029841221386151553,0.00022590008967433536,4.275131277942486e-06,0.00022162495839639286,2.45e-07,3.817699431549683e-06,0.000726750118184239,0.00010532425599999999,0.0002486401618759933,0.0010845322354917821,0.00096606202,0.002050594255491782,96606202.0,191.0,88.0,500.0,837.0,8636976.0,947448.0,3500,14,0.0005243123035358508,838,0.004728602377492968,,NN4,1,8,R,3,15862,
CS,RRM,-1,"[838, 143, 150, 131, 167, 84, 10]",0.0005257183177180888,0.00029841009093899324,0.0002270632267790955,4.3595265031218995e-06,0.00022270370027597361,2.45e-07,3.828494386203652e-06,0.0007261208655686158,0.0001055778688,0.00024919048259837407,0.0010847177113531936,0.0009660370199999999,0.0020507547313531934,96603702.0,191.0,88.0,500.0,838.0,8657696.0,600448.0,6072,2,0.00018761173189841846,1000,0.0,,NN4,1,8,R,3,15862,
CS,ORRM,-1,"[838, 143, 150, 131, 167, 84, 10]",0.0005251251350628342,0.00029841009093899324,0.00022647004412384083,4.3064286496728966e-06,0.00022216361547416794,2.45e-07,3.8183745033593775e-06,0.0007241226128533397,0.00010531710784,0.0002489093140197834,0.0010821674092164825,0.0009660370199999999,0.0020482044292164823,96603702.0,191.0,88.0,500.0,838.0,8636392.0,760528.0,4640,2,0.0003232600302833521,1000,0.0024796820643469583,,NN4,1,8,R,,,
CS_Er,ORRM,-1,"[838, 143, 150, 131, 167, 84, 10]",0.0005251251350628342,0.00029841009093899324,0.00022647004412384083,4.3064286496728966e-06,0.00022216361547416794,2.45e-07,3.8183745033593775e-06,0.0007241226128533397,0.00010531710784,0.0002489093140197834,0.0010821674092164825,0.0009660370199999999,0.0020482044292164823,96603702.0,191.0,88.0,500.0,838.0,8636392.0,760528.0,4640,2,0.0003232600302833521,1000,0.0024796820643469583,,NN4,1,8,R,,,
CSE,FM,-1,"[65, 72, 79, 49, 53, 46, 4]",0.0006986114966801935,0.0005918966413571428,0.00010646985532305075,2.343455902869586e-06,0.00010412639942018116,2.45e-07,1.7638970607653776e-06,5.999440551709471e-05,4.878338752e-05,0.0003311418494264117,0.00044168353952427184,0.0009603082599999999,0.0014019917995242719,96030826.0,48.0,40.0,78.0,78.0,4017624.0,2128112.0,324,14,0.0006983664966801936,79,0.014236047356362214,,NN4,1,8,R,,,
BESTFIXE,FM,-1,"[69, 69, 69, 69, 69, 69, 10]",0.0007081029006291136,0.0005916254925002031,0.00011623240812891061,2.3955661151579263e-06,0.00011383684201375268,2.45e-07,1.906630344215735e-06,6.701990095610512e-05,5.273083648e-05,0.0003356407748981998,0.00045729814267852066,0.0009607187,0.0014180168426785205,96071870.0,54.0,47.0,68.0,68.0,4340128.0,2098400.0,256,14,0.0007078579006291136,69,0.014506655647708155,,NN4,1,8,R,,,69
MAX,FM,-1,"[1000, 1000, 1000, 784, 1000, 500, 10]",0.0015759634348891537,0.00014684750679875633,0.0014288709280903973,1.2042485634276395e-05,0.001416828442456121,2.45e-07,2.455175611322848e-05,0.01219614682608533,0.00068173856128,0.0007470066681374588,0.013649443811616016,0.0010249477399999999,0.014674391551616017,102494774.0,661.0,538.0,500.0,999.0,55729648.0,211536.0,4844,14,0.0015757184348891536,1000,0.001016223977027997,,NN4,1,8,R,,,
F200,FM,-1,"[200, 200, 200, 200, 200, 200, 10]",0.0005861678481645009,0.00026592659201848685,0.00031999625614601403,3.56233824340257e-06,0.0003164339179026115,2.45e-07,5.493385182598381e-06,0.0005598999044630986,0.00015258514816,0.0002778435600299734,0.0009958219978356705,0.0009709157399999999,0.0019667377378356703,97091574.0,150.0,127.0,199.0,199.0,12498160.0,763864.0,780,14,0.000585922848164501,200,0.005003201434242541,,NN4,1,8,R,,,
BESTFIX,FM,-1,"[143, 143, 143, 143, 143, 143, 10]",0.0005598915207403505,0.00032881081532655043,0.00023083570541380016,3.019361444735368e-06,0.00022781634396906478,2.45e-07,3.932477853246019e-06,0.00028655933114563634,0.00010913824000000001,0.00026538858083092614,0.0006650186298298085,0.0009664788599999999,0.0016314974898298084,96647886.0,108.0,92.0,142.0,142.0,8948576.0,1048040.0,552,14,0.0005596465207403506,143,0.00699751008843479,,NN4,1,8,R,,,143
MAX,RRM,-1,"[1000, 1000, 1000, 784, 1000, 500, 10]",0.0015759667888094182,0.00014684750679875633,0.001428874282010662,1.2045751293481204e-05,0.0014168285307171807,2.45e-07,2.4551849665538593e-05,0.012196156664243044,0.00068173954048,0.0007470082578956642,0.013649456312284246,0.0010249477399999999,0.014674404052284247,102494774.0,661.0,538.0,500.0,999.0,55729728.0,207528.0,4884,6,0.0015604341391740476,1000,0.0010147882268485284,,NN4,1,8,R,,,
F200,RRM,-1,"[200, 200, 200, 200, 200, 200, 10]",0.0005879961278954663,0.00026592659201848685,0.00032182453587697936,3.7301048654701607e-06,0.0003180944310115092,2.45e-07,5.524787809255063e-06,0.0005659162962932056,0.00015335029504000001,0.00027871016462245097,0.0010035015437649117,0.0009709157399999999,0.0019744172837649118,97091574.0,150.0,127.0,399.0,200.0,12560672.0,444328.0,4820,2,0.00020472852870499883,1000,0.0,,NN4,1,8,R,,,
BESTFIX,RRM,-1,"[143, 143, 143, 143, 143, 143, 10]",0.0005615805590946405,0.00032881081532655043,0.00023252474376809,3.105424803941022e-06,0.00022941931896414898,2.45e-07,3.961265010649539e-06,0.0002906764902116145,0.00010990436608000001,0.00026618918501085956,0.0006707313063131236,0.0009664788599999999,0.0016372101663131235,96647886.0,108.0,92.0,285.0,143.0,9011168.0,600448.0,3452,2,0.00018751818294184133,868,0.0,,NN4,1,8,R,,,143
MAX,ORRM,-1,"[1000, 1000, 1000, 784, 1000, 500, 10]",0.001576054124098383,0.00014684750679875633,0.0014289616172996264,1.2045742467375249e-05,0.0014169158748322513,2.45e-07,2.4553351832508786e-05,0.012196923152200815,0.0006817606912,0.0007470496548226335,0.013650286850055957,0.0010249477399999999,0.014675234590055958,102494774.0,661.0,538.0,500.0,999.0,55731456.0,203528.0,4884,6,0.001560521474463012,1000,0.0009837760229720028,,NN4,1,8,R,,,
F200,ORRM,-1,"[200, 200, 200, 200, 200, 200, 10]",0.0005876835928954579,0.00026592659201848685,0.00032151200087697095,3.6893017776219665e-06,0.000317822699099349,2.45e-07,5.519455081116705e-06,0.0005648752612931261,0.00015321966976000002,0.00027856202303244704,0.00100217640916669,0.0009709157399999999,0.00197309214916669,97091574.0,150.0,127.0,364.0,200.0,12550000.0,568384.0,4080,4,0.00033243901345603004,1000,0.0008541426559098476,,NN4,1,8,R,,,
BESTFIX,ORRM,-1,"[143, 143, 143, 143, 143, 143, 10]",0.0005615805590946405,0.00032881081532655043,0.00023252474376809,3.105424803941022e-06,0.00022941931896414898,2.45e-07,3.961265010649539e-06,0.0002906764902116145,0.00010990436608000001,0.00026618918501085956,0.0006707313063131236,0.0009664788599999999,0.0016372101663131235,96647886.0,108.0,92.0,285.0,143.0,9011168.0,600448.0,3452,2,0.00018751818294184133,868,0.0,,NN4,1,8,R,,,143
RI,FM,-1,"[1000, 1000, 784, 1000, 500, 10]",0.0012031051693309576,0.001185419747076849,9.845422254108404e-06,5.8267440982709685e-06,4.018678155837436e-06,7.84e-06,1.3098575108602517e-06,0.0005585777467834434,0.0061001910272000005,0.0005702718502628739,0.007230350481757178,0.016256786279999998,0.023487136761757177,1625678628.0,69.0,54.0,500.0,999.0,2451968.0,1811224.0,4844,12,0.0011952651693309577,1000,0.0010253079507278836,"[17197.791804674114, 14698.0761898813, 9379.080299222214, 7934.400491879156, 6031.340016944825, 1105.6621947452527]",NN3,32,64,T,,,
CS,FM,-1,"[1000, 750, 784, 1000, 500, 10]",0.0012029828465850076,0.001185419747076849,9.723099508158447e-06,5.76558272529599e-06,3.957516782862457e-06,7.84e-06,1.2907418754314667e-06,0.0005030573930083794,0.005573031034879999,0.0005702138692812936,0.006647593039045103,0.016256786279999998,0.022904379319045102,1625678628.0,65.0,50.0,500.0,999.0,2451968.0,1811224.0,4980,12,0.001195142846585008,1000,0.0010829760403530896,,NN3,32,64,T,2,8577,
CS,RRM,-1,"[1000, 750, 784, 1000, 500, 10]",0.0012029825729757227,0.001185419747076849,9.72282589887372e-06,5.765467985918524e-06,3.957357912955196e-06,7.84e-06,1.2908029406107648e-06,0.0005030941374603981,0.005573537218559998,0.0005702137395904926,0.0066481358985515,0.016256786279999998,0.022904922178551498,1625678628.0,65.0,50.0,500.0,999.0,2451968.0,1685520.0,5884,5,0.001130835806981567,1000,0.0009715006305170239,,NN3,32,64,T,2,8577,
CS,ORRM,128,"[1000, 750, 784, 1000, 500, 10]",0.0012029813637992066,0.001185419747076849,9.721616722357343e-06,5.764691288594137e-06,3.956925433763207e-06,7.84e-06,1.2907669239201784e-06,0.0005031135308860399,0.005573522063359999,0.0005702131664408239,0.006648139527610782,0.016256786279999998,0.02290492580761078,1625678628.0,65.0,50.0,500.0,999.0,2451968.0,1811224.0,5844,12,0.0011951413637992067,1000,0.0009740226986128625,,NN3,32,64,T,,,
CS_Er,ORRM,-1,"[1000, 750, 784, 1000, 500, 10]",0.0012029815314952195,0.001185419747076849,9.721784418370562e-06,5.764682462488177e-06,3.957101955882386e-06,7.84e-06,1.290811403963769e-06,0.0005031330069018983,0.005573522063359999,0.000570213245928734,0.0066481591275945945,0.016256786279999998,0.022904945407594593,1625678628.0,65.0,50.0,500.0,999.0,2451968.0,1685520.0,5844,8,0.00113083477432717,1000,0.0009740226986128625,,NN3,32,64,T,,,
CSE,FM,-1,"[154, 150, 98, 112, 100, 10]",0.0026775931138174817,0.0026597656895383905,9.98742427909126e-06,5.9886682666705534e-06,3.998756012420707e-06,7.84e-06,1.0950490187843297e-06,6.66715894276885e-05,0.0008756055654400001,0.0012691791359494863,0.002212551339835959,0.016256786279999998,0.018469337619835956,1625678628.0,12.0,10.0,153.0,153.0,2451968.0,2454920.0,652,12,0.0026697531138174828,154,0.007289686906071822,,NN3,32,64,T,,,
BESTFIXE,FM,-1,"[125, 125, 125, 125, 125, 10]",0.002826765240974206,0.0028106802791786774,8.244961795528716e-06,4.930405978925594e-06,3.3145558166031216e-06,7.84e-06,1.1010872644840693e-06,6.680881516148774e-05,0.0008722441420800001,0.0013398867242217737,0.0022800407687277456,0.016256786279999998,0.018536827048727743,1625678628.0,10.0,9.0,124.0,124.0,2451968.0,2516456.0,480,12,0.0028189252409742053,125,0.008,,NN3,32,64,T,,,125
MAX,FM,-1,"[1000, 1000, 784, 1000, 500, 10]",0.0012031051693309576,0.001185419747076849,9.845422254108404e-06,5.8267440982709685e-06,4.018678155837436e-06,7.84e-06,1.3098575108602517e-06,0.0005585777467834434,0.0061001910272000005,0.0005702718502628739,0.007230350481757178,0.016256786279999998,0.023487136761757177,1625678628.0,69.0,54.0,500.0,999.0,2451968.0,1811224.0,4844,12,0.0011952651693309577,1000,0.0010253079507278836,,NN3,32,64,T,,,
F200,FM,-1,"[200, 200, 200, 200, 200, 10]",0.0020636872847846865,0.0020455104649130186,1.0336819871667978e-05,6.1953854266662264e-06,4.141434445001752e-06,7.84e-06,1.1272979730393971e-06,0.00010888163039518342,0.0013881726156799998,0.0009781877729879414,0.0024763693170361638,0.016256786279999998,0.01873315559703616,1625678628.0,20.0,17.0,199.0,199.0,2451968.0,2214352.0,780,12,0.0020558472847846867,200,0.00500470898474289,,NN3,32,64,T,,,
BESTFIX,FM,-1,"[1000, 1000, 784, 1000, 500, 10]",0.0012031051693309576,0.001185419747076849,9.845422254108404e-06,5.8267440982709685e-06,4.018678155837436e-06,7.84e-06,1.3098575108602517e-06,0.0005585777467834434,0.0061001910272000005,0.0005702718502628739,0.007230350481757178,0.016256786279999998,0.023487136761757177,1625678628.0,69.0,54.0,500.0,999.0,2451968.0,1811224.0,4844,12,0.0011952651693309577,1000,0.0010253079507278836,,NN3,32,64,T,,,1000
MAX,RRM,-1,"[1000, 1000, 784, 1000, 500, 10]",0.0012031049486783086,0.001185419747076849,9.84520160145943e-06,5.826629358893502e-06,4.018572242565928e-06,7.84e-06,1.3099258628726294e-06,0.0005585733732977918,0.0061002061824,0.0005702717456735183,0.007230361227234183,0.016256786279999998,0.02348714750723418,1625678628.0,69.0,54.0,500.0,999.0,2451968.0,1685520.0,4884,5,0.0011309581826841528,1000,0.0010230683090705487,,NN3,32,64,T,,,
F200,RRM,-1,"[200, 200, 200, 200, 200, 10]",0.0020637266315650512,0.0020455104649130186,1.037616665203295e-05,6.21148424393534e-06,4.164682408097609e-06,7.84e-06,1.1320111118562515e-06,0.00010990576776387176,0.0013950742937599997,0.0009782064233618342,0.0024843184959975617,0.016256786279999998,0.01874110477599756,1625678628.0,20.0,17.0,399.0,200.0,2451968.0,1023104.0,4020,2,0.0007332819758723026,1000,0.0,,NN3,32,64,T,,,
BESTFIX,RRM,-1,"[1000, 1000, 784, 1000, 500, 10]",0.0012031049486783086,0.001185419747076849,9.84520160145943e-06,5.826629358893502e-06,4.018572242565928e-06,7.84e-06,1.3099258628726294e-06,0.0005585733732977918,0.0061002061824,0.0005702717456735183,0.007230361227234183,0.016256786279999998,0.02348714750723418,1625678628.0,69.0,54.0,500.0,999.0,2451968.0,1685520.0,4884,5,0.0011309581826841528,1000,0.0010230683090705487,,NN3,32,64,T,,,1000
MAX,ORRM,-1,"[1000, 1000, 784, 1000, 500, 10]",0.001203104630938494,0.001185419747076849,9.844883861644909e-06,5.8263557496087746e-06,4.0185281120361345e-06,7.84e-06,1.3098989926756478e-06,0.0005585687646475616,0.00610024937472,0.000570271595064846,0.007230399633425083,0.016256786279999998,0.02348718591342508,1625678628.0,69.0,54.0,500.0,999.0,2451968.0,1662984.0,4884,5,0.0011309578649443383,1000,0.0010103023516237401,,NN3,32,64,T,,,
F200,ORRM,-1,"[200, 200, 200, 200, 200, 10]",0.0020637259784332105,0.0020455104649130186,1.0375513520191988e-05,6.211131199696983e-06,4.164382320495005e-06,7.84e-06,1.131942418273573e-06,0.00010989373447890563,0.0013950015488,0.0009782061137773418,0.002484233339474521,0.016256786279999998,0.018741019619474518,1625678628.0,20.0,17.0,397.0,200.0,2451968.0,1439864.0,3980,4,0.0012048382418592676,1000,5.0857035223205874e-05,,NN3,32,64,T,,,
BESTFIX,ORRM,-1,"[1000, 1000, 784, 1000, 500, 10]",0.001203104630938494,0.001185419747076849,9.844883861644909e-06,5.8263557496087746e-06,4.0185281120361345e-06,7.84e-06,1.3098989926756478e-06,0.0005585687646475616,0.00610024937472,0.000570271595064846,0.007230399633425083,0.016256786279999998,0.02348718591342508,1625678628.0,69.0,54.0,500.0,999.0,2451968.0,1662984.0,4884,5,0.0011309578649443383,1000,0.0010103023516237401,,NN3,32,64,T,,,1000
RI,FM,-1,"[1000, 456, 391, 279, 316, 216, 10]",0.0002597295639516864,0.00017758033075984388,8.19042331918425e-05,8.738032510281419e-07,8.103042994081436e-05,2.45e-07,9.914950324006129e-06,0.0032213089083348682,0.00027493814656,0.00012311181331309934,0.0036292738185319737,0.00098339018,0.004612663998531974,98339018.0,45.0,30.0,500.0,999.0,22494320.0,418504.0,4128,14,0.00025948456395168633,1000,0.0020425424064267825,"[4537.025163400875, 455.6698321197442, 390.7083264376318, 278.82828555938926, 316.162054372131, 215.51259312138632, 45.38651935687915]",NN4,1,64,R,,,
CS,FM,-1,"[866, 500, 375, 196, 250, 125, 10]",0.0002475662447902877,0.0001757712701177506,7.154997467253711e-05,7.499462866211184e-07,7.0800028385916e-05,2.45e-07,9.237702852894766e-06,0.002932341669441394,0.00025646906368,0.00011734640003059637,0.0033153948360048853,0.0009814977399999999,0.004296892576004885,98149774.0,38.0,25.0,500.0,865.0,20985408.0,398488.0,3660,14,0.00024732124479028765,866,0.001949618320610687,,NN4,1,64,R,2,10575,
CS,RRM,-1,"[896, 500, 375, 196, 250, 125, 10]",0.00024772464715536657,0.0001757712701177506,7.170837703761597e-05,7.768217792661001e-07,7.093155525834987e-05,2.45e-07,9.25849252931759e-06,0.0030059450347715865,0.00025685291008000004,0.00011742148275164375,0.003389477920132548,0.0009814977399999999,0.004370975660132548,98149774.0,38.0,25.0,500.0,896.0,21016768.0,257296.0,7804,2,0.0001147352834254822,1000,0.00045343511450381677,,NN4,1,64,R,2,10575,
CS,ORRM,256,"[872, 500, 375, 196, 250, 125, 10]",0.00024764401225689254,0.0001757712701177506,7.16277421391419e-05,7.589577408051993e-07,7.08687843983367e-05,2.45e-07,9.246823468355156e-06,0.0029490267457140834,0.00025665001984,0.00011738326180976706,0.0033323068508322056,0.0009814977399999999,0.004313804590832205,98149774.0,38.0,25.0,500.0,872.0,21000192.0,289296.0,5544,3,0.00014349376283244678,1000,0.0012442748091603052,,NN4,1,64,R,,,
CS_Er,ORRM,-1,"[885, 500, 375, 196, 250, 125, 10]",0.0002476554921865432,0.0001757712701177506,7.163922206879258e-05,7.602022217454104e-07,7.087901984704717e-05,2.45e-07,9.248848755745433e-06,0.0029783988087376152,0.00025665785344,0.00011738870329642147,0.003361694214229782,0.0009814977399999999,0.004343191954229782,98149774.0,38.0,25.0,500.0,885.0,21000832.0,289296.0,5624,3,0.00014349806608538544,1000,0.0012137404580152673,,NN4,1,64,R,,,
CSE,FM,-1,"[57, 87, 79, 49, 63, 46, 10]",0.0005761277101177423,0.000554881060173186,2.100164994455637e-05,3.7435438404289045e-07,2.062729556051348e-05,2.45e-07,1.9455871667643383e-06,6.776015614428593e-05,5.354180992e-05,0.00027308453459580983,0.0003963320878268601,0.00096079166,0.0013571237478268601,96079166.0,8.0,8.0,86.0,86.0,4406384.0,1932536.0,384,14,0.0005758827101177423,87,0.012519294055974605,,NN4,1,64,R,,,
BESTFIXE,FM,-1,"[69, 69, 69, 69, 69, 69, 10]",0.000618158958281746,0.0005916254925002031,2.6288465781542933e-05,5.3539326605035e-07,2.5753072515492582e-05,2.45e-07,1.90784209496169e-06,6.706155944900961e-05,5.273083648e-05,0.0002930073462255476,0.00041470758424951893,0.0009607187,0.0013754262842495188,96071870.0,12.0,11.0,68.0,68.0,4340128.0,2098400.0,256,14,0.0006179139582817458,69,0.014506655647708155,,NN4,1,64,R,,,69
MAX,FM,-1,"[1000, 1000, 1000, 784, 1000, 500, 10]",0.00033162561733644314,0.00014684750679875633,0.0001845331105376868,1.5535294165307483e-06,0.00018297958112115605,2.45e-07,2.4552865521024925e-05,0.012196493404157465,0.00068173856128,0.00015719054261747404,0.013059975373575963,0.0010249477399999999,0.014084923113575964,102494774.0,85.0,70.0,500.0,999.0,55729648.0,211536.0,4844,14,0.00033138061733644313,1000,0.001016223977027997,,NN4,1,64,R,,,
F200,FM,-1,"[200, 200, 200, 200, 200, 200, 10]",0.0003179464862092304,0.00026592659201848685,5.177489419074359e-05,5.758931744393257e-07,5.1199001016304264e-05,2.45e-07,5.495307618231063e-06,0.0005600701699087504,0.00015258514816,0.0001507066344631752,0.0008688572601501566,0.0009709157399999999,0.0018397730001501566,97091574.0,24.0,21.0,199.0,199.0,12498160.0,763864.0,780,14,0.0003177014862092305,200,0.005003201434242541,,NN4,1,64,R,,,
BESTFIX,FM,-1,"[375, 375, 375, 375, 375, 375, 10]",0.0002630073301385991,0.000185451250892595,7.73110792460041e-05,7.184305591856758e-07,7.659264868681843e-05,2.45e-07,1.0296131005205696e-05,0.0019676749702942625,0.00028597275136,0.00012466547448569595,0.002388609327145164,0.00098453774,0.0033731470671451644,98453774.0,36.0,31.0,374.0,374.0,23395840.0,469400.0,1480,14,0.00026276233013859906,375,0.0026689466484268124,,NN4,1,64,R,,,375
MAX,RRM,-1,"[1000, 1000, 1000, 784, 1000, 500, 10]",0.0003316253966837941,0.00014684750679875633,0.00018453288988503778,1.553414677153282e-06,0.00018297947520788451,2.45e-07,2.4552933873037303e-05,0.012196496803239459,0.00068173954048,0.0001571904380281184,0.013059979715620614,0.0010249477399999999,0.014084927455620615,102494774.0,85.0,70.0,500.0,999.0,55729728.0,207528.0,4884,6,0.0003169165718661088,1000,0.0010147882268485284,,NN4,1,64,R,,,
F200,RRM,-1,"[200, 200, 200, 200, 200, 200, 10]",0.000318228871231283,0.00026592659201848685,5.205727921279616e-05,5.962991314164022e-07,5.146098008137976e-05,2.45e-07,5.526244167520323e-06,0.0005660395818533638,0.00015335029504000001,0.00015084048496362813,0.0008757566060245124,0.0009709157399999999,0.0018466723460245122,97091574.0,24.0,21.0,399.0,200.0,12560672.0,444328.0,4820,2,0.0001180855693447859,1000,0.0,,NN4,1,64,R,,,
BESTFIX,RRM,-1,"[375, 375, 375, 375, 375, 375, 10]",0.0002632815778965244,0.000185451250892595,7.758532700392938e-05,7.64635223880743e-07,7.682069178004864e-05,2.45e-07,1.0332816588305118e-05,0.0019799468544106596,0.00028673691904000003,0.00012479546792295256,0.0024018120579619175,0.00098453774,0.0033863497979619173,98453774.0,36.0,31.0,500.0,375.0,23458272.0,304208.0,9020,2,0.00011551972050180865,1000,0.0,,NN4,1,64,R,,,375
MAX,ORRM,-1,"[1000, 1000, 1000, 784, 1000, 500, 10]",0.00033163494369623984,0.00014684750679875633,0.0001845424368974835,1.5532205028221853e-06,0.0001829892163946613,2.45e-07,2.4554581879729837e-05,0.012197342250770576,0.0006817606912,0.00015719496331201768,0.013060852487162324,0.0010249477399999999,0.014085800227162324,102494774.0,85.0,70.0,500.0,999.0,55731456.0,203528.0,4884,6,0.0003169261188785545,1000,0.0009837760229720028,,NN4,1,64,R,,,
F200,ORRM,-1,"[200, 200, 200, 200, 200, 200, 10]",0.00031821285573573684,0.00026592659201848685,5.2041263717249974e-05,5.897854652187021e-07,5.145147825203127e-05,2.45e-07,5.524806733499614e-06,0.0005653959147246989,0.00015321966976000002,0.00015083289361873925,0.0008749732848369378,0.0009709157399999999,0.0018458890248369377,97091574.0,24.0,21.0,364.0,200.0,12550000.0,568384.0,4080,4,0.0001780171092596963,1000,0.0008541426559098476,,NN4,1,64,R,,,
BESTFIX,ORRM,-1,"[375, 375, 375, 375, 375, 375, 10]",0.0002631510359846889,0.000185451250892595,7.74547850920939e-05,7.374066869974035e-07,7.671737840509649e-05,2.45e-07,1.0315029929941374e-05,0.0019738300701833697,0.00028635943744,0.00012473359105674253,0.0023952381286100532,0.00098453774,0.0033797758686100535,98453774.0,36.0,31.0,500.0,375.0,23427432.0,338488.0,5140,4,0.00013999425297145398,1000,0.0013183994528043776,,NN4,1,64,R,,,375
RI,FM,-1,"[1000, 1000, 1000, 784, 906, 500, 10]",0.0001771530812571289,0.00015547206805764758,2.143601319948129e-05,1.1839738484224775e-05,9.596274715256514e-06,2.45e-07,3.6768117859533267e-07,0.00015943923902260145,0.00029444939647999994,8.397056051587908e-05,0.0005382268771970758,0.00137398058,0.0019122074571970757,137398058.0,650.0,527.0,500.0,999.0,112624.0,308712.0,4468,14,0.00017690808125712885,1000,0.0010407319137277938,"[3079.4380351363525, 2297.2192562119694, 1638.4145235901212, 1111.520646748475, 906.1161594029023, 553.4536214635433, 122.34196154858543]",NN4,1,8,T,,,
CS,FM,-1,"[838, 1000, 750, 392, 500, 500, 10]",0.00017181858596555425,0.00015547206805764758,1.6101517907906652e-05,9.058189230195416e-06,7.043328677711238e-06,2.45e-07,2.75849594084989e-07,9.455340797838653e-05,0.00023476888192,8.14420097476727e-05,0.0004110401492401442,0.00137398058,0.0017850207292401442,137398058.0,499.0,396.0,500.0,999.0,112624.0,334464.0,4412,14,0.00017157358596555424,1000,0.001199270738377393,,NN4,1,8,T,2,10575,
CS,RRM,-1,"[838, 1000, 752, 392, 500, 500, 10]",0.00017216982967829635,0.00015547206805764758,1.6452761620648758e-05,9.243872847359665e-06,7.2088887732890936e-06,2.45e-07,2.8208345772074816e-07,9.612677061648029e-05,0.00023499725184000003,8.160849926751246e-05,0.0004130146051817135,0.00137398058,0.0017869951851817135,137398058.0,499.0,396.0,500.0,999.0,112624.0,276608.0,9012,3,0.00011872281335937985,1000,0.000781927491346329,,NN4,1,8,T,3,15862,
CS,ORRM,-1,"[838, 1000, 750, 392, 500, 500, 10]",0.00017198506397615184,0.00015547206805764758,1.6267995918504243e-05,9.143114021732369e-06,7.124881896771873e-06,2.45e-07,2.7876922315784585e-07,9.525894091204877e-05,0.00023481595776,8.152092032469596e-05,0.0004118745882199026,0.00137398058,0.0017858551682199027,137398058.0,499.0,396.0,500.0,999.0,112624.0,301808.0,6540,4,0.00013427546242676135,1000,0.0010052871467639015,,NN4,1,8,T,,,
CS_Er,ORRM,-1,"[838, 1000, 750, 392, 500, 500, 10]",0.00017198506397615184,0.00015547206805764758,1.6267995918504243e-05,9.143114021732369e-06,7.124881896771873e-06,2.45e-07,2.7876922315784585e-07,9.525894091204877e-05,0.00023481595776,8.152092032469596e-05,0.0004118745882199026,0.00137398058,0.0017858551682199027,137398058.0,499.0,396.0,500.0,999.0,112624.0,301808.0,6540,4,0.00013427546242676135,1000,0.0010052871467639015,,NN4,1,8,T,,,
CSE,FM,-1,"[417, 334, 250, 131, 167, 84, 10]",0.00022964260614118085,0.00022276621149143716,6.631394649743676e-06,3.866212426778653e-06,2.7651822229650233e-06,2.45e-07,1.118159017528697e-07,1.4354813251668292e-05,8.327328768000001e-05,0.00010885059531091972,0.0002065905121443409,0.00137398058,0.0015805710921443408,137398058.0,176.0,125.0,416.0,416.0,112624.0,852136.0,1792,14,0.0002293976061411808,417,0.003219087510305876,,NN4,1,8,T,,,
BESTFIXE,FM,-1,"[250, 250, 250, 250, 250, 250, 10]",0.00027328284081852897,0.0002656977470875637,7.3400937309652755e-06,4.100778100106606e-06,3.2393156308586693e-06,2.45e-07,1.230192013602702e-07,1.471180131935052e-05,8.088994303999999e-05,0.00012953606654798273,0.0002252608301086935,0.00137398058,0.0015992414101086935,137398058.0,192.0,162.0,249.0,249.0,112624.0,952424.0,980,14,0.000273037840818529,250,0.004,,NN4,1,8,T,,,250
MAX,FM,-1,"[1000, 1000, 1000, 784, 1000, 500, 10]",0.00017608017152619522,0.00015399365520050472,2.184151632569049e-05,1.2042485634276395e-05,9.799030691414093e-06,2.45e-07,3.7512626028731356e-07,0.00016430631621708534,0.00029731192960000003,8.346200130341653e-05,0.0005454553733807892,0.00137398058,0.0019194359533807892,137398058.0,661.0,538.0,500.0,999.0,112624.0,298432.0,4844,14,0.00017583517152619518,1000,0.001016223977027997,,NN4,1,8,T,,,
F200,FM,-1,"[200, 200, 200, 200, 200, 200, 10]",0.0003233773313469491,0.00031679136931858203,6.34096202836705e-06,3.56233824340257e-06,2.77862378496448e-06,2.45e-07,1.0886447671602924e-07,1.0428349639569188e-05,6.481335424e-05,0.00015328085505845386,0.00022863142341473906,0.00137398058,0.001602612003414739,137398058.0,150.0,127.0,199.0,199.0,112624.0,1186280.0,780,14,0.000323132331346949,200,0.005003201434242541,,NN4,1,8,T,,,
BESTFIX,FM,-1,"[1000, 1000, 1000, 784, 1000, 500, 10]",0.00017608017152619522,0.00015399365520050472,2.184151632569049e-05,1.2042485634276395e-05,9.799030691414093e-06,2.45e-07,3.7512626028731356e-07,0.00016430631621708534,0.00029731192960000003,8.346200130341653e-05,0.0005454553733807892,0.00137398058,0.0019194359533807892,137398058.0,661.0,538.0,500.0,999.0,112624.0,298432.0,4844,14,0.00017583517152619518,1000,0.001016223977027997,,NN4,1,8,T,,,1000
MAX,RRM,-1,"[1000, 1000, 1000, 784, 1000, 500, 10]",0.00017608352544645962,0.00015399365520050472,2.1844870245954884e-05,1.2045751293481204e-05,9.799118952473682e-06,2.45e-07,3.7521981259742536e-07,0.00016430731707185663,0.0002973124032,8.346359106162186e-05,0.0005454585311460759,0.00137398058,0.0019194391111460758,137398058.0,661.0,538.0,500.0,999.0,112624.0,294424.0,4884,6,0.00016439205228167714,1000,0.0010147882268485284,,NN4,1,8,T,,,
F200,RRM,-1,"[200, 200, 200, 200, 200, 200, 10]",0.0003237109051955614,0.00031679136931858203,6.674535876979345e-06,3.7301048654701607e-06,2.944431011509184e-06,2.45e-07,1.1459989749035707e-07,1.106503862791149e-05,6.513559167999999e-05,0.0001534389690626961,0.00022975419926809794,0.00137398058,0.0016037347792680979,137398058.0,150.0,127.0,399.0,200.0,112624.0,556328.0,4820,2,0.00010555466320513197,1000,0.0,,NN4,1,8,T,,,
BESTFIX,RRM,-1,"[1000, 1000, 1000, 784, 1000, 500, 10]",0.00017608352544645962,0.00015399365520050472,2.1844870245954884e-05,1.2045751293481204e-05,9.799118952473682e-06,2.45e-07,3.7521981259742536e-07,0.00016430731707185663,0.0002973124032,8.346359106162186e-05,0.0005454585311460759,0.00137398058,0.0019194391111460758,137398058.0,661.0,538.0,500.0,999.0,112624.0,294424.0,4884,6,0.00016439205228167714,1000,0.0010147882268485284,,NN4,1,8,T,,,1000
MAX,ORRM,-1,"[1000, 1000, 1000, 784, 1000, 500, 10]",0.0001760835077942477,0.00015399365520050472,2.184485259374297e-05,1.2045742467375249e-05,9.799110126367724e-06,2.45e-07,3.752195089793803e-07,0.00016430719561786014,0.00029731751808000003,8.346358269447341e-05,0.0005454635159013129,0.00137398058,0.001919444095901313,137398058.0,661.0,538.0,500.0,999.0,112624.0,290344.0,4884,6,0.00016439203462946522,1000,0.0009837760229720028,,NN4,1,8,T,,,
F200,ORRM,-1,"[200, 200, 200, 200, 200, 200, 10]",0.00032363131137202366,0.00031679136931858203,6.5949420534415965e-06,3.6893017776219665e-06,2.90564027581963e-06,2.45e-07,1.1323202229317649e-07,1.0918913642537859e-05,6.507890176000001e-05,0.0001534012415903392,0.00022951228901517027,0.00137398058,0.0016034928690151704,137398058.0,150.0,127.0,364.0,200.0,112624.0,826048.0,4080,4,0.0001809500605377501,1000,0.0008541426559098476,,NN4,1,8,T,,,
BESTFIX,ORRM,-1,"[1000, 1000, 1000, 784, 1000, 500, 10]",0.0001760835077942477,0.00015399365520050472,2.184485259374297e-05,1.2045742467375249e-05,9.799110126367724e-06,2.45e-07,3.752195089793803e-07,0.00016430719561786014,0.00029731751808000003,8.346358269447341e-05,0.0005454635159013129,0.00137398058,0.001919444095901313,137398058.0,661.0,538.0,500.0,999.0,112624.0,290344.0,4884,6,0.00016439203462946522,1000,0.0009837760229720028,,NN4,1,8,T,,,1000
RI,FM,-1,"[1000, 96, 83, 60, 70, 49, 10]",0.002615805111376543,0.0015822448376584769,0.001031600273718066,1.599376434993179e-05,0.001015606509368134,1.96e-06,1.6978153529506703e-05,0.003841491624044124,0.00047349675008,0.0012398916227924813,0.005571858150446112,0.0059501111599999995,0.011521969310446111,595011116.0,172.0,49.0,500.0,999.0,38940800.0,1890792.0,4020,14,0.002613845111376542,1000,0.007793281311995768,"[3148.330068817777, 95.69339095070131, 83.37398745083019, 60.44053599596833, 70.33976621453675, 49.052591430062556, 9.94102632550975]",NN4,8,8,R,,,
CS,FM,-1,"[838, 112, 95, 72, 72, 63, 5]",0.0025047012144594413,0.001355118604915153,0.0011476226095442884,1.545157292105531e-05,0.001132171036623233,1.96e-06,1.961448496301785e-05,0.003906746967792285,0.0005478203801600001,0.001187228375653775,0.005661410208569077,0.005957716599999999,0.011619126808569077,595771660.0,157.0,53.0,500.0,837.0,45012992.0,1660016.0,3342,14,0.0025027412144594413,838,0.007006234748867059,,NN4,8,8,R,3,15862,
CS,RRM,-1,"[1000, 112, 96, 72, 72, 63, 5]",0.0025124595147239595,0.0013551309259151529,0.0011553685888088068,1.5695981182610242e-05,0.0011396726076261965,1.96e-06,1.980243792647714e-05,0.004567332199388473,0.0005529654886400001,0.0011909058099791568,0.006331005935934107,0.005957876599999999,0.012288882535934107,595787660.0,177.0,53.0,500.0,999.0,45433344.0,1111800.0,5222,2,0.0009800307891900983,1000,0.00047866793551659096,,NN4,8,8,R,2,10575,
CS,ORRM,64,"[834, 112, 96, 72, 72, 63, 5]",0.0025083205360854465,0.0013551309259151529,0.0011512296101702933,1.5453450776489784e-05,0.0011357761593938035,1.96e-06,1.9731355434824498e-05,0.0039044766977173184,0.00055109325824,0.0011889439341045017,0.005664245245496644,0.005957876599999999,0.011622121845496644,595787660.0,157.0,53.0,500.0,834.0,45280384.0,1298720.0,4058,4,0.0016001858791837994,1000,0.0038834785482685327,,NN4,8,8,R,,,
CS_Er,ORRM,-1,"[970, 112, 95, 72, 72, 63, 5]",0.002508758766404543,0.001355118604915153,0.00115168016148939,1.568398444337429e-05,0.0011359961770460157,1.96e-06,1.9682990953397385e-05,0.0044401201280251015,0.0005495351552,0.0011891516552757532,0.006198489929454252,0.005957716599999999,0.01215620652945425,595771660.0,174.0,53.0,500.0,970.0,45153088.0,1367928.0,4530,4,0.0016477708006209242,1000,0.0038788595724253802,,NN4,8,8,R,,,
CSE,FM,-1,"[84, 40, 52, 32, 40, 39, 5]",0.0033427694530646958,0.0027935520318994097,0.000547257421165286,1.4199450676295769e-05,0.0005330579704889903,1.96e-06,9.115378996244056e-06,0.00025264347187370394,0.00025317048319999997,0.0015844727207526656,0.0020994020548226137,0.005927709559999999,0.008027111614822613,592770956.0,37.0,27.0,83.0,83.0,20940288.0,3601248.0,406,14,0.003340809453064696,84,0.018321738595087116,,NN4,8,8,R,,,
BESTFIXE,FM,-1,"[40, 40, 40, 40, 40, 40, 10]",0.003664363978986725,0.0031446679419521975,0.0005177360370345273,1.3745872989577266e-05,0.0005039901640449501,1.96e-06,8.823619366257627e-06,0.00017986072040013207,0.00024497497087999995,0.0017369085260397076,0.002170567836686097,0.00592702956,0.008097597396686097,592702956.0,30.0,27.0,39.0,39.0,20270720.0,3890624.0,140,14,0.003662403978986725,40,0.02501580477936528,,NN4,8,8,R,,,40
MAX,FM,-1,"[1000, 1000, 1000, 784, 1000, 500, 10]",0.011777623673359612,0.0004777027452692068,0.011297960928090404,2.3120132693099905e-05,0.011274840795397305,1.96e-06,0.0001941298797602873,0.09657594771114832,0.00545390849024,0.005582593621172456,0.10780657970232106,0.0064589207599999995,0.11426550046232106,645892076.0,661.0,538.0,500.0,999.0,445837184.0,742240.0,4844,14,0.011775663673359612,1000,0.001016223977027997,,NN4,8,8,R,,,
F200,FM,-1,"[200, 200, 200, 200, 200, 200, 10]",0.0033917405021333114,0.0008544263048108272,0.0025353541973224844,1.519969118457904e-05,0.002520154506137905,1.96e-06,4.352496409436308e-05,0.004439741128299569,0.00122068118528,0.0016076849980111896,0.0073116322756851225,0.00602666476,0.013338297035685122,602666476.0,150.0,127.0,199.0,199.0,99985280.0,1156568.0,780,14,0.0033897805021333117,200,0.005003201434242541,,NN4,8,8,R,,,
BESTFIX,FM,-1,"[96, 96, 96, 96, 96, 96, 10]",0.002747295903166685,0.001521394148515064,0.0012239417546516208,1.4227489647050505e-05,0.0012097142650045703,1.96e-06,2.0969182745057394e-05,0.0010264113673373056,0.0005864995635200001,0.0013022182581010086,0.002936098371703372,0.0059619018799999994,0.008898000251703371,596190188.0,72.0,62.0,95.0,95.0,48173056.0,1869824.0,364,14,0.002745335903166685,96,0.010427190454414939,,NN4,8,8,R,,,96
MAX,RRM,-1,"[1000, 1000, 1000, 784, 1000, 500, 10]",0.011777652909632815,0.0004777027452692068,0.011297990164363607,2.3123398352304714e-05,0.011274866766011303,1.96e-06,0.00019413025154789147,0.09657609074769131,0.00545391632384,0.005582607479165954,0.10780674480224517,0.0064589207599999995,0.11426566556224517,645892076.0,661.0,538.0,500.0,999.0,445837824.0,738232.0,4884,6,0.011733131730585678,1000,0.0010147882268485284,,NN4,8,8,R,,,
F200,RRM,-1,"[200, 200, 200, 200, 200, 200, 10]",0.0034047305465701593,0.0008544263048108272,0.0025483442417593323,1.5367457806646627e-05,0.0025329767839526855,1.96e-06,4.3747889985725646e-05,0.004484798751214382,0.0012268023603200001,0.0016138422790742553,0.007369191280594364,0.00602666476,0.013395856040594364,602666476.0,150.0,127.0,399.0,200.0,100485376.0,725448.0,4820,2,0.0011432025833136685,1000,0.0,,NN4,8,8,R,,,
BESTFIX,RRM,-1,"[96, 96, 96, 96, 96, 96, 10]",0.0027601075493284876,0.001521394148515064,0.0012367534008134232,1.4266659905296296e-05,0.0012224867409081268,1.96e-06,2.1188539362559763e-05,0.001047958912473809,0.0005926442393600001,0.001308290978381703,0.002970082669578072,0.0059619018799999994,0.008931984549578071,596190188.0,72.0,62.0,191.0,96.0,48675072.0,1163024.0,2324,2,0.0009509877993841762,586,0.0,,NN4,8,8,R,,,96
MAX,ORRM,-1,"[1000, 1000, 1000, 784, 1000, 500, 10]",0.011778015244921768,0.0004777027452692068,0.011298352499652562,2.312338952619876e-05,0.011275229110126362,1.96e-06,0.0001941364837148618,0.09657924917058557,0.0054540855296,0.005582779226092917,0.10781025040999334,0.0064589207599999995,0.11426917116999334,645892076.0,661.0,538.0,500.0,999.0,445851648.0,715816.0,4884,6,0.011733494065874634,1000,0.0009837760229720028,,NN4,8,8,R,,,
F200,ORRM,-1,"[200, 200, 200, 200, 200, 200, 10]",0.003402658011570151,0.0008544263048108272,0.0025462717067593235,1.5326654718798438e-05,0.0025309450520405253,1.96e-06,4.371257740464612e-05,0.004477235623384303,0.0012257573580800002,0.0016128598974842515,0.0073595654563532,0.00602666476,0.0133862302163532,602666476.0,150.0,127.0,364.0,200.0,100400000.0,873872.0,4080,4,0.0019513589869170238,1000,0.0008541426559098476,,NN4,8,8,R,,,
BESTFIX,ORRM,-1,"[96, 96, 96, 96, 96, 96, 10]",0.0027601075493284876,0.001521394148515064,0.0012367534008134232,1.4266659905296296e-05,0.0012224867409081268,1.96e-06,2.1188539362559763e-05,0.001047958912473809,0.0005926442393600001,0.001308290978381703,0.002970082669578072,0.0059619018799999994,0.008931984549578071,596190188.0,72.0,62.0,191.0,96.0,48675072.0,1163024.0,2324,2,0.0009509877993841762,586,0.0,,NN4,8,8,R,,,96
RI,FM,-1,"[1000, 1000, 1000, 784, 1000, 500, 10]",0.00015706794220877974,0.00015399365520050472,2.8292870082750228e-06,1.5535294165307483e-06,1.2757575917442742e-06,2.45e-07,3.7590178573080265e-07,0.00016448253664216883,0.00029731192960000003,7.445020460696159e-05,0.0005366205726348612,0.00137398058,0.0019106011526348612,137398058.0,85.0,70.0,500.0,999.0,112624.0,298432.0,4844,14,0.00015682294220877973,1000,0.001016223977027997,"[8709.96606755477, 6497.517255759202, 4634.136080100406, 3143.855146978815, 2562.8835234260114, 1565.4032352364961, 346.0353225386744]",NN4,1,64,T,,,
CS,FM,-1,"[866, 1000, 750, 392, 1000, 500, 10]",0.00015665795752587818,0.00015399365520050472,2.419302325373454e-06,1.3374286258179633e-06,1.081873699555491e-06,2.45e-07,3.1924306159395425e-07,0.00011417579611515032,0.0002513173184,7.425587186726625e-05,0.0004400682294440105,0.00137398058,0.0018140488094440105,137398058.0,73.0,60.0,500.0,999.0,112624.0,324184.0,6412,14,0.00015641295752587817,1000,0.00103420112302195,,NN4,1,64,T,2,10575,
CS,RRM,-1,"[866, 1000, 768, 392, 1000, 500, 10]",0.000156665089019493,0.00015399365520050472,2.4264338189882798e-06,1.3431302902674401e-06,1.0833035287208396e-06,2.45e-07,3.216369672078491e-07,0.00011539455378604053,0.00025252556671999995,7.425925219523968e-05,0.000442501009668488,0.00137398058,0.001816481589668488,137398058.0,73.0,60.0,500.0,999.0,112624.0,312088.0,7380,5,0.00013115312745604497,1000,0.0009538305428716387,,NN4,1,64,T,3,15862,
CS,ORRM,-1,"[867, 1000, 751, 392, 1000, 500, 10]",0.00015665845178781186,0.00015399365520050472,2.419796587307155e-06,1.3370402771557695e-06,1.0827563101513853e-06,2.45e-07,3.1954750752868417e-07,0.00011430459707113907,0.00025143614463999997,7.425610614742282e-05,0.0004403163953660905,0.00137398058,0.0018142969753660904,137398058.0,73.0,60.0,500.0,999.0,112624.0,320176.0,6668,6,0.00014498521520542063,1000,0.0010137778533764246,,NN4,1,64,T,,,
CS_Er,ORRM,-1,"[867, 1000, 751, 392, 1000, 500, 10]",0.00015665845178781186,0.00015399365520050472,2.419796587307155e-06,1.3370402771557695e-06,1.0827563101513853e-06,2.45e-07,3.1954750752868417e-07,0.00011430459707113907,0.00025143614463999997,7.425610614742282e-05,0.0004403163953660905,0.00137398058,0.0018142969753660904,137398058.0,73.0,60.0,500.0,999.0,112624.0,320176.0,6668,6,0.00014498521520542063,1000,0.0010137778533764246,,NN4,1,64,T,,,
CSE,FM,-1,"[417, 334, 250, 131, 167, 84, 10]",0.00022398339239463976,0.00022276621149143716,9.721809032025904e-07,5.546079124806519e-07,4.175729907219386e-07,2.45e-07,1.1295204047721346e-07,1.4500335539884689e-05,8.327328768000001e-05,0.00010616812799505924,0.00020405470325542114,0.00137398058,0.001578035283255421,137398058.0,25.0,19.0,416.0,416.0,112624.0,852136.0,1792,14,0.00022373839239463972,417,0.003219087510305876,,NN4,1,64,T,,,
BESTFIXE,FM,-1,"[250, 250, 250, 250, 250, 250, 10]",0.0002668826454007828,0.0002656977470875637,9.398983132190737e-07,5.18248176853539e-07,4.2165013636553456e-07,2.45e-07,1.244452953175772e-07,1.4877933500663024e-05,8.088994303999999e-05,0.00012650237391997104,0.00022239469575595163,0.00137398058,0.0015963752757559516,137398058.0,24.0,21.0,249.0,249.0,112624.0,952424.0,980,14,0.00026663764540078275,250,0.004,,NN4,1,64,T,,,250
MAX,FM,-1,"[1000, 1000, 1000, 784, 1000, 500, 10]",0.00015706794220877974,0.00015399365520050472,2.8292870082750228e-06,1.5535294165307483e-06,1.2757575917442742e-06,2.45e-07,3.7590178573080265e-07,0.00016448253664216883,0.00029731192960000003,7.445020460696159e-05,0.0005366205726348612,0.00137398058,0.0019106011526348612,137398058.0,85.0,70.0,500.0,999.0,112624.0,298432.0,4844,14,0.00015682294220877973,1000,0.001016223977027997,,NN4,1,64,T,,,
F200,FM,-1,"[200, 200, 200, 200, 200, 200, 10]",0.0003180721458622668,0.00031679136931858203,1.0357765436847648e-06,5.758931744393257e-07,4.598833692454391e-07,2.45e-07,1.1034173587812125e-07,1.0553186379338626e-05,6.481335424e-05,0.00015076619713871446,0.0002262430794939312,0.00137398058,0.0016002236594939313,137398058.0,24.0,21.0,199.0,199.0,112624.0,1186280.0,780,14,0.0003178271458622668,200,0.005003201434242541,,NN4,1,64,T,,,
BESTFIX,FM,-1,"[1000, 1000, 1000, 784, 1000, 500, 10]",0.00015706794220877974,0.00015399365520050472,2.8292870082750228e-06,1.5535294165307483e-06,1.2757575917442742e-06,2.45e-07,3.7590178573080265e-07,0.00016448253664216883,0.00029731192960000003,7.445020460696159e-05,0.0005366205726348612,0.00137398058,0.0019106011526348612,137398058.0,85.0,70.0,500.0,999.0,112624.0,298432.0,4844,14,0.00015682294220877973,1000,0.001016223977027997,,NN4,1,64,T,,,1000
MAX,RRM,-1,"[1000, 1000, 1000, 784, 1000, 500, 10]",0.00015706772155613076,0.00015399365520050472,2.829066355626049e-06,1.553414677153282e-06,1.275651678472767e-06,2.45e-07,3.759701377431805e-07,0.00016447709842122303,0.0002973124032,7.445010001760598e-05,0.0005366155717765722,0.00137398058,0.0019105961517765723,137398058.0,85.0,70.0,500.0,999.0,112624.0,294424.0,4884,6,0.00014539448497373952,1000,0.0010147882268485284,,NN4,1,64,T,,,
F200,RRM,-1,"[200, 200, 200, 200, 200, 200, 10]",0.00031812158970784884,0.00031679136931858203,1.085220389266764e-06,5.962991314164022e-07,4.889212578503618e-07,2.45e-07,1.1622319693208814e-07,1.1205445131599107e-05,6.513559167999999e-05,0.00015078963352152034,0.00022724689353005153,0.00137398058,0.0016012274735300515,137398058.0,24.0,21.0,399.0,200.0,112624.0,556328.0,4820,2,0.00010410552767588252,1000,0.0,,NN4,1,64,T,,,
BESTFIX,RRM,-1,"[1000, 1000, 1000, 784, 1000, 500, 10]",0.00015706772155613076,0.00015399365520050472,2.829066355626049e-06,1.553414677153282e-06,1.275651678472767e-06,2.45e-07,3.759701377431805e-07,0.00016447709842122303,0.0002973124032,7.445010001760598e-05,0.0005366155717765722,0.00137398058,0.0019105961517765723,137398058.0,85.0,70.0,500.0,999.0,112624.0,294424.0,4884,6,0.00014539448497373952,1000,0.0010147882268485284,,NN4,1,64,T,,,1000
MAX,ORRM,-1,"[1000, 1000, 1000, 784, 1000, 500, 10]",0.00015706756268622354,0.00015399365520050472,2.828907485718788e-06,1.5532205028221853e-06,1.275686982896603e-06,2.45e-07,3.7594873267100884e-07,0.00016447075771704642,0.00029731751808000003,7.445002471326996e-05,0.0005366142492429874,0.00137398058,0.0019105948292429875,137398058.0,85.0,70.0,500.0,999.0,112624.0,290344.0,4884,6,0.00014539432610383228,1000,0.0009837760229720028,,NN4,1,64,T,,,
F200,ORRM,-1,"[200, 200, 200, 200, 200, 200, 10]",0.00031810880950642023,0.00031679136931858203,1.0724401878382144e-06,5.897854652187021e-07,4.826547226195122e-07,2.45e-07,1.1485532173490756e-07,1.105918684116943e-05,6.507890176000001e-05,0.00015078357570604318,0.00022703651962894752,0.00137398058,0.0016010170996289476,137398058.0,24.0,21.0,364.0,200.0,112624.0,826048.0,4080,4,0.00017901281746818747,1000,0.0008541426559098476,,NN4,1,64,T,,,
BESTFIX,ORRM,-1,"[1000, 1000, 1000, 784, 1000, 500, 10]",0.00015706756268622354,0.00015399365520050472,2.828907485718788e-06,1.5532205028221853e-06,1.275686982896603e-06,2.45e-07,3.7594873267100884e-07,0.00016447075771704642,0.00029731751808000003,7.445002471326996e-05,0.0005366142492429874,0.00137398058,0.0019105948292429875,137398058.0,85.0,70.0,500.0,999.0,112624.0,290344.0,4884,6,0.00014539432610383228,1000,0.0009837760229720028,,NN4,1,64,T,,,1000
RI,FM,-1,"[1000, 1000, 1000, 784, 1000, 500, 10]",0.0005374434517574612,0.0004949095824905943,4.057386926686692e-05,2.3120132693099905e-05,1.745373657376702e-05,1.96e-06,6.970305838167245e-07,0.00031177502923767394,0.0023784954368000003,0.0002547481961330366,0.002945715692754527,0.00778608348,0.010731799172754526,778608348.0,661.0,538.0,500.0,999.0,900992.0,802928.0,4844,14,0.0005354834517574611,1000,0.001016223977027997,"[4300.300880682494, 3770.4476775164103, 2857.8435478521214, 1859.5384134540145, 1561.570293020891, 1129.8818443634643, 220.80760856456013]",NN4,8,8,T,,,
CS,FM,-1,"[838, 1000, 750, 784, 1000, 500, 10]",0.0005361737963382249,0.0004949095824905943,3.930421384763059e-05,2.233865043406323e-05,1.6965563413567365e-05,1.96e-06,6.74665111634189e-07,0.000276872934096953,0.0021853882572799997,0.0002541463794643186,0.0027170822359529057,0.00778608348,0.010503165715952906,778608348.0,610.0,507.0,500.0,999.0,900992.0,802928.0,4980,14,0.0005342137963382248,1000,0.0010508894044856923,,NN4,8,8,T,2,10575,
CS,RRM,-1,"[838, 1000, 750, 784, 1000, 500, 10]",0.0005361771502584892,0.0004949095824905943,3.9307567767895e-05,2.2341916093268042e-05,1.6965651674626955e-05,1.96e-06,6.747586639443011e-07,0.00027689045638224234,0.0021855148032,0.0002541479692225239,0.0027172279874687105,0.00778608348,0.01050331146746871,778608348.0,610.0,507.0,500.0,999.0,900992.0,728976.0,5884,5,0.000467403497709718,1000,0.0009825212683681362,,NN4,8,8,T,2,10575,
CS,ORRM,32,"[838, 1000, 750, 784, 1000, 500, 10]",0.0005361716957250066,0.0004949095824905943,3.930211323441237e-05,2.2336496864209252e-05,1.6965616370203118e-05,1.96e-06,6.746652634432116e-07,0.00027688924343244916,0.0021855110144,0.0002541453837736531,0.002717220306869545,0.00778608348,0.010503303786869546,778608348.0,610.0,507.0,500.0,999.0,900992.0,771496.0,5844,8,0.0005105158460999421,1000,0.0009840680587780357,,NN4,8,8,T,,,
CS_Er,ORRM,-1,"[838, 1000, 750, 784, 1000, 500, 10]",0.0005361879269338651,0.0004949095824905943,3.931834444327087e-05,2.2347194104631492e-05,1.697115033863938e-05,1.96e-06,6.749479697953511e-07,0.0002769645354193671,0.0021855148032,0.00025415307736665206,0.0027173073639558147,0.00778608348,0.010503390843955815,778608348.0,610.0,507.0,500.0,999.0,900992.0,771496.0,5884,6,0.0005105320420043767,1000,0.0009825212683681362,,NN4,8,8,T,,,
CSE,FM,-1,"[167, 167, 150, 98, 125, 84, 10]",0.0011733675942146838,0.0011460725922469675,2.5335001967716182e-05,1.4797884650838328e-05,1.0537117316877854e-05,1.96e-06,4.273115751614688e-07,2.9558198399957623e-05,0.00036611637248000007,0.0005561762396577601,0.0009522781221128792,0.00778608348,0.008738361602112879,778608348.0,101.0,82.0,166.0,166.0,900992.0,1837136.0,756,14,0.0011714075942146837,167,0.006463147883975273,,NN4,8,8,T,,,
BESTFIXE,FM,-1,"[167, 167, 167, 167, 167, 167, 10]",0.0010723206341613652,0.0010446660415058648,2.569459265550028e-05,1.497981591237244e-05,1.0714776743127838e-05,1.96e-06,4.3903105977840804e-07,3.597480428532459e-05,0.00043362369535999995,0.0005082799805924871,0.00097831751129759,0.00778608348,0.00876440099129759,778608348.0,126.0,107.0,166.0,166.0,900992.0,1696496.0,648,14,0.0010703606341613651,167,0.00598806983986856,,NN4,8,8,T,,,167
MAX,FM,-1,"[1000, 1000, 1000, 784, 1000, 500, 10]",0.0005374434517574612,0.0004949095824905943,4.057386926686692e-05,2.3120132693099905e-05,1.745373657376702e-05,1.96e-06,6.970305838167245e-07,0.00031177502923767394,0.0023784954368000003,0.0002547481961330366,0.002945715692754527,0.00778608348,0.010731799172754526,778608348.0,661.0,538.0,500.0,999.0,900992.0,802928.0,4844,14,0.0005354834517574611,1000,0.001016223977027997,,NN4,8,8,T,,,
F200,FM,-1,"[200, 200, 200, 200, 200, 200, 10]",0.0009701738647356558,0.0009421020203543477,2.6111844381308222e-05,1.519969118457904e-05,1.0912153196729184e-05,1.96e-06,4.487984473042646e-07,4.3968689711333886e-05,0.00051850683392,0.0004598624118847008,0.0010227867339633388,0.00778608348,0.008808870213963338,778608348.0,150.0,127.0,199.0,199.0,900992.0,1534904.0,780,14,0.000968213864735656,200,0.005003201434242541,,NN4,8,8,T,,,
BESTFIX,FM,-1,"[1000, 1000, 1000, 784, 1000, 500, 10]",0.0005374434517574612,0.0004949095824905943,4.057386926686692e-05,2.3120132693099905e-05,1.745373657376702e-05,1.96e-06,6.970305838167245e-07,0.00031177502923767394,0.0023784954368000003,0.0002547481961330366,0.002945715692754527,0.00778608348,0.010731799172754526,778608348.0,661.0,538.0,500.0,999.0,900992.0,802928.0,4844,14,0.0005354834517574611,1000,0.001016223977027997,,NN4,8,8,T,,,1000
MAX,RRM,-1,"[1000, 1000, 1000, 784, 1000, 500, 10]",0.0005374468056777255,0.0004949095824905943,4.057722318713132e-05,2.3123398352304714e-05,1.745382483482661e-05,1.96e-06,6.971241361268364e-07,0.00031177624303950404,0.0023784992256,0.00025474978589124186,0.0029457223786668726,0.00778608348,0.010731805858666872,778608348.0,661.0,538.0,500.0,999.0,900992.0,771496.0,4884,6,0.0005117909207482371,1000,0.0010147882268485284,,NN4,8,8,T,,,
F200,RRM,-1,"[200, 200, 200, 200, 200, 200, 10]",0.0009705074385842681,0.0009421020203543477,2.644541822992052e-05,1.5367457806646627e-05,1.107796042327389e-05,1.96e-06,4.545338680785924e-07,4.47731029014409e-05,0.0005210847334399999,0.0004600205258889431,0.0010263328960984624,0.00778608348,0.008812416376098461,778608348.0,150.0,127.0,399.0,200.0,900992.0,781448.0,4820,2,0.0003256313155540777,1000,0.0,,NN4,8,8,T,,,
BESTFIX,RRM,-1,"[1000, 1000, 1000, 784, 1000, 500, 10]",0.0005374468056777255,0.0004949095824905943,4.057722318713132e-05,2.3123398352304714e-05,1.745382483482661e-05,1.96e-06,6.971241361268364e-07,0.00031177624303950404,0.0023784992256,0.00025474978589124186,0.0029457223786668726,0.00778608348,0.010731805858666872,778608348.0,661.0,538.0,500.0,999.0,900992.0,771496.0,4884,6,0.0005117909207482371,1000,0.0010147882268485284,,NN4,8,8,T,,,1000
MAX,ORRM,-1,"[1000, 1000, 1000, 784, 1000, 500, 10]",0.0005374467880255136,0.0004949095824905943,4.0577205534919414e-05,2.312338952619876e-05,1.7453816008720654e-05,1.96e-06,6.971238325087916e-07,0.0003117791880231547,0.0023785401446400002,0.0002547497775240934,0.0029457662340197574,0.00778608348,0.010731849714019758,778608348.0,661.0,538.0,500.0,999.0,900992.0,732984.0,4884,6,0.0005117909030960253,1000,0.0009837760229720028,,NN4,8,8,T,,,
F200,ORRM,-1,"[200, 200, 200, 200, 200, 200, 10]",0.0009704278447607304,0.0009421020203543477,2.6365824406382776e-05,1.5326654718798438e-05,1.1039169687584336e-05,1.96e-06,4.531659928814118e-07,4.459753443606728e-05,0.0005206312140800001,0.00045998279841658616,0.001025664712925535,0.00778608348,0.008811748192925534,778608348.0,150.0,127.0,364.0,200.0,900992.0,1095744.0,4080,4,0.0005169005487589771,1000,0.0008541426559098476,,NN4,8,8,T,,,
BESTFIX,ORRM,-1,"[1000, 1000, 1000, 784, 1000, 500, 10]",0.0005374467880255136,0.0004949095824905943,4.0577205534919414e-05,2.312338952619876e-05,1.7453816008720654e-05,1.96e-06,6.971238325087916e-07,0.0003117791880231547,0.0023785401446400002,0.0002547497775240934,0.0029457662340197574,0.00778608348,0.010731849714019758,778608348.0,661.0,538.0,500.0,999.0,900992.0,732984.0,4884,6,0.0005117909030960253,1000,0.0009837760229720028,,NN4,8,8,T,,,1000
RI,FM,-1,"[1000, 271, 236, 171, 199, 139, 10]",0.001188355444282856,0.0007755248708712994,0.00041087057341155666,2.3828657103528206e-06,0.0004084877077012038,1.96e-06,4.765183168017094e-05,0.013087601463553545,0.00133570036736,0.0005632804805900737,0.01503423414318379,0.006038202039999999,0.021072436183183788,603820204.0,35.0,20.0,500.0,999.0,109382272.0,1071472.0,4092,14,0.0011863954442828562,1000,0.0030492093860784424,"[8904.822164298239, 270.6617826239052, 235.81724760417657, 170.95165144519532, 198.9509027095014, 138.74168013988145, 28.117468506887725]",NN4,8,64,R,,,
CS,FM,-1,"[866, 250, 250, 196, 250, 125, 10]",0.0010879660711595799,0.000701250303294089,0.00038475576786549094,2.176184348141901e-06,0.00038257958351734905,1.96e-06,4.872133877281428e-05,0.011512812672955305,0.0013662012723200001,0.0005156959177296408,0.01344343120177776,0.00604132076,0.01948475196177776,604132076.0,32.0,19.0,500.0,865.0,111874176.0,1030640.0,3660,14,0.0010860060711595798,866,0.003008595988538682,,NN4,8,64,R,3,15862,
CS,RRM,-1,"[1000, 250, 250, 198, 250, 125, 10]",0.0010890700982492578,0.000701262495694089,0.00038584760255516894,2.211251004374735e-06,0.0003836363515507942,1.96e-06,4.893945651560152e-05,0.012749029975485437,0.00137207647232,0.0005162192265701482,0.014686265130891187,0.006041560759999999,0.020727825890891186,604156076.0,34.0,19.0,500.0,999.0,112354176.0,742392.0,7312,2,0.000516498112016689,1000,0.00042906178489702515,,NN4,8,64,R,2,10575,
CS,ORRM,256,"[834, 250, 250, 198, 250, 125, 10]",0.0010886356821263703,0.000701262495694089,0.0003854131864322813,2.1864844137959876e-06,0.00038322670201848536,1.96e-06,4.888662764969115e-05,0.011264998838619372,0.0013707557273600001,0.0005160133133278995,0.013200654506956962,0.006041560759999999,0.01924221526695696,604156076.0,32.0,19.0,500.0,833.0,112246272.0,710360.0,5356,2,0.0004796590390094662,1000,0.0013935926773455377,,NN4,8,64,R,,,
CS_Er,ORRM,-1,"[1000, 250, 250, 198, 250, 125, 10]",0.0010887226147859206,0.000701262495694089,0.00038550011909183166,2.198559064005775e-06,0.0003833015600278259,1.96e-06,4.889228505445231e-05,0.01273727579573511,0.00137049095168,0.0005160545194085263,0.01467271355187809,0.006041560759999999,0.02071427431187809,604156076.0,34.0,19.0,500.0,999.0,112224640.0,838648.0,5740,3,0.0006833414897344265,1000,0.0015869565217391305,,NN4,8,64,R,,,
CSE,FM,-1,"[46, 69, 52, 44, 42, 39, 5]",0.0025202069643170113,0.0023774215741647663,0.00014082539015224522,2.6268127231814324e-06,0.00013819857742906379,1.96e-06,1.1721442154002371e-05,0.00031212423935305696,0.0003244484096,0.0011945781010862632,0.0018428721921933226,0.005935075,0.007777947192193322,593507500.0,7.0,7.0,68.0,68.0,26763648.0,2826488.0,266,14,0.002518246964317011,69,0.016861424514544476,,NN4,8,64,R,,,
BESTFIXE,FM,-1,"[50, 50, 50, 50, 50, 50, 10]",0.002719998750310802,0.0026106888546781454,0.00010734989563265678,2.214359581034282e-06,0.0001051355360516225,1.96e-06,1.0993824822594214e-05,0.0002801684214663479,0.00030597521408,0.0012892794076473201,0.0018864168680162623,0.00593325676,0.007819673628016263,593325676.0,6.0,6.0,49.0,49.0,25254400.0,3175192.0,180,14,0.002718038750310802,50,0.02,,NN4,8,64,R,,,50
MAX,FM,-1,"[1000, 1000, 1000, 784, 1000, 500, 10]",0.00193868820874807,0.0004777027452692068,0.0014590254634788632,2.9738235341778073e-06,0.0014560516399446854,1.96e-06,0.00019413416105043668,0.09657783909236395,0.00545390849024,0.0009189382109465852,0.10314481995460097,0.0064589207599999995,0.10960374071460097,645892076.0,85.0,70.0,500.0,999.0,445837184.0,742240.0,4844,14,0.0019367282087480702,1000,0.001016223977027997,,NN4,8,64,R,,,
F200,FM,-1,"[200, 200, 200, 200, 200, 200, 10]",0.0012664700225309825,0.0008544263048108272,0.00041008371772015544,2.426481409733443e-06,0.000407657236310422,1.96e-06,4.3531505235878125e-05,0.004440334420175809,0.00122068118528,0.0006003067906796857,0.0063048539013713725,0.00602666476,0.012331518661371372,602666476.0,24.0,21.0,199.0,199.0,99985280.0,1156568.0,780,14,0.0012645100225309824,200,0.005003201434242541,,NN4,8,64,R,,,
BESTFIX,FM,-1,"[250, 250, 250, 250, 250, 250, 10]",0.0011511358715761634,0.0007391168556158855,0.0004100590159602779,2.0194246474417745e-06,0.0004080395913128361,1.96e-06,5.437278747178816e-05,0.006933210867488899,0.0015255727308800002,0.0005456384031271015,0.009058794788967789,0.00605780076,0.015116595548967788,605780076.0,24.0,21.0,249.0,249.0,124894720.0,1042760.0,980,14,0.0011491758715761633,250,0.004,,NN4,8,64,R,,,250
MAX,RRM,-1,"[1000, 1000, 1000, 784, 1000, 500, 10]",0.0019387009292718917,0.0004777027452692068,0.0014590381840026848,2.973708794800341e-06,0.0014560644752078845,1.96e-06,0.00019413517540244906,0.09657824281062183,0.00545391632384,0.0009189442404748767,0.10314523855033916,0.0064589207599999995,0.10960415931033916,645892076.0,85.0,70.0,500.0,999.0,445837824.0,738232.0,4884,6,0.001900665339748324,1000,0.0010147882268485284,,NN4,8,64,R,,,
F200,RRM,-1,"[200, 200, 200, 200, 200, 200, 10]",0.0012685253487295057,0.0008544263048108272,0.0004121390439186785,2.44688736671052e-06,0.00040969215655196797,1.96e-06,4.375123834399091e-05,0.004485067522205129,0.0012268023603200001,0.0006012810152977857,0.006356902136166906,0.00602666476,0.012383566896166907,602666476.0,24.0,21.0,399.0,200.0,100485376.0,725448.0,4820,2,0.0004540346239534555,1000,0.0,,NN4,8,64,R,,,
BESTFIX,RRM,-1,"[250, 250, 250, 250, 250, 250, 10]",0.0011528326732583613,0.0007391168556158855,0.00041175581764247595,2.0521871527613712e-06,0.00040970363048971456,1.96e-06,5.459792240101314e-05,0.0069897705166787425,0.00153168607232,0.0005464426871244632,0.009122497198524218,0.00605780076,0.015180297958524217,605780076.0,24.0,21.0,499.0,250.0,125394176.0,657168.0,6020,2,0.0004865700149686641,1000,0.0,,NN4,8,64,R,,,250
MAX,ORRM,-1,"[1000, 1000, 1000, 784, 1000, 500, 10]",0.0019387395939313961,0.0004777027452692068,0.0014590768486621893,2.9735146204692445e-06,0.00145610333404172,1.96e-06,0.0001941424994091416,0.09658198740459058,0.0054540855296,0.0009189625675234817,0.1031491780011232,0.0064589207599999995,0.10960809876112321,645892076.0,85.0,70.0,500.0,999.0,445851648.0,715816.0,4884,6,0.0019007040044078283,1000,0.0009837760229720028,,NN4,8,64,R,,,
F200,ORRM,-1,"[200, 200, 200, 200, 200, 200, 10]",0.001268486686175136,0.0008544263048108272,0.00041210038136430877,2.44037370051282e-06,0.0004096600076637959,1.96e-06,4.374931399820549e-05,0.004480911300439406,0.0012257573580800002,0.0006012626892470144,0.006351680661764625,0.00602666476,0.012378345421764626,602666476.0,24.0,21.0,364.0,200.0,100400000.0,873872.0,4080,4,0.0007237091415442198,1000,0.0008541426559098476,,NN4,8,64,R,,,
BESTFIX,ORRM,-1,"[250, 250, 250, 250, 250, 250, 10]",0.0011523751643692736,0.0007391168556158855,0.0004112983087533882,2.0368297283928102e-06,0.00040926147902499535,1.96e-06,5.453808228297966e-05,0.006972627387083215,0.0015296062515200003,0.0005462258279110356,0.009102997548797231,0.00605780076,0.01516079830879723,605780076.0,24.0,21.0,414.0,250.0,125224256.0,769440.0,4280,4,0.0006404438767556723,1000,0.0013608405945668889,,NN4,8,64,R,,,250
RI,FM,-1,"[1000, 90, 77, 56, 66, 46, 9]",0.00488519223896706,0.002936756529376393,0.0019445157095906661,2.995892453006116e-05,0.001914556785060605,3.92e-06,3.170221729948616e-05,0.0071424709133811005,0.0008849670553600001,0.0023155811212703862,0.010374721307310973,0.01164521468,0.022019935987310973,1164521468.0,169.0,46.0,500.0,999.0,72814080.0,2489216.0,4022,14,0.004881272238967058,1000,0.00825838045162797,"[4373.492070289921, 90.12691628268938, 77.47290072550165, 56.203181398948004, 66.1215329675436, 46.17100382566363, 8.658477638003463]",NN4,16,8,R,,,
CS,FM,-1,"[838, 112, 96, 56, 72, 48, 5]",0.004695308052893179,0.0025268867656969077,0.002164501287196271,2.8787219052321862e-05,0.002135714068143949,3.92e-06,3.714743822840371e-05,0.007697125282466913,0.00103835051008,0.002225576017071367,0.010998199247846683,0.011660847319999999,0.02265904656784668,1166084732.0,153.0,49.0,500.0,837.0,85345408.0,2311176.0,3406,14,0.004691388052893179,838,0.0067441186940755534,,NN4,16,8,R,2,10575,
CS,RRM,-1,"[1000, 112, 96, 56, 72, 48, 5]",0.004709077665421496,0.0025268867656969077,0.002178270899724588,2.9054288138142947e-05,0.0021492166115864453,3.92e-06,3.738271763263404e-05,0.009005344001442274,0.0010448288972800001,0.0022321028134097893,0.012319658429764697,0.011660847319999999,0.023980505749764694,1166084732.0,173.0,49.0,500.0,999.0,85874688.0,1484472.0,5098,2,0.0018639759539412363,1000,0.000506827081460386,,NN4,16,8,R,2,10575,
CS,ORRM,64,"[1000, 112, 96, 56, 72, 48, 5]",0.004701649963904006,0.0025268867656969077,0.0021708431982070974,2.9040025150913294e-05,0.0021418031730561842,3.92e-06,3.7254961166533205e-05,0.008994546338512207,0.0010412379750399999,0.0022285820828904985,0.01230162135760924,0.011660847319999999,0.02396246867760924,1166084732.0,173.0,49.0,500.0,999.0,85581312.0,1830376.0,4490,3,0.00311235792327701,1000,0.0039641118157080196,,NN4,16,8,R,,,
CS_Er,ORRM,-1,"[952, 112, 94, 56, 72, 48, 5]",0.004701960581023256,0.0025268535730302412,0.002171187007993015,2.9074411747523412e-05,0.0021421125962454916,3.92e-06,3.703640763573144e-05,0.008602247126745581,0.0010349397606400001,0.0022287293154050233,0.011902952610426336,0.01166020732,0.023563159930426333,1166020732.0,167.0,49.0,500.0,952.0,85066752.0,1810240.0,4450,3,0.0031123329877230455,1000,0.004018526499814857,,NN4,16,8,R,,,
CSE,FM,-1,"[84, 40, 56, 32, 40, 32, 5]",0.006147831992671396,0.0050756127922618206,0.0010682992004095754,2.7595603524716537e-05,0.0010407035968848588,3.92e-06,1.8287324241013904e-05,0.0005115884869286365,0.0005082586316799999,0.0029140723645262414,0.003952206807375892,0.011606913239999999,0.01555912004737589,1160691324.0,36.0,26.0,83.0,83.0,42037248.0,3971752.0,422,14,0.006143911992671396,84,0.01757810102498005,,NN4,16,8,R,,,
BESTFIXE,FM,-1,"[40, 40, 40, 40, 40, 40, 10]",0.0067658596881717825,0.00572708718054902,0.0010348525076227628,2.7165872989577263e-05,0.0010076866346331855,3.92e-06,1.7636722307434095e-05,0.00035952066159777917,0.0004899499417599999,0.003207017492193425,0.004074124817858638,0.01160539324,0.015679518057858638,1160539324.0,30.0,27.0,39.0,39.0,40541440.0,4271232.0,140,14,0.006761939688171782,40,0.02501580477936528,,NN4,16,8,R,,,40
MAX,FM,-1,"[1000, 1000, 1000, 784, 1000, 500, 10]",0.023419343766524298,0.0008372604854927052,0.022578163281031592,3.6540132693099895e-05,0.02254162314833849,3.92e-06,0.0003879547624661696,0.19301829402057166,0.01090781698048,0.011100768945332516,0.21541483470885034,0.012669175639999999,0.22808401034885034,1266917564.0,661.0,538.0,500.0,999.0,891674368.0,1355296.0,4844,14,0.023415423766524293,1000,0.001016223977027997,,NN4,16,8,R,,,
F200,FM,-1,"[200, 200, 200, 200, 200, 200, 10]",0.006665161405730731,0.0015938295613494233,0.005067411844381308,2.8619691184579042e-05,0.005038792153196729,3.92e-06,8.699338585906898e-05,0.008874189210461923,0.00244136237056,0.0031592865063163663,0.014561831473197359,0.01180466364,0.026366495113197358,1180466364.0,150.0,127.0,199.0,199.0,199970560.0,1771864.0,780,14,0.006661241405730732,200,0.005003201434242541,,NN4,16,8,R,,,
BESTFIX,FM,-1,"[88, 88, 88, 88, 88, 88, 10]",0.005148584847595347,0.002899884929267126,0.0022447799183282205,2.7576811089459056e-05,0.0022172031072387613,3.92e-06,3.844513112997257e-05,0.0017250187745306974,0.0010754363392,0.002440429217760194,0.0052793294626208645,0.011665174359999999,0.016944503822620863,1166517436.0,66.0,57.0,87.0,87.0,88375296.0,2451872.0,332,14,0.005144664847595347,88,0.011368247747799974,,NN4,16,8,R,,,88
MAX,RRM,-1,"[1000, 1000, 1000, 784, 1000, 500, 10]",0.023419398885150437,0.0008372604854927052,0.02257821839965773,3.65433983523047e-05,0.022541675001305425,3.92e-06,0.00038795541248906785,0.19301857916378526,0.01090783264768,0.011100795071561306,0.21541516229551563,0.012669175639999999,0.22808433793551564,1266917564.0,661.0,538.0,500.0,999.0,891675648.0,1351288.0,4884,6,0.023340839862966048,1000,0.0010147882268485284,,NN4,16,8,R,,,
F200,RRM,-1,"[200, 200, 200, 200, 200, 200, 10]",0.006690807920755814,0.0015938295613494233,0.00509305835940639,2.8787457806646634e-05,0.005064270901599744,3.92e-06,8.743350222101976e-05,0.008963693455816737,0.0024536047206400002,0.0031714429544382554,0.014676174633116013,0.01180466364,0.026480838273116012,1180466364.0,150.0,127.0,399.0,200.0,200970752.0,1046728.0,4820,2,0.0022494923084151047,1000,0.0,,NN4,16,8,R,,,
BESTFIX,RRM,-1,"[88, 88, 88, 88, 88, 88, 10]",0.005174118519639044,0.002899884929267126,0.0022703135903719175,2.760989133459317e-05,0.0022427036990373245,3.92e-06,3.888230494558472e-05,0.0017644728959298006,0.0010877256908799998,0.0024525321783089066,0.005343613070064292,0.011665174359999999,0.01700878743006429,1166517436.0,66.0,57.0,175.0,88.0,89379328.0,1566256.0,2132,2,0.0017963476043287656,538,0.0,,NN4,16,8,R,,,88
MAX,ORRM,-1,"[1000, 1000, 1000, 784, 1000, 500, 10]",0.023420123573380563,0.0008372604854927052,0.022578943087887857,3.654338952619876e-05,0.022542399698361658,3.92e-06,0.00038796787712662656,0.1930248961310278,0.0109081710592,0.011101138573782386,0.21542217364113683,0.012669175639999999,0.22809134928113683,1266917564.0,661.0,538.0,500.0,999.0,891703296.0,1328744.0,4884,6,0.023341564551196174,1000,0.0009837760229720028,,NN4,16,8,R,,,
F200,ORRM,-1,"[200, 200, 200, 200, 200, 200, 10]",0.006686742444579335,0.0015938295613494233,0.0050889928832299125,2.8746654718798435e-05,0.005060246228511114,3.92e-06,8.736424493405787e-05,0.008948708782271358,0.0024515147161600003,0.0031695159187306045,0.014657103662096023,0.01180466364,0.026461767302096022,1180466364.0,150.0,127.0,364.0,200.0,200800000.0,1291536.0,4080,4,0.0038459963727249294,1000,0.0008541426559098476,,NN4,16,8,R,,,
BESTFIX,ORRM,-1,"[88, 88, 88, 88, 88, 88, 10]",0.005174118519639044,0.002899884929267126,0.0022703135903719175,2.760989133459317e-05,0.0022427036990373245,3.92e-06,3.888230494558472e-05,0.0017644728959298006,0.0010877256908799998,0.0024525321783089066,0.005343613070064292,0.011665174359999999,0.01700878743006429,1166517436.0,66.0,57.0,175.0,88.0,89379328.0,1566256.0,2132,2,0.0017963476043287656,538,0.0,,NN4,16,8,R,,,88
RI,FM,-1,"[1000, 1000, 1000, 784, 1000, 500, 10]",0.0005021091636165163,0.0004949095824905943,5.2395811259220816e-06,2.9738235341778073e-06,2.2657575917442743e-06,1.96e-06,6.984182269072733e-07,0.0003122390405145217,0.0023784954368000003,0.00023799974355422874,0.002929432639095658,0.00778608348,0.010715516119095658,778608348.0,85.0,70.0,500.0,999.0,900992.0,802928.0,4844,14,0.0005001491636165164,1000,0.001016223977027997,"[12163.087655492296, 10664.43648352369, 8083.202209025827, 5259.56888812083, 4416.787773978144, 3195.7884563558755, 624.538229414341]",NN4,8,64,T,,,
CS,FM,-1,"[866, 1000, 750, 784, 1000, 500, 10]",0.0005019566705980059,0.0004949095824905943,5.087088107411726e-06,2.8826595846556504e-06,2.204428522756076e-06,1.96e-06,6.766270571201541e-07,0.00027886961138424505,0.00219598628864,0.00023792746186345476,0.00271345998894482,0.00778608348,0.01049954346894482,778608348.0,79.0,66.0,500.0,999.0,900992.0,802928.0,4980,14,0.000499996670598006,1000,0.0010508894044856923,,NN4,8,64,T,2,10575,
CS,RRM,-1,"[866, 1000, 750, 784, 1000, 500, 10]",0.000501956449945357,0.0004949095824905943,5.0868674547627534e-06,2.882544845278184e-06,2.204322609484569e-06,1.96e-06,6.76695409132532e-07,0.0002788811258794372,0.00219611283456,0.00023792735727409922,0.0027135980131226694,0.00778608348,0.01049968149312267,778608348.0,79.0,66.0,500.0,999.0,900992.0,728976.0,5884,5,0.000436166688381909,1000,0.0009825212683681362,,NN4,8,64,T,2,10575,
CS,ORRM,128,"[866, 1000, 750, 784, 1000, 500, 10]",0.0005019552407688406,0.0004949095824905943,5.085658278246377e-06,2.881768147953797e-06,2.2038901302925806e-06,1.96e-06,6.766593924419454e-07,0.0002789013710933144,0.00219610904576,0.00023792678412443044,0.0027136138603701867,0.00778608348,0.010499697340370186,778608348.0,79.0,66.0,500.0,999.0,900992.0,802928.0,5844,14,0.0004999952407688407,1000,0.0009840680587780357,,NN4,8,64,T,,,
CS_Er,ORRM,-1,"[871, 1000, 756, 784, 1000, 500, 10]",0.0005019557703351982,0.0004949095824905943,5.086187844603914e-06,2.882130018298114e-06,2.2040578263058004e-06,1.96e-06,6.781765747384858e-07,0.0002802174183362346,0.002201166336,0.00023792703513888394,0.002719988966049857,0.00778608348,0.010506072446049857,778608348.0,79.0,66.0,500.0,999.0,900992.0,771496.0,5860,6,0.000476327827870454,1000,0.0009825536513818126,,NN4,8,64,T,,,
CSE,FM,-1,"[167, 167, 150, 98, 125, 84, 10]",0.0011518023601038716,0.0011460725922469675,3.76976785690382e-06,2.1810165261650685e-06,1.5887513307387512e-06,1.96e-06,4.281596165694375e-07,2.9606779473280644e-05,0.00036611637248000007,0.0005459543186892351,0.0009421056302590853,0.00778608348,0.008728189110259086,778608348.0,15.0,13.0,166.0,166.0,900992.0,1837136.0,756,14,0.0011498423601038715,167,0.006463147883975273,,NN4,8,64,T,,,
BESTFIXE,FM,-1,"[167, 167, 167, 167, 167, 167, 10]",0.0010503182193830564,0.0010446660415058648,3.6921778771915282e-06,2.1422215363089224e-06,1.5499563408826058e-06,1.96e-06,4.4028143130430355e-07,3.607503432471108e-05,0.00043362369535999995,0.0004978508359875687,0.0009679898471035839,0.00778608348,0.008754073327103583,778608348.0,18.0,16.0,166.0,166.0,900992.0,1696496.0,648,14,0.0010483582193830565,167,0.00598806983986856,,NN4,8,64,T,,,167
MAX,FM,-1,"[1000, 1000, 1000, 784, 1000, 500, 10]",0.0005021091636165163,0.0004949095824905943,5.2395811259220816e-06,2.9738235341778073e-06,2.2657575917442743e-06,1.96e-06,6.984182269072733e-07,0.0003122390405145217,0.0023784954368000003,0.00023799974355422874,0.002929432639095658,0.00778608348,0.010715516119095658,778608348.0,85.0,70.0,500.0,999.0,900992.0,802928.0,4844,14,0.0005001491636165164,1000,0.001016223977027997,,NN4,8,64,T,,,
F200,FM,-1,"[200, 200, 200, 200, 200, 200, 10]",0.0009482457380745029,0.0009421020203543477,4.183717720155353e-06,2.426481409733443e-06,1.7572363104219097e-06,1.96e-06,4.5355888293694487e-07,4.4380266764044514e-05,0.00051850683392,0.00044946847984731435,0.0010128091394142958,0.00778608348,0.008798892619414295,778608348.0,24.0,21.0,199.0,199.0,900992.0,1534904.0,780,14,0.0009462857380745029,200,0.005003201434242541,,NN4,8,64,T,,,
BESTFIX,FM,-1,"[1000, 1000, 1000, 784, 1000, 500, 10]",0.0005021091636165163,0.0004949095824905943,5.2395811259220816e-06,2.9738235341778073e-06,2.2657575917442743e-06,1.96e-06,6.984182269072733e-07,0.0003122390405145217,0.0023784954368000003,0.00023799974355422874,0.002929432639095658,0.00778608348,0.010715516119095658,778608348.0,85.0,70.0,500.0,999.0,900992.0,802928.0,4844,14,0.0005001491636165164,1000,0.001016223977027997,,NN4,8,64,T,,,1000
MAX,RRM,-1,"[1000, 1000, 1000, 784, 1000, 500, 10]",0.0005021089429638674,0.0004949095824905943,5.239360473273108e-06,2.973708794800341e-06,2.265651678472767e-06,1.96e-06,6.984865789196512e-07,0.00031223381524063485,0.0023784992256,0.00023799963896487314,0.0029294311663844276,0.00778608348,0.010715514646384428,778608348.0,85.0,70.0,500.0,999.0,900992.0,771496.0,4884,6,0.0004764810004991232,1000,0.0010147882268485284,,NN4,8,64,T,,,
F200,RRM,-1,"[200, 200, 200, 200, 200, 200, 10]",0.0009482951819200849,0.0009421020203543477,4.233161565737352e-06,2.44688736671052e-06,1.7862741990268322e-06,1.96e-06,4.594403439909117e-07,4.5201669365128514e-05,0.0005210847334399999,0.00044949191623012025,0.0010162377593792395,0.00778608348,0.008802321239379239,778608348.0,24.0,21.0,399.0,200.0,900992.0,781448.0,4820,2,0.00031961512089974706,1000,0.0,,NN4,8,64,T,,,
BESTFIX,RRM,-1,"[1000, 1000, 1000, 784, 1000, 500, 10]",0.0005021089429638674,0.0004949095824905943,5.239360473273108e-06,2.973708794800341e-06,2.265651678472767e-06,1.96e-06,6.984865789196512e-07,0.00031223381524063485,0.0023784992256,0.00023799963896487314,0.0029294311663844276,0.00778608348,0.010715514646384428,778608348.0,85.0,70.0,500.0,999.0,900992.0,771496.0,4884,6,0.0004764810004991232,1000,0.0010147882268485284,,NN4,8,64,T,,,1000
MAX,ORRM,-1,"[1000, 1000, 1000, 784, 1000, 500, 10]",0.00050210878409396,0.0004949095824905943,5.239201603365847e-06,2.9735146204692445e-06,2.2656869828966023e-06,1.96e-06,6.984651738474795e-07,0.0003122305409741053,0.0023785401446400002,0.00023799956366053705,0.00292946871444849,0.00778608348,0.01071555219444849,778608348.0,85.0,70.0,500.0,999.0,900992.0,732984.0,4884,6,0.00047648084162921596,1000,0.0009837760229720028,,NN4,8,64,T,,,
F200,ORRM,-1,"[200, 200, 200, 200, 200, 200, 10]",0.0009482824017186564,0.0009421020203543477,4.220381364308803e-06,2.44037370051282e-06,1.7800076637959832e-06,1.96e-06,4.580724687937311e-07,4.502585402293414e-05,0.0005206312140800001,0.00044948585841464314,0.001015600998986371,0.00778608348,0.00880168447898637,778608348.0,24.0,21.0,364.0,200.0,900992.0,1095744.0,4080,4,0.0005072471292188261,1000,0.0008541426559098476,,NN4,8,64,T,,,
BESTFIX,ORRM,-1,"[1000, 1000, 1000, 784, 1000, 500, 10]",0.00050210878409396,0.0004949095824905943,5.239201603365847e-06,2.9735146204692445e-06,2.2656869828966023e-06,1.96e-06,6.984651738474795e-07,0.0003122305409741053,0.0023785401446400002,0.00023799956366053705,0.00292946871444849,0.00778608348,0.01071555219444849,778608348.0,85.0,70.0,500.0,999.0,900992.0,732984.0,4884,6,0.00047648084162921596,1000,0.0009837760229720028,,NN4,8,64,T,,,1000
RI,FM,-1,"[1000, 1000, 1000, 784, 1000, 500, 10]",0.0009318200835194237,0.0008645109201349096,6.338916338451397e-05,3.6540132693099895e-05,2.684903069141407e-05,3.92e-06,1.0890641132284895e-06,0.0004899486567506145,0.0047569908736000005,0.0004416827195882068,0.00568971131405205,0.015114201079999999,0.02080391239405205,1511420108.0,661.0,538.0,500.0,999.0,1801984.0,1384048.0,4844,14,0.0009279000835194235,1000,0.001016223977027997,"[5457.394638918638, 4996.386663268647, 3774.50832612672, 2427.8820979366756, 2063.904661375415, 1535.1035868052104, 279.7101674551316]",NN4,16,8,T,,,
CS,FM,-1,"[838, 1000, 750, 784, 1000, 500, 10]",0.0009305504281001874,0.0008645109201349096,6.211950796527768e-05,3.5758650434063244e-05,2.6360857531214432e-05,3.92e-06,1.0663647586930135e-06,0.0004404171838475416,0.0043707765145599995,0.0004410809029194888,0.005253340966085723,0.015114201079999999,0.02036754204608572,1511420108.0,610.0,507.0,500.0,999.0,1801984.0,1384048.0,4980,14,0.0009266304281001873,1000,0.0010508894044856923,,NN4,16,8,T,2,10575,
CS,RRM,-1,"[838, 1000, 750, 784, 1000, 500, 10]",0.0009305537820204517,0.0008645109201349096,6.212286188554207e-05,3.5761916093268056e-05,2.6360945792274016e-05,3.92e-06,1.0664583110031253e-06,0.0004404441893751836,0.0043710296064,0.0004410824926776941,0.005253622746763881,0.015114201079999999,0.02036782382676388,1511420108.0,610.0,507.0,500.0,999.0,1801984.0,1245968.0,5884,5,0.0008157497255501118,1000,0.0009825212683681362,,NN4,16,8,T,2,10575,
CS,ORRM,32,"[838, 1000, 750, 784, 1000, 500, 10]",0.0009305483274869691,0.0008645109201349096,6.211740735205945e-05,3.575649686420927e-05,2.636091048785018e-05,3.92e-06,1.0663649105020363e-06,0.00044044269249597873,0.0043710220288,0.0004410799072288233,0.005253610993435304,0.015114201079999999,0.020367812073435302,1511420108.0,610.0,507.0,500.0,999.0,1801984.0,1321192.0,5844,8,0.0008881582621756301,1000,0.0009840680587780357,,NN4,16,8,T,,,
CS_Er,ORRM,-1,"[838, 1000, 750, 784, 1000, 500, 10]",0.0009305645586958276,0.0008645109201349096,6.213363856091798e-05,3.576719410463152e-05,2.636644445628645e-05,3.92e-06,1.0666476168541754e-06,0.00044051826841230864,0.0043710296064,0.00044108760082182225,0.005253702123250986,0.015114201079999999,0.020367903203250985,1511420108.0,610.0,507.0,500.0,999.0,1801984.0,1321192.0,5884,6,0.0008881744580800646,1000,0.0009825212683681362,,NN4,16,8,T,,,
CSE,FM,-1,"[179, 154, 150, 98, 112, 84, 10]",0.002142561898947581,0.0020897645196216084,4.8877379325972786e-05,2.8683586852545762e-05,2.0193792473427027e-05,3.92e-06,8.177567169145156e-07,5.53605234644265e-05,0.00071530438656,0.0010155743401011534,0.0017870570068424943,0.015114201079999999,0.016901258086842494,1511420108.0,100.0,79.0,178.0,178.0,1801984.0,2428592.0,752,14,0.002138641898947581,179,0.006627623888787559,,NN4,16,8,T,,,
BESTFIXE,FM,-1,"[125, 125, 125, 125, 125, 125, 10]",0.002397952479642284,0.0023453070155593555,4.872546408292821e-05,2.855581105319593e-05,2.0169653029732282e-05,3.92e-06,8.180680068793439e-07,5.038140149765469e-05,0.00065117743104,0.0011366294753504425,0.0018390063758949764,0.015114201079999999,0.016953207455894976,1511420108.0,96.0,82.0,124.0,124.0,1801984.0,2657288.0,480,14,0.0023940324796422833,125,0.008,,NN4,16,8,T,,,125
MAX,FM,-1,"[1000, 1000, 1000, 784, 1000, 500, 10]",0.0009318200835194237,0.0008645109201349096,6.338916338451397e-05,3.6540132693099895e-05,2.684903069141407e-05,3.92e-06,1.0890641132284895e-06,0.0004899486567506145,0.0047569908736000005,0.0004416827195882068,0.00568971131405205,0.015114201079999999,0.02080391239405205,1511420108.0,661.0,538.0,500.0,999.0,1801984.0,1384048.0,4844,14,0.0009279000835194235,1000,0.001016223977027997,,NN4,16,8,T,,,
F200,FM,-1,"[200, 200, 200, 200, 200, 200, 10]",0.0017564825561103034,0.001703635417611348,4.892713849895528e-05,2.8619691184579042e-05,2.0307447314376238e-05,3.92e-06,8.410545649513233e-07,8.264433328545155e-05,0.00103701366784,0.0008325727315962837,0.0019530717872866866,0.015114201079999999,0.017067272867286685,1511420108.0,150.0,127.0,199.0,199.0,1801984.0,2118136.0,780,14,0.0017525625561103032,200,0.005003201434242541,,NN4,16,8,T,,,
BESTFIX,FM,-1,"[1000, 1000, 1000, 784, 1000, 500, 10]",0.0009318200835194237,0.0008645109201349096,6.338916338451397e-05,3.6540132693099895e-05,2.684903069141407e-05,3.92e-06,1.0890641132284895e-06,0.0004899486567506145,0.0047569908736000005,0.0004416827195882068,0.00568971131405205,0.015114201079999999,0.02080391239405205,1511420108.0,661.0,538.0,500.0,999.0,1801984.0,1384048.0,4844,14,0.0009279000835194235,1000,0.001016223977027997,,NN4,16,8,T,,,1000
MAX,RRM,-1,"[1000, 1000, 1000, 784, 1000, 500, 10]",0.000931823437439688,0.0008645109201349096,6.339251730477836e-05,3.65433983523047e-05,2.6849118952473658e-05,3.92e-06,1.0891576655386013e-06,0.0004899501544818564,0.0047569984512,0.0004416843093464121,0.005689722072693807,0.015114201079999999,0.020803923152693804,1511420108.0,661.0,538.0,500.0,999.0,1801984.0,1321192.0,4884,6,0.0008894333368239251,1000,0.0010147882268485284,,NN4,16,8,T,,,
F200,RRM,-1,"[200, 200, 200, 200, 200, 200, 10]",0.0017568161299589156,0.001703635417611348,4.926071234756758e-05,2.8787457806646634e-05,2.047325454092095e-05,3.92e-06,8.467899857256512e-07,8.364215919085266e-05,0.0010421694668799998,0.000832730845600526,0.001959389261657104,0.015114201079999999,0.0170735903416571,1511420108.0,150.0,127.0,399.0,200.0,1801984.0,1038728.0,4820,2,0.0006121933368669376,1000,0.0,,NN4,16,8,T,,,
BESTFIX,RRM,-1,"[1000, 1000, 1000, 784, 1000, 500, 10]",0.000931823437439688,0.0008645109201349096,6.339251730477836e-05,3.65433983523047e-05,2.6849118952473658e-05,3.92e-06,1.0891576655386013e-06,0.0004899501544818564,0.0047569984512,0.0004416843093464121,0.005689722072693807,0.015114201079999999,0.020803923152693804,1511420108.0,661.0,538.0,500.0,999.0,1801984.0,1321192.0,4884,6,0.0008894333368239251,1000,0.0010147882268485284,,NN4,16,8,T,,,1000
MAX,ORRM,-1,"[1000, 1000, 1000, 784, 1000, 500, 10]",0.0009318234197874761,0.0008645109201349096,6.339249965256645e-05,3.654338952619876e-05,2.68491101263677e-05,3.92e-06,1.0891573619205566e-06,0.0004899561659031541,0.0047570802892800005,0.0004416843009792636,0.005689809913524338,0.015114201079999999,0.020804010993524337,1511420108.0,661.0,538.0,500.0,999.0,1801984.0,1276376.0,4884,6,0.0008894333191717132,1000,0.0009837760229720028,,NN4,16,8,T,,,
F200,ORRM,-1,"[200, 200, 200, 200, 200, 200, 10]",0.0017567365361353777,0.001703635417611348,4.9181118524029826e-05,2.8746654718798435e-05,2.0434463805231395e-05,3.92e-06,8.454221105284706e-07,8.34326043748908e-05,0.0010412624281600001,0.0008326931181281689,0.0019582335727735883,0.015114201079999999,0.017072434652773586,1511420108.0,150.0,127.0,364.0,200.0,1801984.0,1403968.0,4080,4,0.0009452729187094424,1000,0.0008541426559098476,,NN4,16,8,T,,,
BESTFIX,ORRM,-1,"[1000, 1000, 1000, 784, 1000, 500, 10]",0.0009318234197874761,0.0008645109201349096,6.339249965256645e-05,3.654338952619876e-05,2.68491101263677e-05,3.92e-06,1.0891573619205566e-06,0.0004899561659031541,0.0047570802892800005,0.0004416843009792636,0.005689809913524338,0.015114201079999999,0.020804010993524337,1511420108.0,661.0,538.0,500.0,999.0,1801984.0,1276376.0,4884,6,0.0008894333191717132,1000,0.0009837760229720028,,NN4,16,8,T,,,1000
RI,FM,-1,"[1000, 255, 219, 159, 187, 131, 10]",0.002143704468742888,0.001404068513961295,0.000735715954781593,4.102763963453834e-06,0.0007316131908181392,3.92e-06,8.911897334609106e-05,0.024141456306305452,0.0025000391679999992,0.001016115918184129,0.027746730365835668,0.011810232919999998,0.03955696328583567,1181023292.0,33.0,18.0,500.0,999.0,204764416.0,1686192.0,4092,14,0.002139784468742888,1000,0.0032381148033831723,"[12370.103601470382, 254.91741468368772, 219.12645384477764, 158.96660276581505, 187.01993737519976, 130.59131959726713, 24.48987301033732]",NN4,16,64,R,,,
CS,FM,-1,"[866, 250, 250, 157, 250, 125, 10]",0.0020637462854873343,0.0013296447484404026,0.0007301815370469316,3.8973042329798156e-06,0.0007262842328139517,3.92e-06,9.412090437543205e-05,0.02238296095811439,0.00264111603712,0.0009782157393209963,0.02609641363893082,0.01182461564,0.03792102927893082,1182461564.0,31.0,18.0,500.0,865.0,216290304.0,1657240.0,3816,14,0.0020598262854873346,866,0.0029742069374444117,,NN4,16,64,R,2,10575,
CS,RRM,-1,"[1000, 250, 250, 157, 250, 125, 10]",0.0020656736302875744,0.0013296447484404026,0.000732108881847172,3.942937843180282e-06,0.0007281659440039917,3.92e-06,9.435966634360326e-05,0.024815309283964592,0.00264779966464,0.0009791293007563103,0.028536597915704506,0.01182461564,0.0403612135557045,1182461564.0,33.0,18.0,500.0,999.0,216836352.0,1113784.0,7148,2,0.0009857628343325825,1000,0.0004447079750963534,,NN4,16,64,R,2,10575,
CS,ORRM,-1,"[1000, 250, 250, 157, 250, 125, 10]",0.0020648507301717256,0.0013296447484404026,0.0007312859817313232,3.931437427115779e-06,0.0007273545443042074,3.92e-06,9.425898366774488e-05,0.024792002653335494,0.00264486049792,0.000978739246101398,0.028509861381024636,0.01182461564,0.040334477021024634,1182461564.0,33.0,18.0,500.0,999.0,216596224.0,1306296.0,5716,3,0.0013076699229184218,1000,0.001557070856804032,,NN4,16,64,R,,,
CS_Er,ORRM,-1,"[1000, 250, 250, 157, 250, 125, 10]",0.0020648507301717256,0.0013296447484404026,0.0007312859817313232,3.931437427115779e-06,0.0007273545443042074,3.92e-06,9.425898366774488e-05,0.024792002653335494,0.00264486049792,0.000978739246101398,0.028509861381024636,0.01182461564,0.040334477021024634,1182461564.0,33.0,18.0,500.0,999.0,216596224.0,1306296.0,5716,3,0.0013076699229184218,1000,0.001557070856804032,,NN4,16,64,R,,,
CSE,FM,-1,"[44, 69, 50, 42, 40, 39, 5]",0.004658284755444356,0.004372843000617147,0.00028152175482720895,5.305583295957443e-06,0.0002762161715312515,3.92e-06,2.2950509523037808e-05,0.0005923754354474864,0.0006355232972799999,0.0022080269740806244,0.0034588762163311484,0.011620113239999999,0.015078989456331147,1162011324.0,7.0,7.0,68.0,68.0,52434688.0,3346984.0,266,14,0.004654364755444356,69,0.017136840043099226,,NN4,16,64,R,,,
BESTFIXE,FM,-1,"[50, 50, 50, 50, 50, 50, 10]",0.004973312841607962,0.004754825298916482,0.0002145675426914803,4.362594875151929e-06,0.00021020494781632837,3.92e-06,2.197438070494715e-05,0.0005600220265251715,0.00061195042816,0.0023573502869221738,0.0035512971223122924,0.01161784764,0.015169144762312292,1161784764.0,6.0,6.0,49.0,49.0,50508800.0,3553688.0,180,14,0.0049693928416079634,50,0.02,,NN4,16,64,R,,,50
MAX,FM,-1,"[1000, 1000, 1000, 784, 1000, 500, 10]",0.003756929478383334,0.0008372604854927052,0.0029157489928906288,4.6950000047660434e-06,0.0029110539928858628,3.92e-06,0.0003879626051680838,0.19302192895551926,0.01090781698048,0.0017807845727537,0.20609849311392103,0.012669175639999999,0.21876766875392104,1266917564.0,85.0,70.0,500.0,999.0,891674368.0,1355296.0,4844,14,0.0037530094783833337,1000,0.001016223977027997,,NN4,16,64,R,,,
F200,FM,-1,"[200, 200, 200, 200, 200, 200, 10]",0.0024173697496578136,0.0015938295613494233,0.0008196201883083905,4.5617755273805015e-06,0.00081505841278101,3.92e-06,8.700549170646634e-05,0.008875285965971104,0.00244136237056,0.0011458332613378036,0.012549487089575373,0.01180466364,0.02435415072957537,1180466364.0,24.0,21.0,199.0,199.0,199970560.0,1771864.0,780,14,0.0024134497496578144,200,0.005003201434242541,,NN4,16,64,R,,,
BESTFIX,FM,-1,"[250, 250, 250, 250, 250, 250, 10]",0.0021836437161468943,0.0013601670531277928,0.0008195566630191016,3.7406011180300094e-06,0.0008158160619010715,3.92e-06,0.0001086716293541411,0.013857773354735956,0.0030511454617600004,0.0010350471214536278,0.018052637567303728,0.01186693564,0.029919573207303728,1186693564.0,24.0,21.0,249.0,249.0,249789440.0,1657416.0,980,14,0.002179723716146894,250,0.004,,NN4,16,64,R,,,250
MAX,RRM,-1,"[1000, 1000, 1000, 784, 1000, 500, 10]",0.003756955140083626,0.0008372604854927052,0.002915774654590921,4.694885265388577e-06,0.002911079769325532,3.92e-06,0.00038796456552009617,0.19302274190123833,0.01090783264768,0.0017807967363996386,0.20609933585083806,0.012669175639999999,0.21876851149083806,1266917564.0,85.0,70.0,500.0,999.0,891675648.0,1351288.0,4884,6,0.003691352295658097,1000,0.0010147882268485284,,NN4,16,64,R,,,
F200,RRM,-1,"[200, 200, 200, 200, 200, 200, 10]",0.002421430958209278,0.0015938295613494233,0.0008236813968598548,4.5821814843575785e-06,0.0008190992153754973,3.92e-06,8.743907646163797e-05,0.00896412577014866,0.0024536047206400002,0.0011477582741911978,0.012652927841441496,0.01180466364,0.024457591481441495,1180466364.0,24.0,21.0,399.0,200.0,200970752.0,1046728.0,4820,2,0.0008717243490548916,1000,0.0,,NN4,16,64,R,,,
BESTFIX,RRM,-1,"[250, 250, 250, 250, 250, 250, 10]",0.0021869711060643862,0.0013601670531277928,0.0008228840529365935,3.773363623349606e-06,0.0008191106893132439,3.92e-06,0.00010911295310689549,0.013969718177311682,0.00306337214464,0.001036624304274519,0.018178827579333097,0.01186693564,0.030045763219333096,1186693564.0,24.0,21.0,499.0,250.0,250788352.0,978192.0,6020,2,0.0009269998902881127,1000,0.0,,NN4,16,64,R,,,250
MAX,ORRM,-1,"[1000, 1000, 1000, 784, 1000, 500, 10]",0.0037570326282725416,0.0008372604854927052,0.0029158521427798366,4.69469109105748e-06,0.002911157451688779,3.92e-06,0.0003879792349385534,0.19303023742988,0.0109081710592,0.0017808334658011846,0.20610722118981975,0.012669175639999999,0.21877639682981975,1266917564.0,85.0,70.0,500.0,999.0,891703296.0,1328744.0,4884,6,0.0036914297838470133,1000,0.0009837760229720028,,NN4,16,64,R,,,
F200,ORRM,-1,"[200, 200, 200, 200, 200, 200, 10]",0.002421366413301967,0.0015938295613494233,0.000823616851952544,4.575667818159878e-06,0.0008190411841343841,3.92e-06,8.743659564526431e-05,0.00895595504203705,0.0024515147161600003,0.0011477276799051325,0.012642634033747449,0.01180466364,0.024447297673747447,1180466364.0,24.0,21.0,364.0,200.0,200800000.0,1291536.0,4080,4,0.0013917818214697726,1000,0.0008541426559098476,,NN4,16,64,R,,,
BESTFIX,ORRM,-1,"[250, 250, 250, 250, 250, 250, 10]",0.002186086538351769,0.0013601670531277928,0.0008219994852239765,3.758006198981045e-06,0.0008182414790249954,3.92e-06,0.00010899735463592084,0.013935960989169098,0.0030592125030400007,0.0010362050191787384,0.018140375866023756,0.01186693564,0.030007311506023756,1186693564.0,24.0,21.0,414.0,250.0,250448512.0,1186720.0,4280,4,0.0012288591234845068,1000,0.0013608405945668889,,NN4,16,64,R,,,250
RI,FM,-1,"[1000, 87, 75, 55, 64, 44, 8]",0.009937877203855725,0.006239896246854487,0.0036901409570012362,5.6929882431186685e-05,0.0036332110745700497,7.84e-06,6.146848777968955e-05,0.01377191845940128,0.00171645882368,0.004710553794627614,0.020260399565488585,0.02303630172,0.043296701285488584,2303630172.0,167.0,43.0,500.0,999.0,141259264.0,3755256.0,4020,14,0.009930037203855723,1000,0.008511864802545168,"[6054.6273947195805, 86.50602265377263, 75.28013249342487, 54.526942688387486, 63.822874355244224, 44.475632199273036, 8.427002921813964]",NN4,32,8,R,,,
CS,FM,-1,"[838, 112, 80, 56, 64, 56, 5]",0.009690871605687636,0.005552968590635835,0.004130063015051801,5.56034477065817e-05,0.004074459567345219,7.84e-06,7.087257490385646e-05,0.015098623018660438,0.00198160111616,0.0045934731410959394,0.021744569850820232,0.023063341719999998,0.04480791157082023,2306334172.0,151.0,47.0,500.0,837.0,162921216.0,3575824.0,3374,14,0.009683031605687637,838,0.0071900941398124795,,NN4,32,8,R,2,10575,
CS,RRM,-1,"[1000, 112, 80, 56, 64, 56, 5]",0.009718587119788983,0.005552968590635835,0.004157778529153148,5.5868089613264076e-05,0.004101910439539884,7.84e-06,7.134677781514293e-05,0.017711676810291177,0.0019948022988799997,0.004606610294779978,0.0243844361817663,0.023063341719999998,0.0474477779017663,2306334172.0,171.0,47.0,500.0,999.0,163999744.0,2229816.0,5034,2,0.003964551375437549,1000,0.0005310775183506249,,NN4,32,8,R,2,10575,
CS,ORRM,64,"[1000, 112, 80, 56, 64, 56, 5]",0.009703137724689767,0.005552968590635835,0.004142329134053932,5.5854929889279284e-05,0.004086474204164653,7.84e-06,7.108371956290185e-05,0.017692017312660124,0.0019873917132800004,0.004599287281502949,0.024349780027005975,0.023063341719999998,0.047413121747005973,2306334172.0,171.0,47.0,500.0,999.0,163394304.0,2867096.0,4438,4,0.006579371403209832,1000,0.004269167788884041,,NN4,32,8,R,,,
CS_Er,ORRM,-1,"[1000, 112, 79, 56, 63, 56, 5]",0.009704846326022226,0.005552917597969168,0.004144088728053059,5.606174158184186e-05,0.004088026986471217,7.84e-06,7.080026102347166e-05,0.01766968964264037,0.0019786870169600005,0.004600097158534535,0.024319274079158376,0.02306245084,0.047381724919158374,2306245084.0,171.0,47.0,500.0,999.0,162683136.0,2867096.0,4438,4,0.006579448221896239,1000,0.004278511236846951,,NN4,32,8,R,,,
CSE,FM,-1,"[84, 38, 56, 32, 40, 32, 5]",0.012766729962372323,0.010620277909047337,0.002138612053324986,5.5470844685727846e-05,0.0020831412086392584,7.84e-06,3.6047988794889895e-05,0.0009874884470256863,0.00100103806976,0.006051430002164481,0.008076004507745057,0.0229635606,0.031039565107745054,2296356060.0,36.0,26.0,83.0,83.0,82809856.0,4901072.0,430,14,0.012758889962372321,84,0.017665025244654988,,NN4,32,8,R,,,
BESTFIXE,FM,-1,"[40, 40, 40, 40, 40, 40, 10]",0.01399579619505767,0.011918870746258435,0.0020690854487992326,5.4005872989577256e-05,0.0020150795758096555,7.84e-06,3.526292818978704e-05,0.0007188405439930732,0.0009798998835199998,0.006634007396457335,0.008368010752160194,0.0229621206,0.031330131352160194,2296212060.0,30.0,27.0,39.0,39.0,81082880.0,5119960.0,140,14,0.013987956195057667,40,0.02501580477936528,,NN4,32,8,R,,,40
MAX,FM,-1,"[1000, 1000, 1000, 784, 1000, 500, 10]",0.04683291057297255,0.0016865025860586073,0.045138567986913944,6.338013269309987e-05,0.04507518785422084,7.84e-06,0.0007756045278779344,0.38590298663941874,0.02181563396096,0.022198799611588986,0.43069302473984566,0.0250896854,0.45578271013984567,2508968540.0,661.0,538.0,500.0,999.0,1783348736.0,2581408.0,4844,14,0.046825070572972555,1000,0.001016223977027997,,NN4,32,8,R,,,
F200,FM,-1,"[200, 200, 200, 200, 200, 200, 10]",0.013488811534903212,0.003349444396404257,0.010131527138498955,5.545969118457903e-05,0.010076067447314376,7.84e-06,0.00017393022938848071,0.01774308537478663,0.00488272474112,0.006393696667544122,0.029193437012839232,0.0233606614,0.05255409841283923,2336066140.0,150.0,127.0,199.0,199.0,399941120.0,3002456.0,780,14,0.013480971534903213,200,0.005003201434242541,,NN4,32,8,R,,,
BESTFIX,FM,-1,"[88, 88, 88, 88, 88, 88, 10]",0.010627578585930254,0.006131553961719681,0.004488184624210573,5.441681108945905e-05,0.004433767813121114,7.84e-06,7.68667541887961e-05,0.0034490639435565797,0.0021508726784,0.00503747224973094,0.010714275625876317,0.02308168284,0.03379595846587632,2308168284.0,66.0,57.0,87.0,87.0,176750592.0,3689760.0,332,14,0.010619738585930256,88,0.011368247747799974,,NN4,32,8,R,,,88
MAX,RRM,-1,"[1000, 1000, 1000, 784, 1000, 500, 10]",0.046833017456304596,0.0016865025860586073,0.04513867487024598,6.338339835230469e-05,0.04507529147189368,7.84e-06,0.0007756057343714208,0.3859035559959736,0.02181566529536,0.022198850274288376,0.43069367729999336,0.0250896854,0.45578336269999337,2508968540.0,661.0,538.0,500.0,999.0,1783351296.0,2577400.0,4884,6,0.046690372747845696,1000,0.0010147882268485284,,NN4,32,8,R,,,
F200,RRM,-1,"[200, 200, 200, 200, 200, 200, 10]",0.013539770991104764,0.003349444396404257,0.010182486594700505,5.562745780664664e-05,0.01012685913689386,7.84e-06,0.00017480472669160796,0.017921482865021442,0.0049072094412800004,0.006417851449783658,0.029421348482776707,0.0233606614,0.052782009882776704,2336066140.0,150.0,127.0,399.0,200.0,401941504.0,1689288.0,4820,2,0.004582702075748353,1000,0.0,,NN4,32,8,R,,,
BESTFIX,RRM,-1,"[88, 88, 88, 88, 88, 88, 10]",0.010678580493268069,0.006131553961719681,0.0045391865315483875,5.444989133459318e-05,0.004484736640213795,7.84e-06,7.773997835734941e-05,0.003527910772259212,0.0021754513817599996,0.005061647153809064,0.010842749286185626,0.02308168284,0.03392443212618562,2308168284.0,66.0,57.0,175.0,88.0,178758656.0,2212144.0,2132,2,0.0038491497900574813,538,0.0,,NN4,32,8,R,,,88
MAX,ORRM,-1,"[1000, 1000, 1000, 784, 1000, 500, 10]",0.04683446685041712,0.0016865025860586073,0.045140124264358504,6.338338952619874e-05,0.04507674087483231,7.84e-06,0.0007756306639501545,0.38591619005191286,0.0218163421184,0.022199537287097712,0.4307077001213607,0.0250896854,0.45579738552136073,2508968540.0,661.0,538.0,500.0,999.0,1783406592.0,2554600.0,4884,6,0.0466918221419582,1000,0.0009837760229720028,,NN4,32,8,R,,,
F200,ORRM,-1,"[200, 200, 200, 200, 200, 200, 10]",0.013531719632575344,0.003349444396404257,0.010174435236171087,5.5586654718798436e-05,0.010118848581452289,7.84e-06,0.00017466757999288143,0.017891655100045478,0.004903029432320001,0.006414035105840712,0.02938338721819907,0.0233606614,0.05274404861819907,2336066140.0,150.0,127.0,364.0,200.0,401600000.0,2126864.0,4080,4,0.007812902181026668,1000,0.0008541426559098476,,NN4,32,8,R,,,
BESTFIX,ORRM,-1,"[88, 88, 88, 88, 88, 88, 10]",0.010678580493268069,0.006131553961719681,0.0045391865315483875,5.444989133459318e-05,0.004484736640213795,7.84e-06,7.773997835734941e-05,0.003527910772259212,0.0021754513817599996,0.005061647153809064,0.010842749286185626,0.02308168284,0.03392443212618562,2308168284.0,66.0,57.0,175.0,88.0,178758656.0,2212144.0,2132,2,0.0038491497900574813,538,0.0,,NN4,32,8,R,,,88
RI,FM,-1,"[1000, 1000, 1000, 784, 1000, 500, 10]",0.0008766081483196552,0.0008645109201349096,8.177228184745613e-06,4.6950000047660434e-06,3.482228179979569e-06,3.92e-06,1.0911195210249203e-06,0.0004907288518204042,0.0047569908736000005,0.00041551226230351657,0.005664323107244946,0.015114201079999999,0.020778524187244945,1511420108.0,85.0,70.0,500.0,999.0,1801984.0,1384048.0,4844,14,0.0008726881483196551,1000,0.001016223977027997,"[15435.843027161913, 14131.91556410915, 10675.921732197154, 6867.087581489779, 5837.6039271243235, 4341.928624215025, 791.1398246973934]",NN4,16,64,T,,,
CS,FM,-1,"[866, 1000, 750, 784, 1000, 500, 10]",0.0008764556553011449,0.0008645109201349096,8.024735166235258e-06,4.603836055243886e-06,3.420899110991371e-06,3.92e-06,1.0683267041789775e-06,0.00044320806848542144,0.00439197257728,0.0004154399806127427,0.005251688953082343,0.015114201079999999,0.02036589003308234,1511420108.0,79.0,66.0,500.0,999.0,1801984.0,1384048.0,4980,14,0.0008725356553011447,1000,0.0010508894044856923,,NN4,16,64,T,2,10575,
CS,RRM,-1,"[866, 1000, 750, 784, 1000, 500, 10]",0.000876455434648496,0.0008645109201349096,8.024514513586284e-06,4.60372131586642e-06,3.4207931977198638e-06,3.92e-06,1.0683950561913556e-06,0.0004432290662229666,0.00439222566912,0.00041543987602338705,0.005251963006422545,0.015114201079999999,0.020366164086422542,1511420108.0,79.0,66.0,500.0,999.0,1801984.0,1245968.0,5884,5,0.0007660717397517144,1000,0.0009825212683681362,,NN4,16,64,T,2,10575,
CS,ORRM,128,"[866, 1000, 750, 784, 1000, 500, 10]",0.0008764542254719797,0.0008645109201349096,8.023305337069909e-06,4.602944618542033e-06,3.4203607185278755e-06,3.92e-06,1.0683590395007688e-06,0.000443249027507432,0.00439221809152,0.0004154393028737183,0.005251974780940651,0.015114201079999999,0.02036617586094065,1511420108.0,79.0,66.0,500.0,999.0,1801984.0,1384048.0,5844,14,0.0008725342254719793,1000,0.0009840680587780357,,NN4,16,64,T,,,
CS_Er,ORRM,-1,"[871, 1000, 756, 784, 1000, 500, 10]",0.0008764547550383372,0.0008645109201349096,8.023834903427444e-06,4.60330648888635e-06,3.4205284145410953e-06,3.92e-06,1.0708222217973094e-06,0.0004453899464774111,0.004402332672,0.00041543955388817185,0.00526423299458738,0.015114201079999999,0.02037843407458738,1511420108.0,79.0,66.0,500.0,999.0,1801984.0,1321192.0,5860,6,0.0008341055380637889,1000,0.0009825536513818126,,NN4,16,64,T,,,
CSE,FM,-1,"[179, 154, 150, 98, 100, 84, 10]",0.0021145130926724528,0.002103097395733582,7.4956969388704845e-06,4.289863420089577e-06,3.2058335187809077e-06,3.92e-06,8.185448251577416e-07,5.494282268489246e-05,0.0007093976473600001,0.0010022792059267425,0.0017674382207967928,0.015114201079999999,0.01688163930079679,1511420108.0,15.0,13.0,178.0,178.0,1801984.0,2439000.0,704,14,0.002110593092672452,179,0.0067740644386631976,,NN4,16,64,T,,,
BESTFIXE,FM,-1,"[125, 125, 125, 125, 125, 125, 10]",0.0023553704727504988,0.0023453070155593555,6.143457191143175e-06,3.582006617909294e-06,2.5614505732338807e-06,3.92e-06,8.214521126815265e-07,5.059347866995008e-05,0.00065117743104,0.0011164456040837364,0.0018190379659063678,0.015114201079999999,0.016933239045906365,1511420108.0,12.0,11.0,124.0,124.0,1801984.0,2657288.0,480,14,0.002351450472750498,125,0.008,,NN4,16,64,T,,,125
MAX,FM,-1,"[1000, 1000, 1000, 784, 1000, 500, 10]",0.0008766081483196552,0.0008645109201349096,8.177228184745613e-06,4.6950000047660434e-06,3.482228179979569e-06,3.92e-06,1.0911195210249203e-06,0.0004907288518204042,0.0047569908736000005,0.00041551226230351657,0.005664323107244946,0.015114201079999999,0.020778524187244945,1511420108.0,85.0,70.0,500.0,999.0,1801984.0,1384048.0,4844,14,0.0008726881483196551,1000,0.001016223977027997,,NN4,16,64,T,,,
F200,FM,-1,"[200, 200, 200, 200, 200, 200, 10]",0.0017153756059197387,0.001703635417611348,7.820188308390646e-06,4.5617755273805015e-06,3.2584127810101446e-06,3.92e-06,8.495990005840037e-07,8.337765914757394e-05,0.00103701366784,0.0008130880372059561,0.0019343289631941138,0.015114201079999999,0.017048530043194114,1511420108.0,24.0,21.0,199.0,199.0,1801984.0,2118136.0,780,14,0.0017114556059197386,200,0.005003201434242541,,NN4,16,64,T,,,
BESTFIX,FM,-1,"[1000, 1000, 1000, 784, 1000, 500, 10]",0.0008766081483196552,0.0008645109201349096,8.177228184745613e-06,4.6950000047660434e-06,3.482228179979569e-06,3.92e-06,1.0911195210249203e-06,0.0004907288518204042,0.0047569908736000005,0.00041551226230351657,0.005664323107244946,0.015114201079999999,0.020778524187244945,1511420108.0,85.0,70.0,500.0,999.0,1801984.0,1384048.0,4844,14,0.0008726881483196551,1000,0.001016223977027997,,NN4,16,64,T,,,1000
MAX,RRM,-1,"[1000, 1000, 1000, 784, 1000, 500, 10]",0.0008766079276670064,0.0008645109201349096,8.17700753209664e-06,4.694885265388577e-06,3.482122266708062e-06,3.92e-06,1.0911878730372982e-06,0.0004907239104759289,0.0047569984512,0.000415512157714161,0.005664325707263128,0.015114201079999999,0.020778526787263128,1511420108.0,85.0,70.0,500.0,999.0,1801984.0,1321192.0,4884,6,0.0008342587106924581,1000,0.0010147882268485284,,NN4,16,64,T,,,
F200,RRM,-1,"[200, 200, 200, 200, 200, 200, 10]",0.0017154250497653208,0.001703635417611348,7.869632153972647e-06,4.5821814843575785e-06,3.287450669615068e-06,3.92e-06,8.554804616379705e-07,8.439406446865793e-05,0.0010421694668799998,0.000813111473588762,0.0019405304853990577,0.015114201079999999,0.017054731565399057,1511420108.0,24.0,21.0,399.0,200.0,1801984.0,1038728.0,4820,2,0.0006007289069184893,1000,0.0,,NN4,16,64,T,,,
BESTFIX,RRM,-1,"[1000, 1000, 1000, 784, 1000, 500, 10]",0.0008766079276670064,0.0008645109201349096,8.17700753209664e-06,4.694885265388577e-06,3.482122266708062e-06,3.92e-06,1.0911878730372982e-06,0.0004907239104759289,0.0047569984512,0.000415512157714161,0.005664325707263128,0.015114201079999999,0.020778526787263128,1511420108.0,85.0,70.0,500.0,999.0,1801984.0,1321192.0,4884,6,0.0008342587106924581,1000,0.0010147882268485284,,NN4,16,64,T,,,1000
MAX,ORRM,-1,"[1000, 1000, 1000, 784, 1000, 500, 10]",0.0008766077687970991,0.0008645109201349096,8.176848662189378e-06,4.69469109105748e-06,3.482157571131898e-06,3.92e-06,1.0911664679651265e-06,0.0004907237026470464,0.0047570802892800005,0.00041551208240982494,0.005664407240804838,0.015114201079999999,0.020778608320804838,1511420108.0,85.0,70.0,500.0,999.0,1801984.0,1276376.0,4884,6,0.0008342585518225508,1000,0.0009837760229720028,,NN4,16,64,T,,,
F200,ORRM,-1,"[200, 200, 200, 200, 200, 200, 10]",0.001715412269563892,0.001703635417611348,7.856851952544096e-06,4.575667818159878e-06,3.2811841343842187e-06,3.92e-06,8.541125864407897e-07,8.41841492041106e-05,0.0010412624281600001,0.0008131054157732848,0.0019394061057238362,0.015114201079999999,0.017053607185723834,1511420108.0,24.0,21.0,364.0,200.0,1801984.0,1403968.0,4080,4,0.0009251383674542851,1000,0.0008541426559098476,,NN4,16,64,T,,,
BESTFIX,ORRM,-1,"[1000, 1000, 1000, 784, 1000, 500, 10]",0.0008766077687970991,0.0008645109201349096,8.176848662189378e-06,4.69469109105748e-06,3.482157571131898e-06,3.92e-06,1.0911664679651265e-06,0.0004907237026470464,0.0047570802892800005,0.00041551208240982494,0.005664407240804838,0.015114201079999999,0.020778608320804838,1511420108.0,85.0,70.0,500.0,999.0,1801984.0,1276376.0,4884,6,0.0008342585518225508,1000,0.0009837760229720028,,NN4,16,64,T,,,1000
RI,FM,-1,"[1000, 1000, 1000, 784, 1000, 500, 10]",0.0018657285326056493,0.0017488687809858413,0.00010901975161980801,6.338013269309987e-05,4.5639618926708144e-05,7.84e-06,1.873131172052018e-06,0.0008462959117764972,0.009513981747200001,0.0008843553244550778,0.011246506114603627,0.02977043628,0.04101694239460363,2977043628.0,661.0,538.0,500.0,999.0,3603968.0,2546288.0,4844,14,0.0018578885326056493,1000,0.001016223977027997,"[7150.674323053453, 6760.15895276632, 5204.895115946135, 3314.7820441169283, 2806.900215289832, 2120.6593712543486, 386.54710795269324]",NN4,32,8,T,,,
CS,FM,-1,"[838, 1000, 750, 784, 1000, 500, 10]",0.0018644588771864132,0.0017488687809858413,0.00010775009620057179,6.259865043406326e-05,4.515144576650853e-05,7.84e-06,1.8497640528106595e-06,0.0007675056833487177,0.008741553029119999,0.0008837535077863598,0.010394661984307886,0.02977043628,0.040165098264307884,2977043628.0,610.0,507.0,500.0,999.0,3603968.0,2546288.0,4980,14,0.0018566188771864133,1000,0.0010508894044856923,,NN4,32,8,T,2,10575,
CS,RRM,-1,"[838, 1000, 750, 784, 1000, 500, 10]",0.0018644622311066775,0.0017488687809858413,0.0001077534501208362,6.260191609326808e-05,4.5151534027568126e-05,7.84e-06,1.8498576051207711e-06,0.0007675516553610661,0.0087420592128,0.0008837550975445652,0.01039521582331075,0.02977043628,0.04016565210331075,2977043628.0,610.0,507.0,500.0,999.0,3603968.0,2279952.0,5884,5,0.0016596995667932006,1000,0.0009825212683681362,,NN4,32,8,T,2,10575,
CS,ORRM,32,"[838, 1000, 750, 784, 1000, 500, 10]",0.001864456776573195,0.0017488687809858413,0.00010774799558735358,6.259649686420928e-05,4.515149872314429e-05,7.84e-06,1.849764204619682e-06,0.0007675495906230376,0.0087420440576,0.0008837525120956944,0.010395195924523351,0.02977043628,0.04016563220452335,2977043628.0,610.0,507.0,500.0,999.0,3603968.0,2420584.0,5844,8,0.0017906032798893072,1000,0.0009840680587780357,,NN4,32,8,T,,,
CS_Er,ORRM,-1,"[838, 1000, 750, 784, 1000, 500, 10]",0.0018644730077820536,0.0017488687809858413,0.0001077642267962121,6.260719410463153e-05,4.515703269158056e-05,7.84e-06,1.8500469109718206e-06,0.0007676257343981905,0.0087420592128,0.0008837602056886933,0.010395295199797854,0.02977043628,0.04016573147979785,2977043628.0,610.0,507.0,500.0,999.0,3603968.0,2420584.0,5884,6,0.001790619475793742,1000,0.0009825212683681362,,NN4,32,8,T,,,
CSE,FM,-1,"[167, 154, 150, 98, 100, 100, 10]",0.004398104041337681,0.004294361559985206,9.5902481352475e-05,5.615777147933769e-05,3.974470987313732e-05,7.84e-06,1.6013950483880917e-06,0.00010713208309739256,0.0014126240972800002,0.0020847013155940604,0.0036060588910198413,0.02977043628,0.03337649517101984,2977043628.0,99.0,80.0,166.0,166.0,3603968.0,3621960.0,656,14,0.004390264041337681,167,0.006966712625566279,,NN4,32,8,T,,,
BESTFIXE,FM,-1,"[143, 143, 143, 143, 143, 143, 10]",0.004514686040982885,0.004412656217922026,9.4189823060859e-05,5.52855379153236e-05,3.890428514553539e-05,7.84e-06,1.6083923532460193e-06,0.00011336290814034227,0.0014875544371199998,0.0021399611834258874,0.0037424869210394753,0.02977043628,0.03351292320103948,2977043628.0,108.0,92.0,142.0,142.0,3603968.0,3663888.0,552,14,0.004506846040982886,143,0.00699751008843479,,NN4,32,8,T,,,143
MAX,FM,-1,"[1000, 1000, 1000, 784, 1000, 500, 10]",0.0018657285326056493,0.0017488687809858413,0.00010901975161980801,6.338013269309987e-05,4.5639618926708144e-05,7.84e-06,1.873131172052018e-06,0.0008462959117764972,0.009513981747200001,0.0008843553244550778,0.011246506114603627,0.02977043628,0.04101694239460363,2977043628.0,661.0,538.0,500.0,999.0,3603968.0,2546288.0,4844,14,0.0018578885326056493,1000,0.001016223977027997,,NN4,32,8,T,,,
F200,FM,-1,"[200, 200, 200, 200, 200, 200, 10]",0.003641415701262735,0.0035390179745284855,9.455772673424938e-05,5.545969118457903e-05,3.9098035549670355e-05,7.84e-06,1.6255668002454411e-06,0.00015999562043368686,0.00207402733568,0.0017260310423985361,0.003961679565312468,0.02977043628,0.033732115845312466,2977043628.0,150.0,127.0,199.0,199.0,3603968.0,3284600.0,780,14,0.0036335757012627345,200,0.005003201434242541,,NN4,32,8,T,,,
BESTFIX,FM,-1,"[1000, 1000, 1000, 784, 1000, 500, 10]",0.0018657285326056493,0.0017488687809858413,0.00010901975161980801,6.338013269309987e-05,4.5639618926708144e-05,7.84e-06,1.873131172052018e-06,0.0008462959117764972,0.009513981747200001,0.0008843553244550778,0.011246506114603627,0.02977043628,0.04101694239460363,2977043628.0,661.0,538.0,500.0,999.0,3603968.0,2546288.0,4844,14,0.0018578885326056493,1000,0.001016223977027997,,NN4,32,8,T,,,1000
MAX,RRM,-1,"[1000, 1000, 1000, 784, 1000, 500, 10]",0.0018657318865259137,0.0017488687809858413,0.00010902310554007243,6.338339835230469e-05,4.563970718776774e-05,7.84e-06,1.87322472436213e-06,0.0008462979773665627,0.0095139969024,0.0008843569142132831,0.011246525018704209,0.02977043628,0.041016961298704205,2977043628.0,661.0,538.0,500.0,999.0,3603968.0,2420584.0,4884,6,0.001791878354537602,1000,0.0010147882268485284,,NN4,32,8,T,,,
F200,RRM,-1,"[200, 200, 200, 200, 200, 200, 10]",0.003641749275111347,0.0035390179745284855,9.489130058286171e-05,5.562745780664664e-05,3.926384277621507e-05,7.84e-06,1.6313022210197688e-06,0.0001613802717696762,0.0020843389337599997,0.0017261891564027785,0.003973539664153474,0.02977043628,0.03374397594415347,2977043628.0,150.0,127.0,399.0,200.0,3603968.0,1553288.0,4820,2,0.001308416988188244,1000,0.0,,NN4,32,8,T,,,
BESTFIX,RRM,-1,"[1000, 1000, 1000, 784, 1000, 500, 10]",0.0018657318865259137,0.0017488687809858413,0.00010902310554007243,6.338339835230469e-05,4.563970718776774e-05,7.84e-06,1.87322472436213e-06,0.0008462979773665627,0.0095139969024,0.0008843569142132831,0.011246525018704209,0.02977043628,0.041016961298704205,2977043628.0,661.0,538.0,500.0,999.0,3603968.0,2420584.0,4884,6,0.001791878354537602,1000,0.0010147882268485284,,NN4,32,8,T,,,1000
MAX,ORRM,-1,"[1000, 1000, 1000, 784, 1000, 500, 10]",0.001865731868873702,0.0017488687809858413,0.00010902308788786051,6.338338952619874e-05,4.5639698361661775e-05,7.84e-06,1.8732244207440843e-06,0.0008463101216631541,0.009514160578560001,0.0008843569058461346,0.011246700830490034,0.02977043628,0.041017137110490036,2977043628.0,661.0,538.0,500.0,999.0,3603968.0,2375512.0,4884,6,0.0017918783368853902,1000,0.0009837760229720028,,NN4,32,8,T,,,
F200,ORRM,-1,"[200, 200, 200, 200, 200, 200, 10]",0.0036416696812878093,0.0035390179745284855,9.481170675932395e-05,5.5586654718798436e-05,3.922505204052551e-05,7.84e-06,1.6299343458225882e-06,0.0001611027442525379,0.0020825248563200002,0.0017261514289304216,0.003971408963848782,0.02977043628,0.03374184524384878,2977043628.0,150.0,127.0,364.0,200.0,3603968.0,2020416.0,4080,4,0.0020109083235492786,1000,0.0008541426559098476,,NN4,32,8,T,,,
BESTFIX,ORRM,-1,"[1000, 1000, 1000, 784, 1000, 500, 10]",0.001865731868873702,0.0017488687809858413,0.00010902308788786051,6.338338952619874e-05,4.5639698361661775e-05,7.84e-06,1.8732244207440843e-06,0.0008463101216631541,0.009514160578560001,0.0008843569058461346,0.011246700830490034,0.02977043628,0.041017137110490036,2977043628.0,661.0,538.0,500.0,999.0,3603968.0,2375512.0,4884,6,0.0017918783368853902,1000,0.0009837760229720028,,NN4,32,8,T,,,1000
RI,FM,-1,"[1000, 245, 213, 154, 181, 126, 10]",0.004484393138850512,0.0030573093381540822,0.0014192438006964297,7.817054503517268e-06,0.0014114267461929125,7.84e-06,0.00017213727145493055,0.046084515682067284,0.004830405693439999,0.002125602347815143,0.05321266099477735,0.023354454679999997,0.07656711567477735,2335445468.0,32.0,17.0,500.0,999.0,395666688.0,2964424.0,4088,14,0.004476553138850512,1000,0.0033162517732059824,"[17125.07235345622, 244.6759809278389, 212.92436869888996, 154.22548372931612, 180.51834900564077, 125.7960845026589, 23.835163644374013]",NN4,32,64,R,,,
CS,FM,-1,"[866, 250, 188, 157, 250, 125, 10]",0.004218314212053097,0.0028542004357517995,0.001356273776301298,7.3775415072218345e-06,0.0013488962347940761,7.84e-06,0.00017437612210333323,0.04216410199496961,0.0048942558003200005,0.001999480936513168,0.04923221485390611,0.0233608854,0.07259310025390611,2336088540.0,30.0,17.0,500.0,865.0,400883200.0,2918824.0,3816,14,0.004210474212053099,866,0.00309376,,NN4,32,64,R,2,10575,
CS,RRM,-1,"[1000, 250, 188, 112, 250, 125, 10]",0.0042217058452009674,0.002931639145956566,0.0012822266992444016,7.353955465809773e-06,0.0012748727437785917,7.84e-06,0.00016730846820927188,0.045783269369691716,0.00469554556928,0.0020010885706252587,0.05264721197780625,0.0233392854,0.07598649737780624,2333928540.0,31.0,16.0,500.0,999.0,384648704.0,1824536.0,6720,2,0.001636921145407329,1000,0.0005016722408026755,,NN4,32,64,R,2,10575,
CS,ORRM,128,"[1000, 256, 192, 128, 250, 125, 10]",0.0042204148337348,0.0029321780191918154,0.0012803968145429856,7.292084868604431e-06,0.0012731047296743812,7.84e-06,0.00017230977075091344,0.047310988848412366,0.00483584221184,0.0020004766311902955,0.054319617462193576,0.023354325399999997,0.07767394286219358,2335432540.0,31.0,16.0,500.0,999.0,396110848.0,2306648.0,5276,3,0.0027177774575439786,1000,0.0019299610894941634,,NN4,32,64,R,,,
CS_Er,ORRM,-1,"[1000, 250, 188, 112, 250, 125, 10]",0.0042206015136880765,0.002931639145956566,0.0012811223677315106,7.343673052367604e-06,0.001273778694679143,7.84e-06,0.00016715798228223212,0.0457474311233464,0.00468937269248,0.0020005651174881483,0.05260452691559678,0.0233392854,0.07594381231559677,2333928540.0,31.0,16.0,500.0,999.0,384144384.0,2306648.0,5396,3,0.002717652701955789,1000,0.0018193979933110369,,NN4,32,64,R,,,
CSE,FM,-1,"[46, 67, 56, 42, 42, 36, 5]",0.009563335988897137,0.00899265892230007,0.0005628370665970679,1.0326768592651638e-05,0.0005525102980044163,7.84e-06,4.651356542508225e-05,0.001246666411919811,0.0012883933184,0.0045330212587372425,0.007114594554482136,0.02299334236,0.030107936914482134,2299334236.0,7.0,7.0,66.0,66.0,106286592.0,4485224.0,258,14,0.009555495988897138,67,0.016983630003285597,,NN4,32,64,R,,,
BESTFIXE,FM,-1,"[50, 50, 50, 50, 50, 50, 10]",0.010256678734320766,0.009819835897511637,0.00042900283680912736,8.659065463387223e-06,0.00042034377134574015,7.84e-06,4.393549246965303e-05,0.0011197292366428185,0.00122390085632,0.004861665720068043,0.007249231305500514,0.022987029399999998,0.030236260705500513,2298702940.0,6.0,6.0,49.0,49.0,101017600.0,4570920.0,180,14,0.010248838734320765,50,0.02,,NN4,32,64,R,,,50
MAX,FM,-1,"[1000, 1000, 1000, 784, 1000, 500, 10]",0.007523538637772764,0.0016865025860586073,0.005829196051714156,8.137352945942512e-06,0.005821058698768214,7.84e-06,0.0007756194934033779,0.38591010868182984,0.02181563396096,0.00356615731430429,0.41206751945049747,0.0250896854,0.43715720485049747,2508968540.0,85.0,70.0,500.0,999.0,1783348736.0,2581408.0,4844,14,0.007515698637772764,1000,0.001016223977027997,,NN4,32,64,R,,,
F200,FM,-1,"[200, 200, 200, 200, 200, 200, 10]",0.004995977525889118,0.003349444396404257,0.001638693129484861,8.83236376267462e-06,0.0016298607657221865,7.84e-06,0.00017395346464764286,0.01774518905756169,0.00488272474112,0.002368093347271442,0.025169960610600776,0.0233606614,0.04853062201060078,2336066140.0,24.0,21.0,199.0,199.0,399941120.0,3002456.0,780,14,0.004988137525889119,200,0.005003201434242541,,NN4,32,64,R,,,
BESTFIX,FM,-1,"[250, 250, 250, 250, 250, 250, 10]",0.004545609510177015,0.002899217553040267,0.0016385519571367484,7.182954059206481e-06,0.0016313690030775418,7.84e-06,0.000217269313118847,0.027706898329230078,0.006102290923520001,0.002154618907823905,0.03618107747369283,0.023485205399999997,0.05966628287369283,2348520540.0,24.0,21.0,249.0,249.0,499578880.0,2886728.0,980,14,0.004537769510177016,250,0.004,,NN4,32,64,R,,,250
MAX,RRM,-1,"[1000, 1000, 1000, 784, 1000, 500, 10]",0.007523590181825998,0.0016865025860586073,0.00582924759576739,8.137238206565045e-06,0.0058211103575608256,7.84e-06,0.0007756233457553903,0.38591174008247126,0.02181566529536,0.003566181746185523,0.41206921046977213,0.0250896854,0.43715889586977213,2508968540.0,85.0,70.0,500.0,999.0,1783351296.0,2577400.0,4884,6,0.007406842827596547,1000,0.0010147882268485284,,NN4,32,64,R,,,
F200,RRM,-1,"[200, 200, 200, 200, 200, 200, 10]",0.005004050499146465,0.003349444396404257,0.0016467661027422078,8.852769719651697e-06,0.001637913333022556,7.84e-06,0.0001748147526969321,0.017922242266035716,0.0049072094412800004,0.002371919936595424,0.02537618639660807,0.0233606614,0.04873684779660807,2336066140.0,24.0,21.0,399.0,200.0,401941504.0,1689288.0,4820,2,0.0018277341163881404,1000,0.0,,NN4,32,64,R,,,
BESTFIX,RRM,-1,"[250, 250, 250, 250, 250, 250, 10]",0.004552198076565096,0.002899217553040267,0.0016451405235248288,7.215716564526077e-06,0.0016379248069603026,7.84e-06,0.0002181430145186602,0.027929613498577564,0.00612674428928,0.0021577418882918553,0.03643224269066808,0.023485205399999997,0.05991744809066808,2348520540.0,24.0,21.0,499.0,250.0,501576704.0,1620240.0,6020,2,0.0018880792196999483,1000,0.0,,NN4,32,64,R,,,250
MAX,ORRM,-1,"[1000, 1000, 1000, 784, 1000, 500, 10]",0.007523745317073737,0.0016865025860586073,0.0058294027310151295,8.137044032233948e-06,0.005821265686982896,7.84e-06,0.0007756527059973768,0.3859267374804588,0.0218163421184,0.003566255280292951,0.41208498758514917,0.0250896854,0.43717467298514917,2508968540.0,85.0,70.0,500.0,999.0,1783406592.0,2554600.0,4884,6,0.007406997962844287,1000,0.0009837760229720028,,NN4,32,64,R,,,
F200,ORRM,-1,"[200, 200, 200, 200, 200, 200, 10]",0.005003934189533271,0.003349444396404257,0.0016466497931290143,8.846256053453996e-06,0.0016378035370755604,7.84e-06,0.00017481115893938195,0.017906042525232344,0.004903029432320001,0.0023718648058387703,0.0253557479223305,0.0233606614,0.0487164093223305,2336066140.0,24.0,21.0,364.0,200.0,401600000.0,2126864.0,4080,4,0.002905558218006804,1000,0.0008541426559098476,,NN4,32,64,R,,,
BESTFIX,ORRM,-1,"[250, 250, 250, 250, 250, 250, 10]",0.00455045939120542,0.002899217553040267,0.0016434018381651528,7.200359140157516e-06,0.0016362014790249953,7.84e-06,0.00021791589934180315,0.027862628193340865,0.006118425006080001,0.002156917751431369,0.03635588685019404,0.023485205399999997,0.05984109225019403,2348520540.0,24.0,21.0,414.0,250.0,500897024.0,2021280.0,4280,4,0.002579749402365211,1000,0.0013608405945668889,,NN4,32,64,R,,,250
RI,FM,-1,"[1000, 114, 228, 10]",0.00040787733419847907,0.0002463273690324519,0.0001612299651660271,4.0634730006410765e-06,0.00015716649216538603,3.2e-07,2.591622895428696e-06,0.000876278596528956,7.118892288e-05,0.00019333385641007907,0.0011433929987144638,0.0008967407,0.002040133698714464,89674070.0,169.0,46.0,500.0,999.0,5850912.0,857464.0,4436,8,0.000407557334198479,1000,0.0022596685082872927,"[2298.33379260329, 113.99873675796157, 228.10554428238973, 12.629770502850421]",NN5,1,8,R,,,
CS,FM,-1,"[1000, 168, 250, 5]",0.0003881009944588314,0.00018915503003523286,0.0001986259644235986,4.159320734328502e-06,0.0001944666436892701,3.2e-07,3.3531843593073426e-06,0.0012826323747873551,9.252412415999997e-05,0.0001839598713734861,0.0015624695546801485,0.0008989206999999999,0.0024613902546801484,89892070.0,178.0,54.0,500.0,999.0,7593984.0,681360.0,4318,8,0.0003877809944588315,1000,0.0018598726114649681,,NN5,1,8,R,2,6013,
CS,RRM,-1,"[1000, 167, 250, 5]",0.0003883930528442908,0.00018915293042585783,0.000198920122418433,4.18756427339712e-06,0.0001947325581450359,3.2e-07,3.344106708161763e-06,0.0012758407221567626,9.223858944e-05,0.00018409830704819383,0.0015555217253531183,0.0008988806999999999,0.0024544024253531182,89888070.0,178.0,54.0,500.0,999.0,7570656.0,489216.0,5010,2,0.00022829527456397583,1000,0.0007121535181236673,,NN5,1,8,R,2,6013,
CS,ORRM,64,"[1000, 167, 250, 5]",0.0003882613907460657,0.00018915293042585783,0.00019878846032020788,4.174316288352746e-06,0.00019461414403185512,3.2e-07,3.342018074909472e-06,0.00127549231628882,9.219335040000001e-05,0.00018403589921363512,0.0015550635839773647,0.0008988806999999999,0.0024539442839773646,89888070.0,178.0,54.0,500.0,999.0,7566960.0,617344.0,4734,4,0.0003391398989280349,1000,0.0012046908315565031,,NN5,1,8,R,,,
CS_Er,ORRM,-1,"[1000, 167, 250, 5]",0.00038832447829332596,0.00018915293042585783,0.00019885154786746816,4.1813771731199005e-06,0.00019467017069434825,3.2e-07,3.3430981330723507e-06,0.0012756584430034543,9.221567616e-05,0.0001840658027110365,0.001555283020007563,0.0008988806999999999,0.0024541637200075628,89888070.0,178.0,54.0,500.0,999.0,7568784.0,617344.0,4886,4,0.00033920298647529515,1000,0.0009616204690831556,,NN5,1,8,R,,,
CSE,FM,-1,"[65, 63, 77, 5]",0.0005648913793607263,0.0004887519878906249,7.581939147010124e-05,2.2487593838805565e-06,7.357063208622067e-05,3.2e-07,1.2362226551515626e-06,4.07142685041501e-05,3.4126007040000003e-05,0.00026775851381698423,0.0003438350120162859,0.0008929907,0.0012368257120162858,89299070.0,27.0,19.0,76.0,76.0,2822896.0,2086032.0,306,8,0.0005645713793607262,77,0.014722063037249284,,NN5,1,8,R,,,
BESTFIXE,FM,-1,"[63, 63, 63, 10]",0.0005921778526946607,0.000513104532812495,7.875331988216563e-05,2.1272410360009003e-06,7.662607884616474e-05,3.2e-07,1.2545333946376282e-06,3.991407208043091e-05,3.46643712e-05,0.00028069230217726913,0.00035652527885233766,0.0008930507,0.0012495759788523377,89305070.0,24.0,18.0,62.0,62.0,2866880.0,2166536.0,232,8,0.0005918578526946605,63,0.015887323943661973,,NN5,1,8,R,,,63
MAX,FM,-1,"[1000, 1000, 1000, 10]",0.0011582981348551363,0.00012366851389486653,0.0010343096209602697,7.380472785913699e-06,0.001026929148174356,3.2e-07,1.7706544846250876e-05,0.009013477954183667,0.0004934783232,0.0005490333159213345,0.010073696138151253,0.0009399006999999999,0.011013596838151252,93990070.0,375.0,252.0,500.0,999.0,40351680.0,273136.0,3980,8,0.001157978134855136,1000,0.001,,NN5,1,8,R,,,
F200,FM,-1,"[200, 200, 200, 10]",0.0004510804686833935,0.00023328254810880684,0.00021747792057458669,2.744641045924158e-06,0.00021473327952866252,3.2e-07,3.6574086637110076e-06,0.0003714069729834235,0.000101782656,0.0002138121421559285,0.000690659179803063,0.0008999006999999999,0.001590559879803063,89990070.0,75.0,52.0,199.0,199.0,8350400.0,748680.0,780,8,0.0004507604686833936,200,0.005,,NN5,1,8,R,,,
BESTFIX,FM,-1,"[176, 176, 176, 10]",0.0004403512366312607,0.0002469994999773006,0.00019303173665396014,2.651879291620197e-06,0.00019037985736233994,3.2e-07,3.2369787681327535e-06,0.0002891115536084919,9.00293184e-05,0.00020872648616321757,0.0005911043369398422,0.0008987006999999999,0.001489805036939842,89870070.0,66.0,46.0,175.0,175.0,7390160.0,861360.0,684,8,0.0004400312366312607,176,0.005684782608695652,,NN5,1,8,R,,,176
MAX,RRM,-1,"[1000, 1000, 1000, 10]",0.0011582981348551363,0.00012366851389486653,0.0010343096209602697,7.380472785913699e-06,0.001026929148174356,3.2e-07,1.7706544846250876e-05,0.009013477954183667,0.0004934783232,0.0005490333159213345,0.010073696138151253,0.0009399006999999999,0.011013596838151252,93990070.0,375.0,252.0,500.0,999.0,40351680.0,273136.0,3980,8,0.001157978134855136,1000,0.001,,NN5,1,8,R,,,
F200,RRM,-1,"[200, 200, 200, 10]",0.0004522506433523052,0.00023328254810880684,0.00021864809524349833,2.8130610193178846e-06,0.00021583503422418045,3.2e-07,3.677116265653307e-06,0.0003752814507856144,0.00010229184000000002,0.00021436680494899265,0.0006956172120002604,0.0008999006999999999,0.0015955179120002603,89990070.0,75.0,52.0,399.0,200.0,8392000.0,384160.0,2420,2,0.00022831297173616036,610,0.0,,NN5,1,8,R,,,
BESTFIX,RRM,-1,"[176, 176, 176, 10]",0.0004415009142479338,0.0002469994999773006,0.00019418141427063324,2.7050654061287878e-06,0.00019147634886450444,3.2e-07,3.256292085482432e-06,0.0002924955888049118,9.054144e-05,0.00020927143335352063,0.0005955647542439149,0.0008987006999999999,0.0014942654542439149,89870070.0,66.0,46.0,351.0,176.0,7432000.0,448192.0,2132,2,0.0002141380221476185,538,0.0,,NN5,1,8,R,,,176
MAX,ORRM,-1,"[1000, 1000, 1000, 10]",0.0011582981348551363,0.00012366851389486653,0.0010343096209602697,7.3804727859136976e-06,0.001026929148174356,3.2e-07,1.7706544846250876e-05,0.009013477954183667,0.0004934783232,0.0005490333159213345,0.010073696138151253,0.0009399006999999999,0.011013596838151252,93990070.0,375.0,252.0,500.0,999.0,40351680.0,273136.0,3980,8,0.001157978134855136,1000,0.001,,NN5,1,8,R,,,
F200,ORRM,-1,"[200, 200, 200, 10]",0.0004522506433523052,0.00023328254810880684,0.00021864809524349833,2.8130610193178846e-06,0.00021583503422418045,3.2e-07,3.677116265653307e-06,0.0003752814507856144,0.00010229184000000002,0.00021436680494899265,0.0006956172120002604,0.0008999006999999999,0.0015955179120002603,89990070.0,75.0,52.0,399.0,200.0,8392000.0,384160.0,2420,2,0.00022831297173616036,610,0.0,,NN5,1,8,R,,,
BESTFIX,ORRM,-1,"[176, 176, 176, 10]",0.0004415009142479338,0.0002469994999773006,0.00019418141427063324,2.7050654061287878e-06,0.00019147634886450444,3.2e-07,3.256292085482432e-06,0.0002924955888049118,9.054144e-05,0.00020927143335352063,0.0005955647542439149,0.0008987006999999999,0.0014942654542439149,89870070.0,66.0,46.0,351.0,176.0,7432000.0,448192.0,2132,2,0.0002141380221476185,538,0.0,,NN5,1,8,R,,,176
RI,FM,-1,"[1000, 1000, 1000, 10]",0.0001380804521904566,0.0001253799488772455,1.2380503313211114e-05,7.380472785913699e-06,5.000030527297415e-06,3.2e-07,2.1270940507438452e-07,8.755354536012508e-05,0.0002384543616,6.545013433827643e-05,0.0003916707507034759,0.0012111907,0.001602861450703476,121119070.0,375.0,252.0,500.0,999.0,112080.0,305456.0,3980,8,0.0001377604521904566,1000,0.001,"[3285.5747467782053, 2306.151098451455, 1618.8456669285358, 259.1113016961373]",NN5,1,8,T,,,
CS,FM,-1,"[1000, 500, 1000, 10]",0.00013783124020585753,0.00012752668887724552,9.984551328612024e-06,6.182496793614153e-06,3.8020545349978705e-06,3.2e-07,1.7118536172215085e-07,4.3426226604863624e-05,0.0001438290816,6.533200785757646e-05,0.00025275850142416224,0.0012111907,0.0014639492014241623,121119070.0,313.0,190.0,500.0,999.0,112080.0,393448.0,5980,8,0.00013751124020585753,1000,0.001,,NN5,1,8,T,2,6013,
CS,RRM,-1,"[1000, 500, 1000, 10]",0.00013783124020585753,0.00012752668887724552,9.984551328612026e-06,6.182496793614153e-06,3.802054534997873e-06,3.2e-07,1.7118536172215072e-07,4.342622660486362e-05,0.0001438290816,6.533200785757646e-05,0.00025275850142416224,0.0012111907,0.0014639492014241623,121119070.0,313.0,190.0,500.0,999.0,112080.0,361440.0,5980,4,0.00010780476704107507,1000,0.001,,NN5,1,8,T,2,6013,
CS,ORRM,-1,"[1000, 500, 1000, 10]",0.00013783124020585753,0.00012752668887724552,9.984551328612028e-06,6.182496793614155e-06,3.802054534997873e-06,3.2e-07,1.7118536172215058e-07,4.342622660486362e-05,0.0001438290816,6.533200785757646e-05,0.00025275850142416224,0.0012111907,0.0014639492014241623,121119070.0,313.0,190.0,500.0,999.0,112080.0,393448.0,5980,8,0.00013751124020585753,1000,0.001,,NN5,1,8,T,,,
CS_Er,ORRM,-1,"[1000, 500, 1000, 10]",0.00013783124020585753,0.00012752668887724552,9.984551328612028e-06,6.182496793614155e-06,3.802054534997873e-06,3.2e-07,1.7118536172215058e-07,4.342622660486362e-05,0.0001438290816,6.533200785757646e-05,0.00025275850142416224,0.0012111907,0.0014639492014241623,121119070.0,313.0,190.0,500.0,999.0,112080.0,393448.0,5980,8,0.00013751124020585753,1000,0.001,,NN5,1,8,T,,,
CSE,FM,-1,"[667, 167, 334, 10]",0.00018893473865960208,0.00018298810100136705,5.6266376582350394e-06,3.7432822855638955e-06,1.883355372671144e-06,3.2e-07,9.591392681661802e-08,9.373971553176651e-06,5.695317632e-05,8.955506612465137e-05,0.00015597812792464465,0.0012111907,0.0013671688279246446,121119070.0,147.0,65.0,500.0,666.0,112080.0,874696.0,3316,8,0.00018861473865960208,667,0.002036468330134357,,NN5,1,8,T,,,
BESTFIXE,FM,-1,"[250, 250, 250, 10]",0.00022395462463845444,0.0002187560493259804,4.878575312474025e-06,3.0253130085080396e-06,1.8532623039659854e-06,3.2e-07,8.17124512778074e-08,7.958122234481513e-06,6.0673919999999997e-05,0.0001061544920786274,0.0001748682467643867,0.0012111907,0.0013860589467643868,121119070.0,96.0,66.0,249.0,249.0,112080.0,877064.0,980,8,0.00022363462463845444,250,0.004,,NN5,1,8,T,,,250
MAX,FM,-1,"[1000, 1000, 1000, 10]",0.0001380804521904566,0.0001253799488772455,1.2380503313211114e-05,7.380472785913699e-06,5.000030527297415e-06,3.2e-07,2.1270940507438452e-07,8.755354536012508e-05,0.0002384543616,6.545013433827643e-05,0.0003916707507034759,0.0012111907,0.001602861450703476,121119070.0,375.0,252.0,500.0,999.0,112080.0,305456.0,3980,8,0.0001377604521904566,1000,0.001,,NN5,1,8,T,,,
F200,FM,-1,"[200, 200, 200, 10]",0.0002645935345451749,0.0002598494375,4.424097045174931e-06,2.744641045924158e-06,1.679455999250773e-06,3.2e-07,7.58943990051248e-08,5.925935924599793e-06,4.882113279999999e-05,0.0001254173353744129,0.0001802402984980178,0.0012111907,0.001391430998498018,121119070.0,75.0,52.0,199.0,199.0,112080.0,1070280.0,780,8,0.0002642735345451749,200,0.005,,NN5,1,8,T,,,
BESTFIX,FM,-1,"[1000, 1000, 1000, 10]",0.0001380804521904566,0.0001253799488772455,1.2380503313211114e-05,7.380472785913699e-06,5.000030527297415e-06,3.2e-07,2.1270940507438452e-07,8.755354536012508e-05,0.0002384543616,6.545013433827643e-05,0.0003916707507034759,0.0012111907,0.001602861450703476,121119070.0,375.0,252.0,500.0,999.0,112080.0,305456.0,3980,8,0.0001377604521904566,1000,0.001,,NN5,1,8,T,,,1000
MAX,RRM,-1,"[1000, 1000, 1000, 10]",0.0001380804521904566,0.0001253799488772455,1.2380503313211114e-05,7.380472785913699e-06,5.000030527297415e-06,3.2e-07,2.1270940507438452e-07,8.755354536012508e-05,0.0002384543616,6.545013433827643e-05,0.0003916707507034759,0.0012111907,0.001602861450703476,121119070.0,375.0,252.0,500.0,999.0,112080.0,305456.0,3980,8,0.0001377604521904566,1000,0.001,,NN5,1,8,T,,,
F200,RRM,-1,"[200, 200, 200, 10]",0.0002647284150964395,0.0002598494375,4.558977596439499e-06,2.8130610193178846e-06,1.7459165771216142e-06,3.2e-07,7.821229506507172e-08,6.189576923849698e-06,4.906290559999999e-05,0.00012548126875571233,0.00018081196357462709,0.0012111907,0.0013920026635746271,121119070.0,75.0,52.0,399.0,200.0,112080.0,544160.0,2420,2,9.730246102804007e-05,610,0.0,,NN5,1,8,T,,,
BESTFIX,RRM,-1,"[1000, 1000, 1000, 10]",0.0001380804521904566,0.0001253799488772455,1.2380503313211114e-05,7.380472785913699e-06,5.000030527297415e-06,3.2e-07,2.1270940507438452e-07,8.755354536012508e-05,0.0002384543616,6.545013433827643e-05,0.0003916707507034759,0.0012111907,0.001602861450703476,121119070.0,375.0,252.0,500.0,999.0,112080.0,305456.0,3980,8,0.0001377604521904566,1000,0.001,,NN5,1,8,T,,,1000
MAX,ORRM,-1,"[1000, 1000, 1000, 10]",0.0001380804521904566,0.0001253799488772455,1.2380503313211113e-05,7.3804727859136976e-06,5.000030527297415e-06,3.2e-07,2.1270940507438452e-07,8.755354536012508e-05,0.0002384543616,6.545013433827643e-05,0.0003916707507034759,0.0012111907,0.001602861450703476,121119070.0,375.0,252.0,500.0,999.0,112080.0,305456.0,3980,8,0.0001377604521904566,1000,0.001,,NN5,1,8,T,,,
F200,ORRM,-1,"[200, 200, 200, 10]",0.0002647284150964395,0.0002598494375,4.558977596439499e-06,2.8130610193178846e-06,1.7459165771216142e-06,3.2e-07,7.821229506507172e-08,6.189576923849698e-06,4.906290559999999e-05,0.00012548126875571233,0.00018081196357462709,0.0012111907,0.0013920026635746271,121119070.0,75.0,52.0,399.0,200.0,112080.0,544160.0,2420,2,9.730246102804007e-05,610,0.0,,NN5,1,8,T,,,
BESTFIX,ORRM,-1,"[1000, 1000, 1000, 10]",0.0001380804521904566,0.0001253799488772455,1.2380503313211113e-05,7.3804727859136976e-06,5.000030527297415e-06,3.2e-07,2.1270940507438452e-07,8.755354536012508e-05,0.0002384543616,6.545013433827643e-05,0.0003916707507034759,0.0012111907,0.001602861450703476,121119070.0,375.0,252.0,500.0,999.0,112080.0,305456.0,3980,8,0.0001377604521904566,1000,0.001,,NN5,1,8,T,,,1000
RI,FM,-1,"[1000, 322, 645, 10]",0.00021117049838494724,0.00014684833118706924,6.400216719787801e-05,7.203091875843065e-07,6.32818580102937e-05,3.2e-07,6.97739290257435e-06,0.0027187051497262896,0.00019342030464,0.000100094816234465,0.0030191976635033286,0.0009092306999999999,0.0039284283635033284,90923070.0,33.0,18.0,500.0,999.0,15837136.0,449216.0,5272,8,0.00021085049838494725,1000,0.001195134313228586,"[6500.66964071993, 322.4371192330191, 645.1799087533043, 35.72238546958146]",NN5,1,64,R,,,
CS,FM,-1,"[1000, 250, 667, 10]",0.00019113433319856035,0.00013982820406582862,5.098612913273174e-05,6.670328986905137e-07,5.031909623404123e-05,3.2e-07,6.047224108862008e-06,0.0021328352221164472,0.0001674027648,9.05976739361176e-05,0.0023968828849614265,0.0009065706999999999,0.0033034535849614266,90657070.0,31.0,16.0,500.0,999.0,13711520.0,441208.0,5648,8,0.00019081433319856038,1000,0.0012067955477445811,,NN5,1,64,R,2,6013,
CS,RRM,-1,"[1000, 250, 667, 10]",0.00019117006159898245,0.00013982820406582862,5.102185753315382e-05,6.659561137635227e-07,5.03559014193903e-05,3.2e-07,6.051343326872532e-06,0.0021339294857250736,0.00016750656000000003,9.061460919791768e-05,0.0023981019982498636,0.0009065706999999999,0.0033046726982498636,90657070.0,31.0,16.0,500.0,999.0,13720000.0,361152.0,6688,2,0.00010169724273575179,1000,0.0005858230814294083,,NN5,1,64,R,2,6013,
CS,ORRM,128,"[1000, 250, 667, 10]",0.0001911533075447376,0.00013982820406582862,5.1005103478908965e-05,6.650028943199569e-07,5.034010058458901e-05,3.2e-07,6.049768861893543e-06,0.002133414415028153,0.00016745309568000003,9.060666777620561e-05,0.002397523947346252,0.0009065706999999999,0.003304094647346252,90657070.0,31.0,16.0,500.0,999.0,13715632.0,409200.0,6160,4,0.0001456141886094052,1000,0.0009056824838898652,,NN5,1,64,R,,,
CS_Er,ORRM,-1,"[1000, 250, 667, 10]",0.00019116290257448234,0.00013982820406582862,5.1014698508653726e-05,6.652676774987251e-07,5.0349430831155e-05,3.2e-07,6.051134718645427e-06,0.002133809938763741,0.00016750088064,9.061121582030462e-05,0.0023979731699426913,0.0009065706999999999,0.0033045438699426913,90657070.0,31.0,16.0,500.0,999.0,13719536.0,361152.0,6648,4,0.00010773496938664098,1000,0.000619800820152314,,NN5,1,64,R,,,
CSE,FM,-1,"[65, 59, 143, 5]",0.0004711989259693073,0.00045273504950520826,1.8143876464099e-05,4.3442213674014836e-07,1.7709454327358852e-05,3.2e-07,1.4181897022723107e-06,4.8039348783472703e-05,3.905764992000001e-05,0.00022334829090945164,0.0003118634793151967,0.0008934907,0.0012053541793151966,89349070.0,6.0,5.0,142.0,142.0,3225808.0,1957872.0,586,8,0.00047087892596930735,143,0.011964912280701755,,NN5,1,64,R,,,
BESTFIXE,FM,-1,"[63, 63, 63, 10]",0.0005280566396533235,0.000513104532812495,1.4632106840828493e-05,2.663475380613046e-07,1.4365759302767189e-05,3.2e-07,1.2551236336812886e-06,3.993217411380472e-05,3.46643712e-05,0.00025029884719567536,0.00032615051614316135,0.0008930507,0.0012192012161431614,89305070.0,3.0,3.0,62.0,62.0,2866880.0,2166536.0,232,8,0.0005277366396533235,63,0.015887323943661973,,NN5,1,64,R,,,63
MAX,FM,-1,"[1000, 1000, 1000, 10]",0.00026120362973547443,0.00012366851389486653,0.0001372151158406079,9.477203864030182e-07,0.0001362673954542049,3.2e-07,1.770705553180252e-05,0.009013480815323787,0.0004934783232,0.00012381052049461488,0.009648476714550203,0.0009399006999999999,0.010588377414550203,93990070.0,48.0,33.0,500.0,999.0,40351680.0,273136.0,3980,8,0.00026088362973547444,1000,0.001,,NN5,1,64,R,,,
F200,FM,-1,"[200, 200, 200, 10]",0.00027279086640114714,0.00023328254810880684,3.918831829234029e-05,4.4260522523767777e-07,3.8745713067102614e-05,3.2e-07,3.6578604473619486e-06,0.0003714432623221671,0.000101782656,0.00012930287067414373,0.0006061866494436728,0.0008999006999999999,0.0015060873494436727,89990070.0,12.0,9.0,199.0,199.0,8350400.0,748680.0,780,8,0.00027247086640114714,200,0.005,,NN5,1,64,R,,,
BESTFIX,FM,-1,"[500, 500, 500, 10]",0.00021984845542886354,0.00014768762348368693,7.18408319451766e-05,5.647638603919469e-07,7.127606808478465e-05,3.2e-07,8.922880646708425e-06,0.0022693971323466205,0.00024867440639999997,0.00010420816787328132,0.0026312025872666104,0.0009149007,0.0035461032872666103,91490070.0,24.0,17.0,499.0,499.0,20351360.0,370048.0,1980,8,0.00021952845542886352,500,0.002,,NN5,1,64,R,,,500
MAX,RRM,-1,"[1000, 1000, 1000, 10]",0.00026120362973547443,0.00012366851389486653,0.0001372151158406079,9.477203864030182e-07,0.0001362673954542049,3.2e-07,1.770705553180252e-05,0.009013480815323787,0.0004934783232,0.00012381052049461488,0.009648476714550203,0.0009399006999999999,0.010588377414550203,93990070.0,48.0,33.0,500.0,999.0,40351680.0,273136.0,3980,8,0.00026088362973547444,1000,0.001,,NN5,1,64,R,,,
F200,RRM,-1,"[200, 200, 200, 10]",0.00027299766610990153,0.00023328254810880684,3.939511800109472e-05,4.500897630908615e-07,3.894502823800386e-05,3.2e-07,3.6776266475869307e-06,0.00037532390406959355,0.00010229184000000002,0.00012940089373609333,0.0006106942644532739,0.0008999006999999999,0.0015105949644532738,89990070.0,12.0,9.0,399.0,200.0,8392000.0,384160.0,2420,2,9.167125114458676e-05,610,0.0,,NN5,1,64,R,,,
BESTFIX,RRM,-1,"[500, 500, 500, 10]",0.00022001682773040696,0.00014768762348368693,7.200920424672002e-05,5.777117578337164e-07,7.14314924888863e-05,3.2e-07,8.944226654834132e-06,0.002279371494392049,0.00024917184,0.0001042879763442129,0.002641775537391096,0.0009149007,0.003556676237391096,91490070.0,24.0,17.0,500.0,500.0,20392000.0,224072.0,6020,2,0.00014177777434678818,1000,0.0,,NN5,1,64,R,,,500
MAX,ORRM,-1,"[1000, 1000, 1000, 10]",0.00026120354147441484,0.00012366851389486653,0.0001372150275795483,9.476321253434289e-07,0.0001362673954542049,3.2e-07,1.7707047941351398e-05,0.009013480775045676,0.0004934783232,0.00012381047865887262,0.0096484766248459,0.0009399006999999999,0.0105883773248459,93990070.0,48.0,33.0,500.0,999.0,40351680.0,273136.0,3980,8,0.00026088354147441484,1000,0.001,,NN5,1,64,R,,,
F200,ORRM,-1,"[200, 200, 200, 10]",0.00027299766610990153,0.00023328254810880684,3.939511800109472e-05,4.500897630908615e-07,3.894502823800386e-05,3.2e-07,3.6776266475869307e-06,0.00037532390406959355,0.00010229184000000002,0.00012940089373609333,0.0006106942644532739,0.0008999006999999999,0.0015105949644532738,89990070.0,12.0,9.0,399.0,200.0,8392000.0,384160.0,2420,2,9.167125114458676e-05,610,0.0,,NN5,1,64,R,,,
BESTFIX,ORRM,-1,"[500, 500, 500, 10]",0.00021996517881646947,0.00014768762348368693,7.195755533278253e-05,5.740136194369192e-07,7.138354171334561e-05,3.2e-07,8.938679732531837e-06,0.002276383338064874,0.0002489975424,0.00010426349475900652,0.0026385830549564126,0.0009149007,0.0035534837549564126,91490070.0,24.0,17.0,500.0,500.0,20377760.0,274016.0,4620,4,0.00014524324399237928,1000,0.0007007874015748032,,NN5,1,64,R,,,500
RI,FM,-1,"[1000, 1000, 1000, 784, 1000, 500, 10]",0.001770761303288234,0.0017488687809858413,1.4052522302392668e-05,8.137352945942512e-06,5.915169356450156e-06,7.84e-06,1.8765221092602144e-06,0.0008477084744321688,0.009513981747200001,0.0008393408577586229,0.011202907601500053,0.02977043628,0.04097334388150005,2977043628.0,85.0,70.0,500.0,999.0,3603968.0,2546288.0,4844,14,0.001762921303288234,1000,0.001016223977027997,"[20225.161215550488, 19120.61694960006, 14721.666527401014, 9375.619446201943, 7939.112705381681, 5998.130488003, 1093.3203251255914]",NN4,32,64,T,,,
CS,FM,-1,"[866, 1000, 750, 784, 1000, 500, 10]",0.0017706088102697236,0.0017488687809858413,1.3900029283882313e-05,8.046188996420355e-06,5.853840287461958e-06,7.84e-06,1.8517259982966253e-06,0.0007718849826877744,0.00878394515456,0.0008392685760678489,0.010396950439313919,0.02977043628,0.04016738671931392,2977043628.0,79.0,66.0,500.0,999.0,3603968.0,2546288.0,4980,14,0.0017627688102697238,1000,0.0010508894044856923,,NN4,32,64,T,2,10575,
CS,RRM,-1,"[866, 1000, 750, 784, 1000, 500, 10]",0.0017706085896170747,0.0017488687809858413,1.389980863123334e-05,8.04607425704289e-06,5.85373437419045e-06,7.84e-06,1.8517943503090027e-06,0.0007719249469100254,0.00878445133824,0.0008392684714784934,0.01039749655097883,0.02977043628,0.04016793283097883,2977043628.0,79.0,66.0,500.0,999.0,3603968.0,2279952.0,5884,5,0.0015731392280536266,1000,0.0009825212683681362,,NN4,32,64,T,2,10575,
CS,ORRM,128,"[866, 1000, 750, 784, 1000, 500, 10]",0.0017706073804405584,0.0017488687809858413,1.3898599454716963e-05,8.045297559718502e-06,5.853301894998461e-06,7.84e-06,1.8517583336184162e-06,0.0007719443403356672,0.00878443618304,0.0008392678983288246,0.010397500180038108,0.02977043628,0.040167936460038106,2977043628.0,79.0,66.0,500.0,999.0,3603968.0,2546288.0,5844,14,0.0017627673804405581,1000,0.0009840680587780357,,NN4,32,64,T,,,
CS_Er,ORRM,-1,"[871, 1000, 756, 784, 1000, 500, 10]",0.0017706079100069157,0.0017488687809858413,1.3899129021074501e-05,8.045659430062818e-06,5.8534695910116826e-06,7.84e-06,1.8561135159149564e-06,0.0007757350027597639,0.008804665344,0.000839268149343278,0.010421524609618957,0.02977043628,0.04019196088961896,2977043628.0,79.0,66.0,500.0,999.0,3603968.0,2420584.0,5860,6,0.00169682114401276,1000,0.0009825536513818126,,NN4,32,64,T,,,
CSE,FM,-1,"[167, 154, 150, 98, 100, 100, 10]",0.004316815257027139,0.004294361559985206,1.4613697041932373e-05,8.45709876573817e-06,6.156598276194203e-06,7.84e-06,1.602430154720091e-06,0.00010720527025296626,0.0014126240972800002,0.002046170431830864,0.0035676022295185504,0.02977043628,0.03333803850951855,2977043628.0,15.0,13.0,166.0,166.0,3603968.0,3621960.0,656,14,0.004308975257027138,167,0.006966712625566279,,NN4,32,64,T,,,
BESTFIXE,FM,-1,"[143, 143, 143, 143, 143, 143, 10]",0.004436426088556447,0.004412656217922026,1.5929870634421676e-05,9.322244385512234e-06,6.6076262489094444e-06,7.84e-06,1.6527688248896733e-06,0.00011617636196548316,0.0014875544371199998,0.0021028659659757558,0.0037082495338861283,0.02977043628,0.033478685813886126,2977043628.0,18.0,16.0,142.0,142.0,3603968.0,3663888.0,552,14,0.004428586088556448,143,0.00699751008843479,,NN4,32,64,T,,,143
MAX,FM,-1,"[1000, 1000, 1000, 784, 1000, 500, 10]",0.001770761303288234,0.0017488687809858413,1.4052522302392668e-05,8.137352945942512e-06,5.915169356450156e-06,7.84e-06,1.8765221092602144e-06,0.0008477084744321688,0.009513981747200001,0.0008393408577586229,0.011202907601500053,0.02977043628,0.04097334388150005,2977043628.0,85.0,70.0,500.0,999.0,3603968.0,2546288.0,4844,14,0.001762921303288234,1000,0.001016223977027997,,NN4,32,64,T,,,
F200,FM,-1,"[200, 200, 200, 200, 200, 200, 10]",0.003561951104013347,0.0035390179745284855,1.5093129484861234e-05,8.83236376267462e-06,6.260765722186614e-06,7.84e-06,1.6416792358781212e-06,0.00016137244391463277,0.00207402733568,0.0016883648233023264,0.003925406282132837,0.02977043628,0.03369584256213284,2977043628.0,24.0,21.0,199.0,199.0,3603968.0,3284600.0,780,14,0.003554111104013347,200,0.005003201434242541,,NN4,32,64,T,,,
BESTFIX,FM,-1,"[1000, 1000, 1000, 784, 1000, 500, 10]",0.001770761303288234,0.0017488687809858413,1.4052522302392668e-05,8.137352945942512e-06,5.915169356450156e-06,7.84e-06,1.8765221092602144e-06,0.0008477084744321688,0.009513981747200001,0.0008393408577586229,0.011202907601500053,0.02977043628,0.04097334388150005,2977043628.0,85.0,70.0,500.0,999.0,3603968.0,2546288.0,4844,14,0.001762921303288234,1000,0.001016223977027997,,NN4,32,64,T,,,1000
MAX,RRM,-1,"[1000, 1000, 1000, 784, 1000, 500, 10]",0.001770761082635585,0.0017488687809858413,1.4052301649743694e-05,8.137238206565045e-06,5.915063443178649e-06,7.84e-06,1.8765904612725921e-06,0.0008477041009465171,0.0095139969024,0.0008393407531692672,0.011202918346977057,0.02977043628,0.04097335462697706,2977043628.0,85.0,70.0,500.0,999.0,3603968.0,2420584.0,4884,6,0.0016969743166414292,1000,0.0010147882268485284,,NN4,32,64,T,,,
F200,RRM,-1,"[200, 200, 200, 200, 200, 200, 10]",0.003562000547858929,0.0035390179745284855,1.5142573330443237e-05,8.852769719651697e-06,6.28980361079154e-06,7.84e-06,1.6475606969320882e-06,0.00016277885467571676,0.0020843389337599997,0.0016883882596851322,0.003937153608817781,0.02977043628,0.03370758988881778,2977043628.0,24.0,21.0,399.0,200.0,3603968.0,1553288.0,4820,2,0.0012860560876515605,1000,0.0,,NN4,32,64,T,,,
BESTFIX,RRM,-1,"[1000, 1000, 1000, 784, 1000, 500, 10]",0.001770761082635585,0.0017488687809858413,1.4052301649743694e-05,8.137238206565045e-06,5.915063443178649e-06,7.84e-06,1.8765904612725921e-06,0.0008477041009465171,0.0095139969024,0.0008393407531692672,0.011202918346977057,0.02977043628,0.04097335462697706,2977043628.0,85.0,70.0,500.0,999.0,3603968.0,2420584.0,4884,6,0.0016969743166414292,1000,0.0010147882268485284,,NN4,32,64,T,,,1000
MAX,ORRM,-1,"[1000, 1000, 1000, 784, 1000, 500, 10]",0.0017707609237656778,0.0017488687809858413,1.4052142779836433e-05,8.137044032233948e-06,5.9150987476024845e-06,7.84e-06,1.8765690562004206e-06,0.0008477100259929287,0.009514160578560001,0.0008393406778649312,0.011203087851474062,0.02977043628,0.040973524131474065,2977043628.0,85.0,70.0,500.0,999.0,3603968.0,2375512.0,4884,6,0.001696974157771522,1000,0.0009837760229720028,,NN4,32,64,T,,,
F200,ORRM,-1,"[200, 200, 200, 200, 200, 200, 10]",0.0035619877676575,0.0035390179745284855,1.5129793129014685e-05,8.846256053453996e-06,6.283537075560688e-06,7.84e-06,1.6461928217349077e-06,0.00016250073956646354,0.0020825248563200002,0.0016883822018696549,0.003935053990577853,0.02977043628,0.033705490270577856,2977043628.0,24.0,21.0,364.0,200.0,3603968.0,2020416.0,4080,4,0.001971724360529415,1000,0.0008541426559098476,,NN4,32,64,T,,,
BESTFIX,ORRM,-1,"[1000, 1000, 1000, 784, 1000, 500, 10]",0.0017707609237656778,0.0017488687809858413,1.4052142779836433e-05,8.137044032233948e-06,5.9150987476024845e-06,7.84e-06,1.8765690562004206e-06,0.0008477100259929287,0.009514160578560001,0.0008393406778649312,0.011203087851474062,0.02977043628,0.040973524131474065,2977043628.0,85.0,70.0,500.0,999.0,3603968.0,2375512.0,4884,6,0.001696974157771522,1000,0.0009837760229720028,,NN4,32,64,T,,,1000
RI,FM,-1,"[1000, 1000, 1000, 10]",0.00012730124118844166,0.0001253799488772455,1.6012923111961677e-06,9.477203864030182e-07,6.535719247931496e-07,3.2e-07,2.1322009062605357e-07,8.755640650025299e-05,0.0002384543616,6.034078832332134e-05,0.00038656477651420043,0.0012111907,0.0015977554765142005,121119070.0,48.0,33.0,500.0,999.0,112080.0,305456.0,3980,8,0.0001269812411884417,1000,0.001,"[9293.00873416857, 6522.780320623317, 4578.786995118507, 732.8774340456481]",NN5,1,64,T,,,
CS,FM,-1,"[1000, 1000, 1000, 10]",0.00012730124118844166,0.0001253799488772455,1.6012923111961677e-06,9.477203864030182e-07,6.535719247931496e-07,3.2e-07,2.1322009062605357e-07,8.755640650025299e-05,0.0002384543616,6.034078832332134e-05,0.00038656477651420043,0.0012111907,0.0015977554765142005,121119070.0,48.0,33.0,500.0,999.0,112080.0,305456.0,3980,8,0.0001269812411884417,1000,0.001,,NN5,1,64,T,1,3007,
CS,RRM,-1,"[1000, 1000, 1000, 10]",0.00012730124118844166,0.0001253799488772455,1.6012923111961677e-06,9.477203864030182e-07,6.535719247931496e-07,3.2e-07,2.1322009062605357e-07,8.755640650025299e-05,0.0002384543616,6.034078832332134e-05,0.00038656477651420043,0.0012111907,0.0015977554765142005,121119070.0,48.0,33.0,500.0,999.0,112080.0,305456.0,3980,8,0.0001269812411884417,1000,0.001,,NN5,1,64,T,1,3007,
CS,ORRM,-1,"[1000, 1000, 1000, 10]",0.00012730115292738207,0.0001253799488772455,1.6012040501365784e-06,9.476321253434289e-07,6.535719247931496e-07,3.2e-07,2.1321250017492885e-07,8.755636622214193e-05,0.0002384543616,6.0340746487579096e-05,0.00038656468680989595,0.0012111907,0.001597755386809896,121119070.0,48.0,33.0,500.0,999.0,112080.0,305456.0,3980,8,0.0001269811529273821,1000,0.001,,NN5,1,64,T,,,
CS_Er,ORRM,-1,"[1000, 1000, 1000, 10]",0.00012730115292738207,0.0001253799488772455,1.6012040501365784e-06,9.476321253434289e-07,6.535719247931496e-07,3.2e-07,2.1321250017492885e-07,8.755636622214193e-05,0.0002384543616,6.0340746487579096e-05,0.00038656468680989595,0.0012111907,0.001597755386809896,121119070.0,48.0,33.0,500.0,999.0,112080.0,305456.0,3980,8,0.0001269811529273821,1000,0.001,,NN5,1,64,T,,,
CSE,FM,-1,"[667, 167, 334, 10]",0.0001841081864883428,0.00018298810100136705,8.000854869757538e-07,5.169242390111801e-07,2.831612479645737e-07,3.2e-07,9.65821901336358e-08,9.424251029051661e-06,5.695317632e-05,8.726728039547449e-05,0.00015374128993465977,0.0012111907,0.0013649319899346599,121119070.0,20.0,10.0,500.0,666.0,112080.0,874696.0,3316,8,0.00018378818648834278,667,0.002036468330134357,,NN5,1,64,T,,,
BESTFIXE,FM,-1,"[250, 250, 250, 10]",0.00021970260471602138,0.0002187560493259804,6.265553900409643e-07,3.8098847997036673e-07,2.455669100705976e-07,3.2e-07,8.2360675803856e-08,8.02503083834164e-06,6.0673919999999997e-05,0.00010413903463539412,0.0001729203461495396,0.0012111907,0.0013841110461495396,121119070.0,12.0,9.0,249.0,249.0,112080.0,877064.0,980,8,0.00021938260471602135,250,0.004,,NN5,1,64,T,,,250
MAX,FM,-1,"[1000, 1000, 1000, 10]",0.00012730124118844166,0.0001253799488772455,1.6012923111961677e-06,9.477203864030182e-07,6.535719247931496e-07,3.2e-07,2.1322009062605357e-07,8.755640650025299e-05,0.0002384543616,6.034078832332134e-05,0.00038656477651420043,0.0012111907,0.0015977554765142005,121119070.0,48.0,33.0,500.0,999.0,112080.0,305456.0,3980,8,0.0001269812411884417,1000,0.001,,NN5,1,64,T,,,
F200,FM,-1,"[200, 200, 200, 10]",0.00026089334402763445,0.0002598494375,7.2390652763441e-07,4.4260522523767777e-07,2.8130130239673226e-07,3.2e-07,7.63461826560664e-08,5.962225263343544e-06,4.882113279999999e-05,0.00012366344506909872,0.00017852314931509833,0.0012111907,0.0013897138493150984,121119070.0,12.0,9.0,199.0,199.0,112080.0,1070280.0,780,8,0.0002605733440276344,200,0.005,,NN5,1,64,T,,,
BESTFIX,FM,-1,"[1000, 1000, 1000, 10]",0.00012730124118844166,0.0001253799488772455,1.6012923111961677e-06,9.477203864030182e-07,6.535719247931496e-07,3.2e-07,2.1322009062605357e-07,8.755640650025299e-05,0.0002384543616,6.034078832332134e-05,0.00038656477651420043,0.0012111907,0.0015977554765142005,121119070.0,48.0,33.0,500.0,999.0,112080.0,305456.0,3980,8,0.0001269812411884417,1000,0.001,,NN5,1,64,T,,,1000
MAX,RRM,-1,"[1000, 1000, 1000, 10]",0.00012730124118844166,0.0001253799488772455,1.6012923111961677e-06,9.477203864030182e-07,6.535719247931496e-07,3.2e-07,2.1322009062605357e-07,8.755640650025299e-05,0.0002384543616,6.034078832332134e-05,0.00038656477651420043,0.0012111907,0.0015977554765142005,121119070.0,48.0,33.0,500.0,999.0,112080.0,305456.0,3980,8,0.0001269812411884417,1000,0.001,,NN5,1,64,T,,,
F200,RRM,-1,"[200, 200, 200, 10]",0.00026091249667756537,0.0002598494375,7.430591775653165e-07,4.500897630908615e-07,2.92969414474455e-07,3.2e-07,7.872267699869594e-08,6.232030207828817e-06,4.906290559999999e-05,0.00012367252342516597,0.00017904618190999348,0.0012111907,0.0013902368819099936,121119070.0,12.0,9.0,399.0,200.0,112080.0,544160.0,2420,2,9.634453580994097e-05,610,0.0,,NN5,1,64,T,,,
BESTFIX,RRM,-1,"[1000, 1000, 1000, 10]",0.00012730124118844166,0.0001253799488772455,1.6012923111961677e-06,9.477203864030182e-07,6.535719247931496e-07,3.2e-07,2.1322009062605357e-07,8.755640650025299e-05,0.0002384543616,6.034078832332134e-05,0.00038656477651420043,0.0012111907,0.0015977554765142005,121119070.0,48.0,33.0,500.0,999.0,112080.0,305456.0,3980,8,0.0001269812411884417,1000,0.001,,NN5,1,64,T,,,1000
MAX,ORRM,-1,"[1000, 1000, 1000, 10]",0.00012730115292738207,0.0001253799488772455,1.6012040501365784e-06,9.476321253434289e-07,6.535719247931496e-07,3.2e-07,2.1321250017492885e-07,8.755636622214193e-05,0.0002384543616,6.0340746487579096e-05,0.00038656468680989595,0.0012111907,0.001597755386809896,121119070.0,48.0,33.0,500.0,999.0,112080.0,305456.0,3980,8,0.0001269811529273821,1000,0.001,,NN5,1,64,T,,,
F200,ORRM,-1,"[200, 200, 200, 10]",0.00026091249667756537,0.0002598494375,7.430591775653165e-07,4.500897630908615e-07,2.92969414474455e-07,3.2e-07,7.872267699869594e-08,6.232030207828817e-06,4.906290559999999e-05,0.00012367252342516597,0.00017904618190999348,0.0012111907,0.0013902368819099936,121119070.0,12.0,9.0,399.0,200.0,112080.0,544160.0,2420,2,9.634453580994097e-05,610,0.0,,NN5,1,64,T,,,
BESTFIX,ORRM,-1,"[1000, 1000, 1000, 10]",0.00012730115292738207,0.0001253799488772455,1.6012040501365784e-06,9.476321253434289e-07,6.535719247931496e-07,3.2e-07,2.1321250017492885e-07,8.755636622214193e-05,0.0002384543616,6.0340746487579096e-05,0.00038656468680989595,0.0012111907,0.001597755386809896,121119070.0,48.0,33.0,500.0,999.0,112080.0,305456.0,3980,8,0.0001269811529273821,1000,0.001,,NN5,1,64,T,,,1000
RI,FM,-1,"[1000, 67, 140, 8]",0.001974295395062131,0.001206376928546755,0.000765358466515376,1.680087720461286e-05,0.0007485575893107631,2.56e-06,1.2491408083889944e-05,0.004005984593883688,0.00034714368,0.0009358160172594501,0.005301435699227028,0.0054509041999999995,0.010752339899227028,545090420.0,152.0,28.0,500.0,999.0,28640000.0,1869000.0,4276,8,0.0019717353950621315,1000,0.003409090909090909,"[4581.451298442449, 67.16948846754222, 140.23710226707627, 8.36153269011377]",NN5,8,8,R,,,
CS,FM,-1,"[1000, 80, 160, 5]",0.0019197785013146946,0.0010745051202481247,0.0008427133810665697,1.654672474649112e-05,0.0008261666563200786,2.56e-06,1.4162797220379094e-05,0.0047752250534242695,0.0003941883648,0.0009099750096231653,0.006093551225067814,0.0054557042,0.011549255425067814,545570420.0,155.0,31.0,500.0,999.0,32483520.0,1708680.0,4310,8,0.0019172185013146949,1000,0.00289,,NN5,8,8,R,2,6013,
CS,RRM,-1,"[1000, 80, 160, 5]",0.001921740021959518,0.0010745051202481247,0.0008446749017113934,1.655466824185417e-05,0.0008281202334695392,2.56e-06,1.4194448326122261e-05,0.004778101291029851,0.0003950696448,0.0009109047704088115,0.006098270154564786,0.0054557042,0.011553974354564785,545570420.0,155.0,31.0,500.0,999.0,32555520.0,1444464.0,4650,2,0.0011489077491069536,1000,0.00064,,NN5,8,8,R,2,6013,
CS,ORRM,32,"[1000, 78, 160, 5]",0.001920785886161478,0.0010744936847012498,0.000843732201460228,1.6588602108564678e-05,0.0008271435993516633,2.56e-06,1.395717243678397e-05,0.004658433962052633,0.00038839620096,0.0009104525100405405,0.005971239845489957,0.0054550642,0.011426304045489957,545506420.0,155.0,31.0,500.0,999.0,32010304.0,1644664.0,4502,4,0.0016811627181047878,1000,0.0017052845528455285,,NN5,8,8,R,,,
CS_Er,ORRM,-1,"[1000, 80, 160, 5]",0.0019214155658066278,0.0010745051202481247,0.000844350445558503,1.6553785631258273e-05,0.0008277966599272447,2.56e-06,1.4190954729640345e-05,0.004777531448012547,0.00039497172479999995,0.0009107509781923416,0.006097445105734529,0.0054557042,0.011553149305734528,545570420.0,155.0,31.0,500.0,999.0,32547520.0,1444464.0,4630,4,0.0011489077491069536,1000,0.00089,,NN5,8,8,R,,,
CSE,FM,-1,"[68, 40, 69, 5]",0.0026592492012002017,0.00222017982321594,0.0004365093779842618,1.547123200377117e-05,0.00042103814598049065,2.56e-06,7.0838406611603584e-06,0.00021426571828130645,0.000195837696,0.0012604841213688955,0.0016776713763113622,0.0054356242,0.007113295576311362,543562420.0,23.0,15.0,68.0,68.0,16278400.0,3197192.0,378,8,0.0026566892012002013,69,0.014658634538152611,,NN5,8,8,R,,,
BESTFIXE,FM,-1,"[56, 56, 56, 10]",0.0026908337153139146,0.0021267904200845352,0.0005614832952293792,1.4788634530123541e-05,0.0005466946606992557,2.56e-06,9.001625797265517e-06,0.000254607926051328,0.00024983470080000006,0.0012754551810587953,0.001788899433707389,0.005441304199999999,0.007230203633707388,544130420.0,21.0,16.0,55.0,55.0,20689920.0,2935720.0,204,8,0.002688273715313915,56,0.017875,,NN5,8,8,R,,,56
MAX,FM,-1,"[1000, 1000, 1000, 10]",0.008668681286414898,0.0004588507831016868,0.008207270503313211,1.9917237491796044e-05,0.008187353265821415,2.56e-06,0.00014049776219919239,0.07161641332142471,0.0039478265856,0.004108954929760661,0.07981369259898456,0.0058189042,0.08563259679898456,581890420.0,375.0,252.0,500.0,999.0,322813440.0,1059096.0,3980,8,0.0086661212864149,1000,0.001,,NN5,8,8,R,,,
F200,FM,-1,"[200, 200, 200, 10]",0.0026148580373861314,0.0008836627638703679,0.0017286352735157635,1.5443170457688862e-05,0.0017131921030580745,2.56e-06,2.9067942487240417e-05,0.002955069858601071,0.000814261248,0.0012394427097210262,0.005037841758809338,0.0054989042,0.010536745958809338,549890420.0,75.0,52.0,199.0,199.0,66803200.0,1448760.0,780,8,0.002612298037386131,200,0.005,,NN5,8,8,R,,,
BESTFIX,FM,-1,"[112, 112, 112, 10]",0.002363956974879818,0.001345631836112706,0.0010157651387671116,1.5032337821614698e-05,0.0010007328009454968,2.56e-06,1.6809257247782627e-05,0.0009547041246633033,0.0004694575104,0.0011205156060930337,0.0025614864984041196,0.0054637042,0.008025190698404119,546370420.0,42.0,30.0,111.0,111.0,38632960.0,1838424.0,428,8,0.002361396974879818,112,0.008933333333333333,,NN5,8,8,R,,,112
MAX,RRM,-1,"[1000, 1000, 1000, 10]",0.008668681286414898,0.0004588507831016868,0.008207270503313211,1.9917237491796044e-05,0.008187353265821415,2.56e-06,0.00014049776219919239,0.07161641332142471,0.0039478265856,0.004108954929760661,0.07981369259898456,0.0058189042,0.08563259679898456,581890420.0,375.0,252.0,500.0,999.0,322813440.0,1059096.0,3980,8,0.0086661212864149,1000,0.001,,NN5,8,8,R,,,
F200,RRM,-1,"[200, 200, 200, 10]",0.0026235988002903366,0.0008836627638703679,0.0017373760364199687,1.5511590431082594e-05,0.001721864445988886,2.56e-06,2.9214942736241538e-05,0.0029849171342562035,0.0008183347200000001,0.0012435858313376196,0.005076052628330064,0.0054989042,0.010574956828330064,549890420.0,75.0,52.0,399.0,200.0,67136000.0,832720.0,2420,2,0.0015827815194626167,610,0.0,,NN5,8,8,R,,,
BESTFIX,RRM,-1,"[112, 112, 112, 10]",0.002373019940363626,0.001345631836112706,0.0010248281042509197,1.5054314825452466e-05,0.0010097737894254673,2.56e-06,1.695912832232938e-05,0.0009718677501298361,0.00047365632000000006,0.0011248114517323586,0.0025872946501845242,0.0054637042,0.008050998850184524,546370420.0,42.0,30.0,223.0,112.0,38976000.0,1089296.0,1364,2,0.0011444101665107084,346,0.0,,NN5,8,8,R,,,112
MAX,ORRM,-1,"[1000, 1000, 1000, 10]",0.008668681286414898,0.0004588507831016868,0.008207270503313211,1.9917237491796044e-05,0.008187353265821415,2.56e-06,0.00014049776219919239,0.07161641332142471,0.0039478265856,0.004108954929760661,0.07981369259898456,0.0058189042,0.08563259679898456,581890420.0,375.0,252.0,500.0,999.0,322813440.0,1059096.0,3980,8,0.0086661212864149,1000,0.001,,NN5,8,8,R,,,
F200,ORRM,-1,"[200, 200, 200, 10]",0.0026235988002903366,0.0008836627638703679,0.0017373760364199687,1.5511590431082594e-05,0.001721864445988886,2.56e-06,2.9214942736241538e-05,0.0029849171342562035,0.0008183347200000001,0.0012435858313376196,0.005076052628330064,0.0054989042,0.010574956828330064,549890420.0,75.0,52.0,399.0,200.0,67136000.0,832720.0,2420,2,0.0015827815194626167,610,0.0,,NN5,8,8,R,,,
BESTFIX,ORRM,-1,"[112, 112, 112, 10]",0.002373019940363626,0.001345631836112706,0.0010248281042509197,1.5054314825452466e-05,0.0010097737894254673,2.56e-06,1.695912832232938e-05,0.0009718677501298361,0.00047365632000000006,0.0011248114517323586,0.0025872946501845242,0.0054637042,0.008050998850184524,546370420.0,42.0,30.0,223.0,112.0,38976000.0,1089296.0,1364,2,0.0011444101665107084,346,0.0,,NN5,8,8,R,,,112
RI,FM,-1,"[1000, 1000, 1000, 10]",0.0004938769591625411,0.0004595052793787419,3.181167978379934e-05,1.9917237491796044e-05,1.1894442292003293e-05,2.56e-06,5.468004344861491e-07,0.0002088760861307132,0.0019076348928,0.0002340976786430445,0.002351155458008244,0.0068636242,0.009214779658008244,686362420.0,375.0,252.0,500.0,999.0,896640.0,867416.0,3980,8,0.0004913169591625413,1000,0.001,"[5255.464070586177, 3514.871706209346, 3204.91661600665, 535.0231563005267]",NN5,8,8,T,,,
CS,FM,-1,"[1000, 1000, 1000, 10]",0.0004938769591625411,0.0004595052793787419,3.181167978379934e-05,1.9917237491796044e-05,1.1894442292003293e-05,2.56e-06,5.468004344861491e-07,0.0002088760861307132,0.0019076348928,0.0002340976786430445,0.002351155458008244,0.0068636242,0.009214779658008244,686362420.0,375.0,252.0,500.0,999.0,896640.0,867416.0,3980,8,0.0004913169591625413,1000,0.001,,NN5,8,8,T,1,3007,
CS,RRM,-1,"[1000, 1000, 1000, 10]",0.0004938769591625411,0.0004595052793787419,3.181167978379934e-05,1.9917237491796044e-05,1.1894442292003293e-05,2.56e-06,5.468004344861491e-07,0.0002088760861307132,0.0019076348928,0.0002340976786430445,0.002351155458008244,0.0068636242,0.009214779658008244,686362420.0,375.0,252.0,500.0,999.0,896640.0,867416.0,3980,8,0.0004913169591625413,1000,0.001,,NN5,8,8,T,1,3007,
CS,ORRM,-1,"[1000, 1000, 1000, 10]",0.0004938769591625411,0.0004595052793787419,3.181167978379934e-05,1.9917237491796044e-05,1.1894442292003293e-05,2.56e-06,5.468004344861491e-07,0.0002088760861307132,0.0019076348928,0.0002340976786430445,0.002351155458008244,0.0068636242,0.009214779658008244,686362420.0,375.0,252.0,500.0,999.0,896640.0,867416.0,3980,8,0.0004913169591625413,1000,0.001,,NN5,8,8,T,,,
CS_Er,ORRM,-1,"[1000, 1000, 1000, 10]",0.0004938769591625411,0.0004595052793787419,3.181167978379934e-05,1.9917237491796044e-05,1.1894442292003293e-05,2.56e-06,5.468004344861491e-07,0.0002088760861307132,0.0019076348928,0.0002340976786430445,0.002351155458008244,0.0068636242,0.009214779658008244,686362420.0,375.0,252.0,500.0,999.0,896640.0,867416.0,3980,8,0.0004913169591625413,1000,0.001,,NN5,8,8,T,,,
CSE,FM,-1,"[308, 112, 308, 10]",0.0009485114552075319,0.0009212497117944311,2.4701743413100888e-05,1.583261273539404e-05,8.869130677706846e-06,2.56e-06,4.2018274135953545e-07,2.4183173501538744e-05,0.00029930406912000005,0.0004495944297683701,0.0007735018551312684,0.0068636242,0.007637126055131268,686362420.0,92.0,55.0,307.0,307.0,896640.0,1791416.0,1996,8,0.0009459514552075319,308,0.0032487437185929648,,NN5,8,8,T,,,
BESTFIXE,FM,-1,"[167, 167, 167, 10]",0.0010271472767108773,0.0010005248669100746,2.4062409800802533e-05,1.538019507325886e-05,8.682214727543673e-06,2.56e-06,4.1116865019502486e-07,2.5846426562875194e-05,0.00032798376959999995,0.0004868678091609558,0.000841109173974026,0.0068636242,0.007704733373974025,686362420.0,63.0,44.0,166.0,166.0,896640.0,1770856.0,648,8,0.0010245872767108768,167,0.005988571428571428,,NN5,8,8,T,,,167
MAX,FM,-1,"[1000, 1000, 1000, 10]",0.0004938769591625411,0.0004595052793787419,3.181167978379934e-05,1.9917237491796044e-05,1.1894442292003293e-05,2.56e-06,5.468004344861491e-07,0.0002088760861307132,0.0019076348928,0.0002340976786430445,0.002351155458008244,0.0068636242,0.009214779658008244,686362420.0,375.0,252.0,500.0,999.0,896640.0,867416.0,3980,8,0.0004913169591625413,1000,0.001,,NN5,8,8,T,,,
F200,FM,-1,"[200, 200, 200, 10]",0.0009433346392910775,0.0009165958363635497,2.417880292752787e-05,1.5443170457688862e-05,8.735632469839007e-06,2.56e-06,4.155501342992425e-07,3.1193169189305684e-05,0.00039056906239999994,0.0004471406190239707,0.0008693184007475755,0.0068636242,0.007732942600747575,686362420.0,75.0,52.0,199.0,199.0,896640.0,1577304.0,780,8,0.0009407746392910776,200,0.005,,NN5,8,8,T,,,
BESTFIX,FM,-1,"[1000, 1000, 1000, 10]",0.0004938769591625411,0.0004595052793787419,3.181167978379934e-05,1.9917237491796044e-05,1.1894442292003293e-05,2.56e-06,5.468004344861491e-07,0.0002088760861307132,0.0019076348928,0.0002340976786430445,0.002351155458008244,0.0068636242,0.009214779658008244,686362420.0,375.0,252.0,500.0,999.0,896640.0,867416.0,3980,8,0.0004913169591625413,1000,0.001,,NN5,8,8,T,,,1000
MAX,RRM,-1,"[1000, 1000, 1000, 10]",0.0004938769591625411,0.0004595052793787419,3.181167978379934e-05,1.9917237491796044e-05,1.1894442292003293e-05,2.56e-06,5.468004344861491e-07,0.0002088760861307132,0.0019076348928,0.0002340976786430445,0.002351155458008244,0.0068636242,0.009214779658008244,686362420.0,375.0,252.0,500.0,999.0,896640.0,867416.0,3980,8,0.0004913169591625413,1000,0.001,,NN5,8,8,T,,,
F200,RRM,-1,"[200, 200, 200, 10]",0.0009434695198423421,0.0009165958363635497,2.4313683478792445e-05,1.5511590431082594e-05,8.80209304770985e-06,2.56e-06,4.1786803035918937e-07,3.158291033855559e-05,0.0003925032447999999,0.0004472045524052701,0.0008717085755741848,0.0068636242,0.007735332775574184,686362420.0,75.0,52.0,399.0,200.0,896640.0,992720.0,2420,2,0.0003315248213876169,610,0.0,,NN5,8,8,T,,,
BESTFIX,RRM,-1,"[1000, 1000, 1000, 10]",0.0004938769591625411,0.0004595052793787419,3.181167978379934e-05,1.9917237491796044e-05,1.1894442292003293e-05,2.56e-06,5.468004344861491e-07,0.0002088760861307132,0.0019076348928,0.0002340976786430445,0.002351155458008244,0.0068636242,0.009214779658008244,686362420.0,375.0,252.0,500.0,999.0,896640.0,867416.0,3980,8,0.0004913169591625413,1000,0.001,,NN5,8,8,T,,,1000
MAX,ORRM,-1,"[1000, 1000, 1000, 10]",0.0004938769591625411,0.0004595052793787419,3.181167978379934e-05,1.9917237491796044e-05,1.1894442292003293e-05,2.56e-06,5.468004344861491e-07,0.0002088760861307132,0.0019076348928,0.0002340976786430445,0.002351155458008244,0.0068636242,0.009214779658008244,686362420.0,375.0,252.0,500.0,999.0,896640.0,867416.0,3980,8,0.0004913169591625413,1000,0.001,,NN5,8,8,T,,,
F200,ORRM,-1,"[200, 200, 200, 10]",0.0009434695198423421,0.0009165958363635497,2.4313683478792445e-05,1.5511590431082594e-05,8.80209304770985e-06,2.56e-06,4.1786803035918937e-07,3.158291033855559e-05,0.0003925032447999999,0.0004472045524052701,0.0008717085755741848,0.0068636242,0.007735332775574184,686362420.0,75.0,52.0,399.0,200.0,896640.0,992720.0,2420,2,0.0003315248213876169,610,0.0,,NN5,8,8,T,,,
BESTFIX,ORRM,-1,"[1000, 1000, 1000, 10]",0.0004938769591625411,0.0004595052793787419,3.181167978379934e-05,1.9917237491796044e-05,1.1894442292003293e-05,2.56e-06,5.468004344861491e-07,0.0002088760861307132,0.0019076348928,0.0002340976786430445,0.002351155458008244,0.0068636242,0.009214779658008244,686362420.0,375.0,252.0,500.0,999.0,896640.0,867416.0,3980,8,0.0004913169591625413,1000,0.001,,NN5,8,8,T,,,1000
RI,FM,-1,"[1000, 1000, 1000, 10]",0.00046616098345464397,0.0004595052793787419,4.09570407590205e-06,2.5524262687559594e-06,1.543277807146091e-06,2.56e-06,5.473111200378182e-07,0.00020887894727084124,0.0019076348928,0.00022096030615750123,0.0023380214573483805,0.0068636242,0.00920164565734838,686362420.0,48.0,33.0,500.0,999.0,896640.0,867416.0,3980,8,0.000463600983454644,1000,0.001,"[14864.697130374967, 9941.558473845436, 9064.87308926298, 1513.27400764773]",NN5,8,64,T,,,
CS,FM,-1,"[1000, 1000, 1000, 10]",0.00046616098345464397,0.0004595052793787419,4.09570407590205e-06,2.5524262687559594e-06,1.543277807146091e-06,2.56e-06,5.473111200378182e-07,0.00020887894727084124,0.0019076348928,0.00022096030615750123,0.0023380214573483805,0.0068636242,0.00920164565734838,686362420.0,48.0,33.0,500.0,999.0,896640.0,867416.0,3980,8,0.000463600983454644,1000,0.001,,NN5,8,64,T,1,3007,
CS,RRM,-1,"[1000, 1000, 1000, 10]",0.00046616098345464397,0.0004595052793787419,4.09570407590205e-06,2.5524262687559594e-06,1.543277807146091e-06,2.56e-06,5.473111200378182e-07,0.00020887894727084124,0.0019076348928,0.00022096030615750123,0.0023380214573483805,0.0068636242,0.00920164565734838,686362420.0,48.0,33.0,500.0,999.0,896640.0,867416.0,3980,8,0.000463600983454644,1000,0.001,,NN5,8,64,T,1,3007,
CS,ORRM,-1,"[1000, 1000, 1000, 10]",0.0004661608951935844,0.0004595052793787419,4.095615814842461e-06,2.55233800769637e-06,1.543277807146091e-06,2.56e-06,5.473035295866935e-07,0.00020887890699273015,0.0019076348928,0.00022096026432175898,0.002338021367644076,0.0068636242,0.009201645567644075,686362420.0,48.0,33.0,500.0,999.0,896640.0,867416.0,3980,8,0.0004636008951935844,1000,0.001,,NN5,8,64,T,,,
CS_Er,ORRM,-1,"[1000, 1000, 1000, 10]",0.0004661608951935844,0.0004595052793787419,4.095615814842461e-06,2.55233800769637e-06,1.543277807146091e-06,2.56e-06,5.473035295866935e-07,0.00020887890699273015,0.0019076348928,0.00022096026432175898,0.002338021367644076,0.0068636242,0.009201645567644075,686362420.0,48.0,33.0,500.0,999.0,896640.0,867416.0,3980,8,0.0004636008951935844,1000,0.001,,NN5,8,64,T,,,
CSE,FM,-1,"[308, 100, 308, 10]",0.0009686568862425869,0.0009627929810251747,3.3039052174123035e-06,2.0900534280481544e-06,1.213851789364149e-06,2.56e-06,4.2040611447488e-07,2.2668003205889998e-05,0.0002811769344,0.00045914336407898616,0.000763408707799351,0.0068636242,0.00762703290779935,686362420.0,12.0,8.0,307.0,307.0,896640.0,1887560.0,2044,8,0.000966096886242587,308,0.003248663101604278,,NN5,8,64,T,,,
BESTFIXE,FM,-1,"[167, 167, 167, 10]",0.0010065492082796904,0.0010005248669100746,3.4643413696158934e-06,2.2030091648740462e-06,1.2613322047418472e-06,2.56e-06,4.121227510914669e-07,2.5905909180544324e-05,0.00032798376959999995,0.00047710432472457324,0.000831406126256209,0.0068636242,0.007695030326256209,686362420.0,9.0,7.0,166.0,166.0,896640.0,1770856.0,648,8,0.0010039892082796902,167,0.005988571428571428,,NN5,8,64,T,,,167
MAX,FM,-1,"[1000, 1000, 1000, 10]",0.00046616098345464397,0.0004595052793787419,4.09570407590205e-06,2.5524262687559594e-06,1.543277807146091e-06,2.56e-06,5.473111200378182e-07,0.00020887894727084124,0.0019076348928,0.00022096030615750123,0.0023380214573483805,0.0068636242,0.00920164565734838,686362420.0,48.0,33.0,500.0,999.0,896640.0,867416.0,3980,8,0.000463600983454644,1000,0.001,,NN5,8,64,T,,,
F200,FM,-1,"[200, 200, 200, 10]",0.0009230470958323606,0.0009165958363635497,3.891259468810881e-06,2.4743699311200308e-06,1.41688953769085e-06,2.56e-06,4.16001917950184e-07,3.1229458528049435e-05,0.00039056906239999994,0.0004375243234245389,0.0008597388462705384,0.0068636242,0.007723363046270538,686362420.0,12.0,9.0,199.0,199.0,896640.0,1577304.0,780,8,0.0009204870958323605,200,0.005,,NN5,8,64,T,,,
BESTFIX,FM,-1,"[1000, 1000, 1000, 10]",0.00046616098345464397,0.0004595052793787419,4.09570407590205e-06,2.5524262687559594e-06,1.543277807146091e-06,2.56e-06,5.473111200378182e-07,0.00020887894727084124,0.0019076348928,0.00022096030615750123,0.0023380214573483805,0.0068636242,0.00920164565734838,686362420.0,48.0,33.0,500.0,999.0,896640.0,867416.0,3980,8,0.000463600983454644,1000,0.001,,NN5,8,64,T,,,1000
MAX,RRM,-1,"[1000, 1000, 1000, 10]",0.00046616098345464397,0.0004595052793787419,4.09570407590205e-06,2.5524262687559594e-06,1.543277807146091e-06,2.56e-06,5.473111200378182e-07,0.00020887894727084124,0.0019076348928,0.00022096030615750123,0.0023380214573483805,0.0068636242,0.00920164565734838,686362420.0,48.0,33.0,500.0,999.0,896640.0,867416.0,3980,8,0.000463600983454644,1000,0.001,,NN5,8,64,T,,,
F200,RRM,-1,"[200, 200, 200, 10]",0.0009230662484822914,0.0009165958363635497,3.910412118741787e-06,2.481854468973215e-06,1.4285576497685727e-06,2.56e-06,4.183784122928136e-07,3.16253636225347e-05,0.0003925032447999999,0.0004375334017806061,0.0008620803886154335,0.0068636242,0.007725704588615433,686362420.0,12.0,9.0,399.0,200.0,896640.0,992720.0,2420,2,0.0003282516302078081,610,0.0,,NN5,8,64,T,,,
BESTFIX,RRM,-1,"[1000, 1000, 1000, 10]",0.00046616098345464397,0.0004595052793787419,4.09570407590205e-06,2.5524262687559594e-06,1.543277807146091e-06,2.56e-06,5.473111200378182e-07,0.00020887894727084124,0.0019076348928,0.00022096030615750123,0.0023380214573483805,0.0068636242,0.00920164565734838,686362420.0,48.0,33.0,500.0,999.0,896640.0,867416.0,3980,8,0.000463600983454644,1000,0.001,,NN5,8,64,T,,,1000
MAX,ORRM,-1,"[1000, 1000, 1000, 10]",0.0004661608951935844,0.0004595052793787419,4.095615814842461e-06,2.55233800769637e-06,1.543277807146091e-06,2.56e-06,5.473035295866935e-07,0.00020887890699273015,0.0019076348928,0.00022096026432175898,0.002338021367644076,0.0068636242,0.009201645567644075,686362420.0,48.0,33.0,500.0,999.0,896640.0,867416.0,3980,8,0.0004636008951935844,1000,0.001,,NN5,8,64,T,,,
F200,ORRM,-1,"[200, 200, 200, 10]",0.0009230662484822914,0.0009165958363635497,3.910412118741787e-06,2.481854468973215e-06,1.4285576497685727e-06,2.56e-06,4.183784122928136e-07,3.16253636225347e-05,0.0003925032447999999,0.0004375334017806061,0.0008620803886154335,0.0068636242,0.007725704588615433,686362420.0,12.0,9.0,399.0,200.0,896640.0,992720.0,2420,2,0.0003282516302078081,610,0.0,,NN5,8,64,T,,,
BESTFIX,ORRM,-1,"[1000, 1000, 1000, 10]",0.0004661608951935844,0.0004595052793787419,4.095615814842461e-06,2.55233800769637e-06,1.543277807146091e-06,2.56e-06,5.473035295866935e-07,0.00020887890699273015,0.0019076348928,0.00022096026432175898,0.002338021367644076,0.0068636242,0.009201645567644075,686362420.0,48.0,33.0,500.0,999.0,896640.0,867416.0,3980,8,0.0004636008951935844,1000,0.001,,NN5,8,64,T,,,1000
RI,FM,-1,"[1000, 190, 397, 10]",0.00096289804415715,0.000660664642181417,0.000299673401975733,2.3037805335159374e-06,0.00029736962144221704,2.56e-06,3.3577705578928983e-05,0.012100887536291214,0.0009398573567999999,0.0004564136729304891,0.01353073627160063,0.0055114642,0.01904220047160063,551146420.0,26.0,11.0,500.0,999.0,77064320.0,1275960.0,4808,8,0.00096033804415715,1000,0.0015622389306599832,"[12958.301123218274, 189.9840031369228, 396.65042394800395, 23.649985865169764]",NN5,8,64,R,,,
CS,FM,-1,"[1000, 256, 500, 10]",0.000931573269898319,0.0005647346429117552,0.0003642786269865637,2.24826988569539e-06,0.0003620303571008683,2.56e-06,4.378445707469604e-05,0.016657779881550372,0.00122716717056,0.00044156572993180314,0.018370297239116873,0.0055408242,0.023911121439116872,554082420.0,28.0,13.0,500.0,999.0,100537344.0,1187600.0,4956,8,0.0009290132698983189,1000,0.0013452685421994886,,NN5,8,64,R,2,6013,
CS,RRM,-1,"[1000, 250, 500, 10]",0.0009318492404741445,0.0005647003362711301,0.0003645889042030145,2.251261935615472e-06,0.000362337642267399,2.56e-06,4.314708093451972e-05,0.016282588565612342,0.0012092313600000001,0.00044169653998474447,0.017976663546531605,0.0055389042,0.023515567746531605,553890420.0,28.0,13.0,500.0,999.0,99072000.0,867168.0,6020,2,0.0004992932394239597,1000,0.0006493506493506494,,NN5,8,64,R,2,6013,
CS,ORRM,128,"[1000, 256, 500, 10]",0.0009316833747590231,0.0005647346429117552,0.00036438873184726784,2.249946845827589e-06,0.00036213878500144023,2.56e-06,4.3799767586143144e-05,0.016661657050471797,0.0012275682508800002,0.0004416179196357769,0.018374642988573716,0.0055408242,0.023915467188573715,554082420.0,28.0,13.0,500.0,999.0,100570112.0,931232.0,5468,4,0.0007108472058262671,1000,0.0010179028132992326,,NN5,8,64,R,,,
CS_Er,ORRM,-1,"[1000, 250, 500, 10]",0.0009317449167128436,0.0005647003362711301,0.00036448458044171345,2.2504764121851257e-06,0.00036223410402952833,2.56e-06,4.314476726859952e-05,0.016281450446905026,0.0012091686912,0.00044164709052188787,0.017975410995895516,0.0055389042,0.023514315195895516,553890420.0,28.0,13.0,500.0,999.0,99066880.0,867168.0,5980,4,0.0004992930805540524,1000,0.0007012987012987013,,NN5,8,64,R,,,
CSE,FM,-1,"[68, 42, 87, 5]",0.0022370729542497535,0.0021033435378253144,0.00013116941642443933,3.0714568227926615e-06,0.00012809795960164666,2.56e-06,7.835011967208752e-06,0.0002408859002627465,0.00021615962112000003,0.001060372580314383,0.0015252531136643382,0.0054377042,0.006962957313664338,543770420.0,5.0,4.0,86.0,86.0,17938688.0,3036952.0,442,8,0.0022345129542497536,87,0.013483636363636364,,NN5,8,64,R,,,
BESTFIXE,FM,-1,"[56, 56, 56, 10]",0.0022459133326995016,0.0021267904200845352,0.00011656291261496647,2.129691601600873e-06,0.00011443322101336559,2.56e-06,9.005701610415068e-06,0.00025470335848938965,0.00024983470080000006,0.0010645629196995637,0.0015781066805993684,0.005441304199999999,0.007019410880599368,544130420.0,3.0,3.0,55.0,55.0,20689920.0,2935720.0,204,8,0.0022433533326995016,56,0.017875,,NN5,8,64,R,,,56
MAX,FM,-1,"[1000, 1000, 1000, 10]",0.0015504300165893534,0.0004588507831016868,0.0010890192334876666,2.5524262687559594e-06,0.0010864668072189105,2.56e-06,0.0001404982728847437,0.07161641618256498,0.0039478265856,0.0007349038278633535,0.07643964486891308,0.0058189042,0.08225854906891308,581890420.0,48.0,33.0,500.0,999.0,322813440.0,1059096.0,3980,8,0.0015478700165893534,1000,0.001,,NN5,8,64,R,,,
F200,FM,-1,"[200, 200, 200, 10]",0.0011978422586332964,0.0008836627638703679,0.0003116194947629285,2.4743699311200308e-06,0.00030914512483180845,2.56e-06,2.9068394270891356e-05,0.0029551061479398144,0.000814261248,0.0005677772305921825,0.004366213020802888,0.0054989042,0.009865117220802888,549890420.0,12.0,9.0,199.0,199.0,66803200.0,1448760.0,780,8,0.0011952822586332962,200,0.005,,NN5,8,64,R,,,
BESTFIX,FM,-1,"[250, 250, 250, 10]",0.0010650721763609794,0.0007510417974415267,0.0003114703789194527,2.011576715264484e-06,0.00030945880220418825,2.56e-06,3.603279523462738e-05,0.004581918243479518,0.0010101325824,0.0005048442115951042,0.0061329278327092495,0.0055189042,0.01165183203270925,551890420.0,12.0,9.0,249.0,249.0,82805760.0,1351344.0,980,8,0.0010625121763609795,250,0.004,,NN5,8,64,R,,,250
MAX,RRM,-1,"[1000, 1000, 1000, 10]",0.0015504300165893534,0.0004588507831016868,0.0010890192334876666,2.5524262687559594e-06,0.0010864668072189105,2.56e-06,0.0001404982728847437,0.07161641618256498,0.0039478265856,0.0007349038278633535,0.07643964486891308,0.0058189042,0.08225854906891308,581890420.0,48.0,33.0,500.0,999.0,322813440.0,1059096.0,3980,8,0.0015478700165893534,1000,0.001,,NN5,8,64,R,,,
F200,RRM,-1,"[200, 200, 200, 10]",0.001199414352459698,0.0008836627638703679,0.00031319158858933,2.481854468973215e-06,0.0003107097341203568,2.56e-06,2.9215453118175163e-05,0.002984959587540182,0.0008183347200000001,0.0005685224030658968,0.004401032163724254,0.0054989042,0.009899936363724254,549890420.0,12.0,9.0,399.0,200.0,67136000.0,832720.0,2420,2,0.000493808328282808,610,0.0,,NN5,8,64,R,,,
BESTFIX,RRM,-1,"[250, 250, 250, 10]",0.0010663411841421518,0.0007510417974415267,0.00031273938670062516,2.024798221990981e-06,0.00031071458847863417,2.56e-06,3.6179972691429694e-05,0.0046190886447871025,0.0010141747200000002,0.0005054457212833799,0.006174889058761912,0.0055189042,0.011693793258761912,551890420.0,12.0,9.0,499.0,250.0,83136000.0,768576.0,3020,2,0.0004396770886761558,760,0.0,,NN5,8,64,R,,,250
MAX,ORRM,-1,"[1000, 1000, 1000, 10]",0.0015504299283282937,0.0004588507831016868,0.0010890191452266069,2.55233800769637e-06,0.0010864668072189105,2.56e-06,0.00014049826529429255,0.07161641614228688,0.0039478265856,0.0007349037860276111,0.07643964477920878,0.0058189042,0.08225854897920878,581890420.0,48.0,33.0,500.0,999.0,322813440.0,1059096.0,3980,8,0.0015478699283282937,1000,0.001,,NN5,8,64,R,,,
F200,ORRM,-1,"[200, 200, 200, 10]",0.001199414352459698,0.0008836627638703679,0.00031319158858933,2.481854468973215e-06,0.0003107097341203568,2.56e-06,2.9215453118175163e-05,0.002984959587540182,0.0008183347200000001,0.0005685224030658968,0.004401032163724254,0.0054989042,0.009899936363724254,549890420.0,12.0,9.0,399.0,200.0,67136000.0,832720.0,2420,2,0.000493808328282808,610,0.0,,NN5,8,64,R,,,
BESTFIX,ORRM,-1,"[250, 250, 250, 10]",0.0010663411841421518,0.0007510417974415267,0.00031273938670062516,2.024798221990981e-06,0.00031071458847863417,2.56e-06,3.6179972691429694e-05,0.0046190886447871025,0.0010141747200000002,0.0005054457212833799,0.006174889058761912,0.0055189042,0.011693793258761912,551890420.0,12.0,9.0,499.0,250.0,83136000.0,768576.0,3020,2,0.0004396770886761558,760,0.0,,NN5,8,64,R,,,250
RI,FM,-1,"[1000, 62, 133, 8]",0.0038244025199562787,0.0024202996330857976,0.0013989828868704816,3.14500257540168e-05,0.0013675328611164647,5.12e-06,2.344377970575629e-05,0.007402964535686559,0.00065199218688,0.001812766794459276,0.009891167296731592,0.010654588199999999,0.020545755496731592,1065458820.0,150.0,26.0,500.0,999.0,53824512.0,2755456.0,4268,8,0.0038192825199562792,1000,0.00362227602905569,"[6276.23599159737, 62.491063663094685, 132.60171355072058, 8.150067515110983]",NN5,16,8,R,,,
CS,FM,-1,"[1000, 72, 160, 5]",0.00363192968178041,0.0020472176682230056,0.001579592013557404,3.1090123334543264e-05,0.0015485018902228608,5.12e-06,2.650531411098615e-05,0.008602874253768756,0.00073829182464,0.0017215346691639142,0.011089206061683657,0.010663388199999999,0.021752594261683654,1066338820.0,154.0,30.0,500.0,999.0,60875136.0,2610232.0,4342,8,0.003626809681780409,1000,0.0030192307692307693,,NN5,16,8,R,2,6013,
CS,RRM,-1,"[1000, 72, 160, 5]",0.003635829978195001,0.0020472176682230056,0.0015834923099719948,3.1096725261800555e-05,0.0015523955847101944,5.12e-06,2.6568225395263435e-05,0.008608147826051864,0.0007400543846400002,0.0017233834096644304,0.011098153845751559,0.010663388199999999,0.021761542045751557,1066338820.0,154.0,30.0,500.0,999.0,61019136.0,2088192.0,4650,2,0.0021756818197042494,1000,0.0006153846153846154,,NN5,16,8,R,2,6013,
CS,ORRM,32,"[1000, 72, 160, 5]",0.003633750272592251,0.0020472176682230056,0.0015814126043692455,3.109330073268848e-05,0.001550319303636557,5.12e-06,2.6536628272949824e-05,0.00860517977665829,0.00073916918784,0.0017223976292087269,0.011093283221979968,0.010663388199999999,0.021756671421979967,1066338820.0,154.0,30.0,500.0,999.0,60946816.0,2288392.0,4502,4,0.003186945928064973,1000,0.0018226495726495727,,NN5,16,8,R,,,
CS_Er,ORRM,-1,"[1000, 72, 160, 5]",0.0036351819926303455,0.0020472176682230056,0.0015828443244073399,3.109584265120466e-05,0.0015517484817561351,5.12e-06,2.6561253857605047e-05,0.008607008349652208,0.00073985854464,0.0017230762645067837,0.011096504412656595,0.010663388199999999,0.021759892612656595,1066338820.0,154.0,30.0,500.0,999.0,61003136.0,2088192.0,4630,4,0.0021756818197042494,1000,0.0008824786324786325,,NN5,16,8,R,,,
CSE,FM,-1,"[71, 40, 64, 5]",0.005063533005381184,0.004212674327773097,0.0008457386776080858,2.9539893549470536e-05,0.0008161987840586153,5.12e-06,1.3886245634159621e-05,0.0004332032936323251,0.00038395302912000006,0.002400114644550681,0.003231157212937166,0.0106275482,0.013858705412937166,1062754820.0,22.0,14.0,70.0,70.0,31925888.0,3805088.0,370,8,0.005058413005381181,71,0.014668032786885245,,NN5,16,8,R,,,
BESTFIXE,FM,-1,"[48, 48, 48, 10]",0.00550654859372414,0.004508956949491885,0.0009924716442322556,2.9313813393083697e-05,0.0009631578308391718,5.12e-06,1.5762887958027947e-05,0.00038180423374942923,0.00043681259520000004,0.0026101040334252424,0.0034444837503326995,0.010633308199999999,0.014077791950332697,1063330820.0,18.0,14.0,47.0,47.0,36244480.0,3917176.0,172,8,0.00550142859372414,48,0.02085714285714286,,NN5,16,8,R,,,48
MAX,FM,-1,"[1000, 1000, 1000, 10]",0.017259880606651845,0.0008493583386327125,0.01640540226801913,3.44760610212078e-05,0.016370926206997923,5.12e-06,0.0002808385316109564,0.14316668130415444,0.0078956531712,0.008181183407552974,0.15952435641451837,0.0113949082,0.17091926461451837,1139490820.0,375.0,252.0,500.0,999.0,645626880.0,1957336.0,3980,8,0.017254760606651844,1000,0.001,,NN5,16,8,R,,,
F200,FM,-1,"[200, 200, 200, 10]",0.005065864021747964,0.0016049793364674952,0.003455764685280469,3.000199398710063e-05,0.0034257626912933686,5.12e-06,5.8110142487240415e-05,0.005907989687542246,0.001628522496,0.002401219546308535,0.009995841872338021,0.0107549082,0.020750750072338023,1075490820.0,75.0,52.0,199.0,199.0,133606400.0,2349304.0,780,8,0.005060744021747964,200,0.005,,NN5,16,8,R,,,
BESTFIX,FM,-1,"[112, 112, 112, 10]",0.0045405068537125864,0.0025046711267101805,0.0020307157270024055,2.9591161351026458e-05,0.002001124565651379,5.12e-06,3.3604652541900274e-05,0.0019087540804750684,0.0009389150208,0.002152200248659766,0.0050334740024767346,0.0106845082,0.015717982202476735,1068450820.0,42.0,30.0,111.0,111.0,77265920.0,2741272.0,428,8,0.004535386853712586,112,0.008933333333333333,,NN5,16,8,R,,,112
MAX,RRM,-1,"[1000, 1000, 1000, 10]",0.017259880606651845,0.0008493583386327125,0.01640540226801913,3.44760610212078e-05,0.016370926206997923,5.12e-06,0.0002808385316109564,0.14316668130415444,0.0078956531712,0.008181183407552974,0.15952435641451837,0.0113949082,0.17091926461451837,1139490820.0,375.0,252.0,500.0,999.0,645626880.0,1957336.0,3980,8,0.017254760606651844,1000,0.001,,NN5,16,8,R,,,
F200,RRM,-1,"[200, 200, 200, 10]",0.005083210667005111,0.0016049793364674952,0.003473111330537616,3.0070413960494357e-05,0.0034430409165771216,5.12e-06,5.840182508918271e-05,0.005967439443667966,0.0016366694400000003,0.0024094418561604225,0.010071952564917571,0.0107549082,0.02082686076491757,1075490820.0,75.0,52.0,399.0,200.0,134272000.0,1345360.0,2420,2,0.0031186277495865735,610,0.0,,NN5,16,8,R,,,
BESTFIX,RRM,-1,"[112, 112, 112, 10]",0.004558589819196395,0.0025046711267101805,0.002048798692486214,2.961313835486423e-05,0.0020191855541313495,5.12e-06,3.390365773409409e-05,0.0019430341066004244,0.0009473126400000001,0.002160771574299091,0.00508502197863361,0.0106845082,0.01576953017863361,1068450820.0,42.0,30.0,223.0,112.0,77952000.0,1602448.0,1364,2,0.0022372783744801497,346,0.0,,NN5,16,8,R,,,112
MAX,ORRM,-1,"[1000, 1000, 1000, 10]",0.017259880606651845,0.0008493583386327125,0.01640540226801913,3.44760610212078e-05,0.016370926206997923,5.12e-06,0.0002808385316109564,0.14316668130415444,0.0078956531712,0.008181183407552974,0.15952435641451837,0.0113949082,0.17091926461451837,1139490820.0,375.0,252.0,500.0,999.0,645626880.0,1957336.0,3980,8,0.017254760606651844,1000,0.001,,NN5,16,8,R,,,
F200,ORRM,-1,"[200, 200, 200, 10]",0.005083210667005111,0.0016049793364674952,0.003473111330537616,3.0070413960494357e-05,0.0034430409165771216,5.12e-06,5.840182508918271e-05,0.005967439443667966,0.0016366694400000003,0.0024094418561604225,0.010071952564917571,0.0107549082,0.02082686076491757,1075490820.0,75.0,52.0,399.0,200.0,134272000.0,1345360.0,2420,2,0.0031186277495865735,610,0.0,,NN5,16,8,R,,,
BESTFIX,ORRM,-1,"[112, 112, 112, 10]",0.004558589819196395,0.0025046711267101805,0.002048798692486214,2.961313835486423e-05,0.0020191855541313495,5.12e-06,3.390365773409409e-05,0.0019430341066004244,0.0009473126400000001,0.002160771574299091,0.00508502197863361,0.0106845082,0.01576953017863361,1068450820.0,42.0,30.0,223.0,112.0,77952000.0,1602448.0,1364,2,0.0022372783744801497,346,0.0,,NN5,16,8,R,,,112
RI,FM,-1,"[1000, 1000, 1000, 10]",0.0009103996397101699,0.0008507950187499001,5.4484620960269914e-05,3.44760610212078e-05,2.000855993906211e-05,5.12e-06,9.366080815449711e-07,0.000351606833566008,0.0038152697856,0.00043152942922262055,0.0045993426564701735,0.013323548199999998,0.017922890856470173,1332354820.0,375.0,252.0,500.0,999.0,1793280.0,1509656.0,3980,8,0.00090527963971017,1000,0.001,"[6869.428438843285, 4514.924288770891, 4398.124267356605, 753.515022337902]",NN5,16,8,T,,,
CS,FM,-1,"[1000, 1000, 1000, 10]",0.0009103996397101699,0.0008507950187499001,5.4484620960269914e-05,3.44760610212078e-05,2.000855993906211e-05,5.12e-06,9.366080815449711e-07,0.000351606833566008,0.0038152697856,0.00043152942922262055,0.0045993426564701735,0.013323548199999998,0.017922890856470173,1332354820.0,375.0,252.0,500.0,999.0,1793280.0,1509656.0,3980,8,0.00090527963971017,1000,0.001,,NN5,16,8,T,1,3007,
CS,RRM,-1,"[1000, 1000, 1000, 10]",0.0009103996397101699,0.0008507950187499001,5.4484620960269914e-05,3.44760610212078e-05,2.000855993906211e-05,5.12e-06,9.366080815449711e-07,0.000351606833566008,0.0038152697856,0.00043152942922262055,0.0045993426564701735,0.013323548199999998,0.017922890856470173,1332354820.0,375.0,252.0,500.0,999.0,1793280.0,1509656.0,3980,8,0.00090527963971017,1000,0.001,,NN5,16,8,T,1,3007,
CS,ORRM,-1,"[1000, 1000, 1000, 10]",0.0009103996397101699,0.0008507950187499001,5.4484620960269914e-05,3.44760610212078e-05,2.000855993906211e-05,5.12e-06,9.366080815449711e-07,0.000351606833566008,0.0038152697856,0.00043152942922262055,0.0045993426564701735,0.013323548199999998,0.017922890856470173,1332354820.0,375.0,252.0,500.0,999.0,1793280.0,1509656.0,3980,8,0.00090527963971017,1000,0.001,,NN5,16,8,T,,,
CS_Er,ORRM,-1,"[1000, 1000, 1000, 10]",0.0009103996397101699,0.0008507950187499001,5.4484620960269914e-05,3.44760610212078e-05,2.000855993906211e-05,5.12e-06,9.366080815449711e-07,0.000351606833566008,0.0038152697856,0.00043152942922262055,0.0045993426564701735,0.013323548199999998,0.017922890856470173,1332354820.0,375.0,252.0,500.0,999.0,1793280.0,1509656.0,3980,8,0.00090527963971017,1000,0.001,,NN5,16,8,T,,,
CSE,FM,-1,"[286, 100, 286, 10]",0.0018262843316577098,0.0017736040953596963,4.756023629801372e-05,3.0477462477835054e-05,1.7082773820178667e-05,5.12e-06,8.080280907999564e-07,4.2087223776168926e-05,0.0005455202303999999,0.0008656587732057545,0.0014540742554727233,0.013323548199999998,0.014777622455472723,1332354820.0,85.0,51.0,285.0,285.0,1793280.0,2491624.0,1868,8,0.00182116433165771,286,0.0034986225895316803,,NN5,16,8,T,,,
BESTFIXE,FM,-1,"[167, 167, 167, 10]",0.0018450748010711766,0.0017930770971527272,4.687770391844958e-05,3.002960683796474e-05,1.6848097080484844e-05,5.12e-06,8.011710619597307e-07,5.021385912875755e-05,0.0006559675391999999,0.0008745654557077376,0.001581548025098455,0.013323548199999998,0.014905096225098453,1332354820.0,63.0,44.0,166.0,166.0,1793280.0,2350696.0,648,8,0.0018399548010711768,167,0.005988571428571428,,NN5,16,8,T,,,167
MAX,FM,-1,"[1000, 1000, 1000, 10]",0.0009103996397101699,0.0008507950187499001,5.4484620960269914e-05,3.44760610212078e-05,2.000855993906211e-05,5.12e-06,9.366080815449711e-07,0.000351606833566008,0.0038152697856,0.00043152942922262055,0.0045993426564701735,0.013323548199999998,0.017922890856470173,1332354820.0,375.0,252.0,500.0,999.0,1793280.0,1509656.0,3980,8,0.00090527963971017,1000,0.001,,NN5,16,8,T,,,
F200,FM,-1,"[200, 200, 200, 10]",0.0017036611640380876,0.001651689419934089,4.685174410399846e-05,3.000199398710063e-05,1.684975011689783e-05,5.12e-06,8.05357781358066e-07,6.023630871871745e-05,0.0007811381247999999,0.0008075353917540534,0.0016497151830541287,0.013323548199999998,0.014973263383054127,1332354820.0,75.0,52.0,199.0,199.0,1793280.0,2158904.0,780,8,0.0016985411640380874,200,0.005,,NN5,16,8,T,,,
BESTFIX,FM,-1,"[1000, 1000, 1000, 10]",0.0009103996397101699,0.0008507950187499001,5.4484620960269914e-05,3.44760610212078e-05,2.000855993906211e-05,5.12e-06,9.366080815449711e-07,0.000351606833566008,0.0038152697856,0.00043152942922262055,0.0045993426564701735,0.013323548199999998,0.017922890856470173,1332354820.0,375.0,252.0,500.0,999.0,1793280.0,1509656.0,3980,8,0.00090527963971017,1000,0.001,,NN5,16,8,T,,,1000
MAX,RRM,-1,"[1000, 1000, 1000, 10]",0.0009103996397101699,0.0008507950187499001,5.4484620960269914e-05,3.44760610212078e-05,2.000855993906211e-05,5.12e-06,9.366080815449711e-07,0.000351606833566008,0.0038152697856,0.00043152942922262055,0.0045993426564701735,0.013323548199999998,0.017922890856470173,1332354820.0,375.0,252.0,500.0,999.0,1793280.0,1509656.0,3980,8,0.00090527963971017,1000,0.001,,NN5,16,8,T,,,
F200,RRM,-1,"[200, 200, 200, 10]",0.0017037960445893522,0.001651689419934089,4.6986624655263035e-05,3.0070413960494357e-05,1.6916210694768675e-05,5.12e-06,8.07675677418013e-07,6.077099583267324e-05,0.0007850064895999999,0.0008075993251353529,0.001654184486245444,0.013323548199999998,0.014977732686245443,1332354820.0,75.0,52.0,399.0,200.0,1793280.0,1505360.0,2420,2,0.0006078990263486215,610,0.0,,NN5,16,8,T,,,
BESTFIX,RRM,-1,"[1000, 1000, 1000, 10]",0.0009103996397101699,0.0008507950187499001,5.4484620960269914e-05,3.44760610212078e-05,2.000855993906211e-05,5.12e-06,9.366080815449711e-07,0.000351606833566008,0.0038152697856,0.00043152942922262055,0.0045993426564701735,0.013323548199999998,0.017922890856470173,1332354820.0,375.0,252.0,500.0,999.0,1793280.0,1509656.0,3980,8,0.00090527963971017,1000,0.001,,NN5,16,8,T,,,1000
MAX,ORRM,-1,"[1000, 1000, 1000, 10]",0.0009103996397101699,0.0008507950187499001,5.4484620960269914e-05,3.44760610212078e-05,2.000855993906211e-05,5.12e-06,9.366080815449711e-07,0.000351606833566008,0.0038152697856,0.00043152942922262055,0.0045993426564701735,0.013323548199999998,0.017922890856470173,1332354820.0,375.0,252.0,500.0,999.0,1793280.0,1509656.0,3980,8,0.00090527963971017,1000,0.001,,NN5,16,8,T,,,
F200,ORRM,-1,"[200, 200, 200, 10]",0.0017037960445893522,0.001651689419934089,4.6986624655263035e-05,3.0070413960494357e-05,1.6916210694768675e-05,5.12e-06,8.07675677418013e-07,6.077099583267324e-05,0.0007850064895999999,0.0008075993251353529,0.001654184486245444,0.013323548199999998,0.014977732686245443,1332354820.0,75.0,52.0,399.0,200.0,1793280.0,1505360.0,2420,2,0.0006078990263486215,610,0.0,,NN5,16,8,T,,,
BESTFIX,ORRM,-1,"[1000, 1000, 1000, 10]",0.0009103996397101699,0.0008507950187499001,5.4484620960269914e-05,3.44760610212078e-05,2.000855993906211e-05,5.12e-06,9.366080815449711e-07,0.000351606833566008,0.0038152697856,0.00043152942922262055,0.0045993426564701735,0.013323548199999998,0.017922890856470173,1332354820.0,375.0,252.0,500.0,999.0,1793280.0,1509656.0,3980,8,0.00090527963971017,1000,0.001,,NN5,16,8,T,,,1000
RI,FM,-1,"[1000, 1000, 1000, 10]",0.0008629224875316844,0.0008507950187499001,7.007468781784401e-06,4.415955680520664e-06,2.5915131012637373e-06,5.12e-06,9.371187670966418e-07,0.00035160969470613546,0.0038152697856,0.0004090252590900184,0.00457684185816325,0.013323548199999998,0.017900390058163247,1332354820.0,48.0,33.0,500.0,999.0,1793280.0,1509656.0,3980,8,0.0008578024875316845,1000,0.001,"[19429.67772792722, 12770.134324534989, 12439.773975795886, 2131.262328084253]",NN5,16,64,T,,,
CS,FM,-1,"[1000, 1000, 1000, 10]",0.0008629224875316844,0.0008507950187499001,7.007468781784401e-06,4.415955680520664e-06,2.5915131012637373e-06,5.12e-06,9.371187670966418e-07,0.00035160969470613546,0.0038152697856,0.0004090252590900184,0.00457684185816325,0.013323548199999998,0.017900390058163247,1332354820.0,48.0,33.0,500.0,999.0,1793280.0,1509656.0,3980,8,0.0008578024875316845,1000,0.001,,NN5,16,64,T,1,3007,
CS,RRM,-1,"[1000, 1000, 1000, 10]",0.0008629224875316844,0.0008507950187499001,7.007468781784401e-06,4.415955680520664e-06,2.5915131012637373e-06,5.12e-06,9.371187670966418e-07,0.00035160969470613546,0.0038152697856,0.0004090252590900184,0.00457684185816325,0.013323548199999998,0.017900390058163247,1332354820.0,48.0,33.0,500.0,999.0,1793280.0,1509656.0,3980,8,0.0008578024875316845,1000,0.001,,NN5,16,64,T,1,3007,
CS,ORRM,-1,"[1000, 1000, 1000, 10]",0.0008629223992706248,0.0008507950187499001,7.0073805207248125e-06,4.415867419461076e-06,2.5915131012637373e-06,5.12e-06,9.371111766455171e-07,0.00035160965442802437,0.0038152697856,0.00040902521725427613,0.004576841768458946,0.013323548199999998,0.017900389968458944,1332354820.0,48.0,33.0,500.0,999.0,1793280.0,1509656.0,3980,8,0.000857802399270625,1000,0.001,,NN5,16,64,T,,,
CS_Er,ORRM,-1,"[1000, 1000, 1000, 10]",0.0008629223992706248,0.0008507950187499001,7.0073805207248125e-06,4.415867419461076e-06,2.5915131012637373e-06,5.12e-06,9.371111766455171e-07,0.00035160965442802437,0.0038152697856,0.00040902521725427613,0.004576841768458946,0.013323548199999998,0.017900389968458944,1332354820.0,48.0,33.0,500.0,999.0,1793280.0,1509656.0,3980,8,0.000857802399270625,1000,0.001,,NN5,16,64,T,,,
CSE,FM,-1,"[286, 100, 286, 10]",0.0017854688001236363,0.0017736040953596963,6.74470476394e-06,4.2892767307237675e-06,2.4554280332162324e-06,5.12e-06,8.085354365531306e-07,4.211506137296878e-05,0.0005455202303999999,0.0008463122112586036,0.0014347560384681255,0.013323548199999998,0.014758304238468124,1332354820.0,12.0,8.0,285.0,285.0,1793280.0,2491624.0,1868,8,0.0017803488001236364,286,0.0034986225895316803,,NN5,16,64,T,,,
BESTFIXE,FM,-1,"[167, 167, 167, 10]",0.001804935556169402,0.0017930770971527272,6.738459016674716e-06,4.29947975310934e-06,2.4389792635653764e-06,5.12e-06,8.027094569738199e-07,5.030762622289727e-05,0.0006559675391999999,0.0008555394536242964,0.0015626173285041675,0.013323548199999998,0.014886165528504166,1332354820.0,9.0,7.0,166.0,166.0,1793280.0,2350696.0,648,8,0.0017998155561694017,167,0.005988571428571428,,NN5,16,64,T,,,167
MAX,FM,-1,"[1000, 1000, 1000, 10]",0.0008629224875316844,0.0008507950187499001,7.007468781784401e-06,4.415955680520664e-06,2.5915131012637373e-06,5.12e-06,9.371187670966418e-07,0.00035160969470613546,0.0038152697856,0.0004090252590900184,0.00457684185816325,0.013323548199999998,0.017900390058163247,1332354820.0,48.0,33.0,500.0,999.0,1793280.0,1509656.0,3980,8,0.0008578024875316845,1000,0.001,,NN5,16,64,T,,,
F200,FM,-1,"[200, 200, 200, 10]",0.0016643371499911353,0.001651689419934089,7.527730057046174e-06,4.803781695825913e-06,2.7239483612202615e-06,5.12e-06,8.058095650090076e-07,6.02725980574612e-05,0.0007811381247999999,0.0007888958090957981,0.0016311123415182682,0.013323548199999998,0.014954660541518266,1332354820.0,12.0,9.0,199.0,199.0,1793280.0,2158904.0,780,8,0.0016592171499911353,200,0.005,,NN5,16,64,T,,,
BESTFIX,FM,-1,"[1000, 1000, 1000, 10]",0.0008629224875316844,0.0008507950187499001,7.007468781784401e-06,4.415955680520664e-06,2.5915131012637373e-06,5.12e-06,9.371187670966418e-07,0.00035160969470613546,0.0038152697856,0.0004090252590900184,0.00457684185816325,0.013323548199999998,0.017900390058163247,1332354820.0,48.0,33.0,500.0,999.0,1793280.0,1509656.0,3980,8,0.0008578024875316845,1000,0.001,,NN5,16,64,T,,,1000
MAX,RRM,-1,"[1000, 1000, 1000, 10]",0.0008629224875316844,0.0008507950187499001,7.007468781784401e-06,4.415955680520664e-06,2.5915131012637373e-06,5.12e-06,9.371187670966418e-07,0.00035160969470613546,0.0038152697856,0.0004090252590900184,0.00457684185816325,0.013323548199999998,0.017900390058163247,1332354820.0,48.0,33.0,500.0,999.0,1793280.0,1509656.0,3980,8,0.0008578024875316845,1000,0.001,,NN5,16,64,T,,,
F200,RRM,-1,"[200, 200, 200, 10]",0.0016643563026410662,0.001651689419934089,7.546882706977081e-06,4.811266233679097e-06,2.7356164732979845e-06,5.12e-06,8.081860593516371e-07,6.081344911665236e-05,0.0007850064895999999,0.0007889048874518654,0.001635533012227869,0.013323548199999998,0.014959081212227868,1332354820.0,12.0,9.0,399.0,200.0,1793280.0,1505360.0,2420,2,0.0006019081881099891,610,0.0,,NN5,16,64,T,,,
BESTFIX,RRM,-1,"[1000, 1000, 1000, 10]",0.0008629224875316844,0.0008507950187499001,7.007468781784401e-06,4.415955680520664e-06,2.5915131012637373e-06,5.12e-06,9.371187670966418e-07,0.00035160969470613546,0.0038152697856,0.0004090252590900184,0.00457684185816325,0.013323548199999998,0.017900390058163247,1332354820.0,48.0,33.0,500.0,999.0,1793280.0,1509656.0,3980,8,0.0008578024875316845,1000,0.001,,NN5,16,64,T,,,1000
MAX,ORRM,-1,"[1000, 1000, 1000, 10]",0.0008629223992706248,0.0008507950187499001,7.0073805207248125e-06,4.415867419461076e-06,2.5915131012637373e-06,5.12e-06,9.371111766455171e-07,0.00035160965442802437,0.0038152697856,0.00040902521725427613,0.004576841768458946,0.013323548199999998,0.017900389968458944,1332354820.0,48.0,33.0,500.0,999.0,1793280.0,1509656.0,3980,8,0.000857802399270625,1000,0.001,,NN5,16,64,T,,,
F200,ORRM,-1,"[200, 200, 200, 10]",0.0016643563026410662,0.001651689419934089,7.546882706977081e-06,4.811266233679097e-06,2.7356164732979845e-06,5.12e-06,8.081860593516371e-07,6.081344911665236e-05,0.0007850064895999999,0.0007889048874518654,0.001635533012227869,0.013323548199999998,0.014959081212227868,1332354820.0,12.0,9.0,399.0,200.0,1793280.0,1505360.0,2420,2,0.0006019081881099891,610,0.0,,NN5,16,64,T,,,
BESTFIX,ORRM,-1,"[1000, 1000, 1000, 10]",0.0008629223992706248,0.0008507950187499001,7.0073805207248125e-06,4.415867419461076e-06,2.5915131012637373e-06,5.12e-06,9.371111766455171e-07,0.00035160965442802437,0.0038152697856,0.00040902521725427613,0.004576841768458946,0.013323548199999998,0.017900389968458944,1332354820.0,48.0,33.0,500.0,999.0,1793280.0,1509656.0,3980,8,0.000857802399270625,1000,0.001,,NN5,16,64,T,,,1000
RI,FM,-1,"[1000, 177, 375, 10]",0.0017928103124582877,0.0012149362277366423,0.0005727540847216455,4.087170295462124e-06,0.0005686669144261833,5.12e-06,6.296972952988251e-05,0.022433320070930223,0.0017638589030399999,0.0008497920881052283,0.025109940791605338,0.010768188199999999,0.035878128991605335,1076818820.0,25.0,10.0,500.0,999.0,144663296.0,2174968.0,4772,8,0.0017876903124582875,1000,0.0016188780053428317,"[17751.876119942302, 176.751419518938, 375.0542833946825, 23.051872028252685]",NN5,16,64,R,,,
CS,FM,-1,"[1000, 167, 445, 10]",0.0017851363953174874,0.001181323048896886,0.0005986933464206015,4.103080672649484e-06,0.000594590265747952,5.12e-06,6.464217330656424e-05,0.021606629308660936,0.00181095450624,0.0008461546513804889,0.02432838063958799,0.0107729882,0.03510136883958799,1077298820.0,26.0,11.0,500.0,999.0,148510976.0,2158696.0,5092,8,0.0017800163953174874,1000,0.0015247181266261926,,NN5,16,64,R,2,6013,
CS,RRM,-1,"[1000, 167, 445, 10]",0.0017856914869280585,0.001181323048896886,0.0005992484380311725,4.106566984503267e-06,0.0005951418710466692,5.12e-06,6.469143807237388e-05,0.02161749301158219,0.00181266223104,0.0008464177648038997,0.024341264445498462,0.0107729882,0.03511425264549846,1077298820.0,26.0,11.0,500.0,999.0,148650496.0,1574016.0,5800,2,0.0009868567115717483,1000,0.0005793581960104076,,NN5,16,64,R,2,6013,
CS,ORRM,64,"[1000, 167, 445, 10]",0.0017853504355908306,0.001181323048896886,0.0005989073866939445,4.105022415960452e-06,0.000594802364277984,5.12e-06,6.466861926331273e-05,0.021611945281080007,0.0018119305728000001,0.0008462561064700537,0.024334800579613375,0.0107729882,0.035107788779613375,1077298820.0,26.0,11.0,500.0,999.0,148590720.0,1646088.0,5504,4,0.001375363575623414,1000,0.00098438855160451,,NN5,16,64,R,,,
CS_Er,ORRM,-1,"[1000, 167, 445, 10]",0.001785483598450569,0.001181323048896886,0.000599040549553683,4.105825591602716e-06,0.0005949347239620803,5.12e-06,6.468690118075862e-05,0.021615342876540086,0.0018125290598400001,0.0008463192256655697,0.02433887806322642,0.0107729882,0.03511186626322642,1077298820.0,26.0,11.0,500.0,999.0,148639616.0,1574016.0,5760,4,0.000986856588006265,1000,0.0006530789245446661,,NN5,16,64,R,,,
CSE,FM,-1,"[71, 39, 80, 5]",0.004354401790293166,0.004086914920984235,0.00026236686930893174,6.24194797092123e-06,0.0002561249213380105,5.12e-06,1.4621583276927298e-05,0.0004523476219056724,0.00040294324224,0.0020639864485989604,0.00293389889602156,0.010629468199999999,0.013563367096021559,1062946820.0,5.0,4.0,79.0,79.0,33477376.0,3765256.0,438,8,0.004349281790293167,80,0.0135078125,,NN5,16,64,R,,,
BESTFIXE,FM,-1,"[53, 53, 53, 10]",0.004393536287301827,0.0041553570629685324,0.00023305922433329451,4.459023931353124e-06,0.00022860020040194138,5.12e-06,1.7166637770392414e-05,0.00045937372730221434,0.0004761059328,0.002082536200181066,0.003035182498053673,0.010637308199999999,0.013672490698053673,1063730820.0,3.0,3.0,52.0,52.0,39454720.0,3721192.0,192,8,0.0043884162873018264,53,0.018885245901639345,,NN5,16,64,R,,,53
MAX,FM,-1,"[1000, 1000, 1000, 10]",0.003031332866238026,0.0008493583386327125,0.0021768545276053134,4.415955680520664e-06,0.0021724385719247927,5.12e-06,0.0002808390422965083,0.14316668416529435,0.0078956531712,0.0014368517785968242,0.15278002815738767,0.0113949082,0.16417493635738767,1139490820.0,48.0,33.0,500.0,999.0,645626880.0,1957336.0,3980,8,0.003026212866238026,1000,0.001,,NN5,16,64,R,,,
F200,FM,-1,"[200, 200, 200, 10]",0.0022330835371127764,0.0016049793364674952,0.0006229842006452815,4.803781695825913e-06,0.0006181804189494555,5.12e-06,5.811059427089136e-05,0.005908025976880991,0.001628522496,0.001058481596591456,0.008653140663743338,0.0107549082,0.019408048863743338,1075490820.0,12.0,9.0,199.0,199.0,133606400.0,2349304.0,780,8,0.0022279635371127765,200,0.005,,NN5,16,64,R,,,
BESTFIX,FM,-1,"[250, 250, 250, 10]",0.0020329922941806017,0.0014051925034964429,0.0006226797906841587,3.87510612702919e-06,0.0006188046845571294,5.12e-06,7.203199052874503e-05,0.00916033452263246,0.0020202651648,0.0009636383474416052,0.01221627002540281,0.0107949082,0.023011178225402808,1079490820.0,12.0,9.0,249.0,249.0,165611520.0,2251312.0,980,8,0.0020278722941806018,250,0.004,,NN5,16,64,R,,,250
MAX,RRM,-1,"[1000, 1000, 1000, 10]",0.003031332866238026,0.0008493583386327125,0.0021768545276053134,4.415955680520664e-06,0.0021724385719247927,5.12e-06,0.0002808390422965083,0.14316668416529435,0.0078956531712,0.0014368517785968242,0.15278002815738767,0.0113949082,0.16417493635738767,1139490820.0,48.0,33.0,500.0,999.0,645626880.0,1957336.0,3980,8,0.003026212866238026,1000,0.001,,NN5,16,64,R,,,
F200,RRM,-1,"[200, 200, 200, 10]",0.0022362085721156486,0.0016049793364674952,0.0006261092356481535,4.811266233679097e-06,0.0006212979694144744,5.12e-06,5.8402335471116334e-05,0.005967481896951945,0.0016366694400000003,0.0010599628631828173,0.008722516535605879,0.0107549082,0.01947742473560588,1075490820.0,12.0,9.0,399.0,200.0,134272000.0,1345360.0,2420,2,0.0009412369113479408,610,0.0,,NN5,16,64,R,,,
BESTFIX,RRM,-1,"[250, 250, 250, 10]",0.0020355036549029506,0.0014051925034964429,0.0006251911514065075,3.8883276337556875e-06,0.0006213028237727518,5.12e-06,7.232273739731205e-05,0.009234205071845927,0.0020283494400000004,0.0009648287324239986,0.012299705981667238,0.0107949082,0.023094614181667236,1079490820.0,12.0,9.0,499.0,250.0,166272000.0,1281088.0,3020,2,0.000886984666773128,760,0.0,,NN5,16,64,R,,,250
MAX,ORRM,-1,"[1000, 1000, 1000, 10]",0.003031332777976966,0.0008493583386327125,0.002176854439344254,4.415867419461076e-06,0.0021724385719247927,5.12e-06,0.0002808390347060572,0.14316668412501626,0.0078956531712,0.0014368517367610819,0.1527800280676834,0.0113949082,0.1641749362676834,1139490820.0,48.0,33.0,500.0,999.0,645626880.0,1957336.0,3980,8,0.003026212777976966,1000,0.001,,NN5,16,64,R,,,
F200,ORRM,-1,"[200, 200, 200, 10]",0.0022362085721156486,0.0016049793364674952,0.0006261092356481535,4.811266233679097e-06,0.0006212979694144744,5.12e-06,5.8402335471116334e-05,0.005967481896951945,0.0016366694400000003,0.0010599628631828173,0.008722516535605879,0.0107549082,0.01947742473560588,1075490820.0,12.0,9.0,399.0,200.0,134272000.0,1345360.0,2420,2,0.0009412369113479408,610,0.0,,NN5,16,64,R,,,
BESTFIX,ORRM,-1,"[250, 250, 250, 10]",0.0020355036549029506,0.0014051925034964429,0.0006251911514065075,3.8883276337556875e-06,0.0006213028237727518,5.12e-06,7.232273739731205e-05,0.009234205071845927,0.0020283494400000004,0.0009648287324239986,0.012299705981667238,0.0107949082,0.023094614181667236,1079490820.0,12.0,9.0,499.0,250.0,166272000.0,1281088.0,3020,2,0.000886984666773128,760,0.0,,NN5,16,64,R,,,250
RI,FM,-1,"[1000, 61, 127, 8]",0.008213993335604146,0.005460284408541434,0.0027434689270627115,6.0658504549986725e-05,0.0026828104225127248,1.024e-05,4.573316596137469e-05,0.014536737042927956,0.00127263744,0.0038934328410763653,0.019748540489965695,0.0210630762,0.04081161668996569,2106307620.0,149.0,25.0,500.0,999.0,105088000.0,4565960.0,4248,8,0.008203753335604146,1000,0.0037220843672456576,"[8667.369971463213, 60.51144566210435, 127.22488348227112, 8.423521031248393]",NN5,32,8,R,,,
CS,FM,-1,"[1000, 72, 144, 5]",0.007552206089284625,0.0044888633130310465,0.0030531027762535795,6.0182586870673193e-05,0.002992920189382906,1.024e-05,5.118711061080274e-05,0.017117747930880462,0.00142640160768,0.003579745686320912,0.022175082335492178,0.0210787562,0.04325383853549218,2107875620.0,152.0,28.0,500.0,999.0,117650432.0,4436112.0,4278,8,0.0075419660892846255,1000,0.00315929203539823,,NN5,32,8,R,2,6013,
CS,RRM,-1,"[1000, 72, 144, 5]",0.007560142673537723,0.0044888633130310465,0.0030610393605066764,6.018910053687089e-05,0.0030008502599698055,1.024e-05,5.1314270869431726e-05,0.017128286046158313,0.00142997372928,0.00358350762725688,0.022193081673564624,0.0210787562,0.043271837873564624,2107875620.0,152.0,28.0,500.0,999.0,117942272.0,3247360.0,4586,2,0.004584162186746372,1000,0.0006371681415929204,,NN5,32,8,R,2,6013,
CS,ORRM,32,"[1000, 72, 144, 5]",0.007555889503419755,0.0044888633130310465,0.003056786190388709,6.0185764268818405e-05,0.0029966004261198905,1.024e-05,5.125013145157402e-05,0.01712239013990871,0.00142817200128,0.003581491624620964,0.02218330389726125,0.0210787562,0.043262060097261246,2107875620.0,152.0,28.0,500.0,999.0,117795072.0,3471584.0,4438,4,0.006582955809914141,1000,0.00190929203539823,,NN5,32,8,R,,,
CS_Er,ORRM,-1,"[1000, 72, 144, 5]",0.007558744187998833,0.0044888633130310465,0.0030596408749677868,6.0188306187334575e-05,0.002999452568780452,1.024e-05,5.129923202633415e-05,0.017126038544524193,0.0014295507148800002,0.0035828447451114465,0.022189733236541973,0.0210787562,0.043268489436541976,2107875620.0,152.0,28.0,500.0,999.0,117907712.0,3247360.0,4566,4,0.004584162186746372,1000,0.0009358407079646017,,NN5,32,8,R,,,
CSE,FM,-1,"[69, 40, 72, 5]",0.010480870362950024,0.008726984284898773,0.001743646078051252,5.962666733911356e-05,0.0016840194107121385,1.024e-05,2.8654370864730355e-05,0.0008763097593616782,0.0007929077760000001,0.004967932552038311,0.0066658044582647204,0.021014756199999998,0.02768056065826472,2101475620.0,23.0,15.0,71.0,71.0,65894400.0,5479032.0,394,8,0.010470630362950026,72,0.014285714285714285,,NN5,32,8,R,,,
BESTFIXE,FM,-1,"[56, 56, 56, 10]",0.010569095614686833,0.008314139378280983,0.0022447162364058492,5.846510511835883e-05,0.0021862511312874906,1.024e-05,3.59859975619714e-05,0.001017936249533681,0.0009993388032000002,0.005009751321361559,0.0070630123716572115,0.021036516199999997,0.02809952857165721,2103651620.0,21.0,16.0,55.0,55.0,82759680.0,5439264.0,204,8,0.010558855614686833,56,0.017875,,NN5,32,8,R,,,56
MAX,FM,-1,"[1000, 1000, 1000, 10]",0.034515169728628635,0.00170326393119775,0.032801665797430886,6.35937080800314e-05,0.03273807208935085,1.024e-05,0.0005615200704344872,0.28626721726961324,0.0157913063424,0.016360190451369973,0.3189802341338177,0.0225469162,0.3415271503338177,2254691620.0,375.0,252.0,500.0,999.0,1291253760.0,3753816.0,3980,8,0.034504929728628626,1000,0.001,,NN5,32,8,R,,,
F200,FM,-1,"[200, 200, 200, 10]",0.010158081151554213,0.003237817642744331,0.006910023508809883,5.911964104592416e-05,0.006850903867763958,1.024e-05,0.00011619454248724042,0.011813829345424602,0.003257044992,0.004814930465836697,0.02000199934574854,0.0212669162,0.04126891554574854,2126691620.0,75.0,52.0,199.0,199.0,267212800.0,4150392.0,780,8,0.010147841151554213,200,0.005,,NN5,32,8,R,,,
BESTFIX,FM,-1,"[112, 112, 112, 10]",0.009103283711692962,0.005032426808219967,0.004060616903472994,5.870880840984999e-05,0.004001908095063144,1.024e-05,6.719544313013557e-05,0.0038168539920985975,0.0018778300416,0.004314956479342463,0.010076835956171197,0.0211261162,0.031202952156171197,2112611620.0,42.0,30.0,111.0,111.0,154531840.0,4546968.0,428,8,0.00909304371169296,112,0.008933333333333333,,NN5,32,8,R,,,112
MAX,RRM,-1,"[1000, 1000, 1000, 10]",0.034515169728628635,0.00170326393119775,0.032801665797430886,6.35937080800314e-05,0.03273807208935085,1.024e-05,0.0005615200704344872,0.28626721726961324,0.0157913063424,0.016360190451369973,0.3189802341338177,0.0225469162,0.3415271503338177,2254691620.0,375.0,252.0,500.0,999.0,1291253760.0,3753816.0,3980,8,0.034504929728628626,1000,0.001,,NN5,32,8,R,,,
F200,RRM,-1,"[200, 200, 200, 10]",0.010192639561517239,0.003237817642744331,0.0069445819187729085,5.918806101931789e-05,0.0068853938577535904,1.024e-05,0.00011677558979506503,0.011932484062491495,0.0032733388800000006,0.004831311152159171,0.02015390968444573,0.0212669162,0.04142082588444573,2126691620.0,75.0,52.0,399.0,200.0,268544000.0,2370640.0,2420,2,0.006293271075940506,610,0.0,,NN5,32,8,R,,,
BESTFIX,RRM,-1,"[112, 112, 112, 10]",0.009139406677176769,0.005032426808219967,0.004096739868956802,5.8730785413687757e-05,0.004038009083543114,1.024e-05,6.77927165576235e-05,0.0038853668195416003,0.0018946252800000002,0.0043320787649817885,0.010179863581081012,0.0211261162,0.03130597978108101,2112611620.0,42.0,30.0,223.0,112.0,155904000.0,2628752.0,1364,2,0.0045658143907074625,346,0.0,,NN5,32,8,R,,,112
MAX,ORRM,-1,"[1000, 1000, 1000, 10]",0.034515169728628635,0.00170326393119775,0.032801665797430886,6.359370808003139e-05,0.03273807208935085,1.024e-05,0.0005615200704344872,0.28626721726961324,0.0157913063424,0.016360190451369973,0.3189802341338177,0.0225469162,0.3415271503338177,2254691620.0,375.0,252.0,500.0,999.0,1291253760.0,3753816.0,3980,8,0.034504929728628626,1000,0.001,,NN5,32,8,R,,,
F200,ORRM,-1,"[200, 200, 200, 10]",0.010192639561517239,0.003237817642744331,0.0069445819187729085,5.918806101931789e-05,0.0068853938577535904,1.024e-05,0.00011677558979506503,0.011932484062491495,0.0032733388800000006,0.004831311152159171,0.02015390968444573,0.0212669162,0.04142082588444573,2126691620.0,75.0,52.0,399.0,200.0,268544000.0,2370640.0,2420,2,0.006293271075940506,610,0.0,,NN5,32,8,R,,,
BESTFIX,ORRM,-1,"[112, 112, 112, 10]",0.009139406677176769,0.005032426808219967,0.004096739868956802,5.8730785413687757e-05,0.004038009083543114,1.024e-05,6.77927165576235e-05,0.0038853668195416003,0.0018946252800000002,0.0043320787649817885,0.010179863581081012,0.0211261162,0.03130597978108101,2112611620.0,42.0,30.0,223.0,112.0,155904000.0,2628752.0,1364,2,0.0045658143907074625,346,0.0,,NN5,32,8,R,,,112
RI,FM,-1,"[1000, 1000, 1000, 10]",0.0018157499116464115,0.0017056794083332002,9.983050331321123e-05,6.35937080800314e-05,3.623679523317982e-05,1.024e-05,1.7162233756626228e-06,0.0006370683284365964,0.0076305395712,0.0008606654581203991,0.009129989581132657,0.026243396199999998,0.03537338578113265,2624339620.0,375.0,252.0,500.0,999.0,3586560.0,2794136.0,3980,8,0.0018055099116464114,1000,0.001,"[9227.284569191163, 6083.897526348629, 6061.562831848269, 1119.9678566816103]",NN5,32,8,T,,,
CS,FM,-1,"[1000, 1000, 1000, 10]",0.0018157499116464115,0.0017056794083332002,9.983050331321123e-05,6.35937080800314e-05,3.623679523317982e-05,1.024e-05,1.7162233756626228e-06,0.0006370683284365964,0.0076305395712,0.0008606654581203991,0.009129989581132657,0.026243396199999998,0.03537338578113265,2624339620.0,375.0,252.0,500.0,999.0,3586560.0,2794136.0,3980,8,0.0018055099116464114,1000,0.001,,NN5,32,8,T,1,3007,
CS,RRM,-1,"[1000, 1000, 1000, 10]",0.0018157499116464115,0.0017056794083332002,9.983050331321123e-05,6.35937080800314e-05,3.623679523317982e-05,1.024e-05,1.7162233756626228e-06,0.0006370683284365964,0.0076305395712,0.0008606654581203991,0.009129989581132657,0.026243396199999998,0.03537338578113265,2624339620.0,375.0,252.0,500.0,999.0,3586560.0,2794136.0,3980,8,0.0018055099116464114,1000,0.001,,NN5,32,8,T,1,3007,
CS,ORRM,-1,"[1000, 1000, 1000, 10]",0.0018157499116464115,0.0017056794083332002,9.98305033132112e-05,6.359370808003139e-05,3.623679523317982e-05,1.024e-05,1.7162233756626228e-06,0.0006370683284365964,0.0076305395712,0.0008606654581203991,0.009129989581132657,0.026243396199999998,0.03537338578113265,2624339620.0,375.0,252.0,500.0,999.0,3586560.0,2794136.0,3980,8,0.0018055099116464114,1000,0.001,,NN5,32,8,T,,,
CS_Er,ORRM,-1,"[1000, 1000, 1000, 10]",0.0018157499116464115,0.0017056794083332002,9.98305033132112e-05,6.359370808003139e-05,3.623679523317982e-05,1.024e-05,1.7162233756626228e-06,0.0006370683284365964,0.0076305395712,0.0008606654581203991,0.009129989581132657,0.026243396199999998,0.03537338578113265,2624339620.0,375.0,252.0,500.0,999.0,3586560.0,2794136.0,3980,8,0.0018055099116464114,1000,0.001,,NN5,32,8,T,,,
CSE,FM,-1,"[267, 91, 286, 10]",0.0037845147549389864,0.0036803870190055066,9.388773593348016e-05,6.025500156214933e-05,3.363273437133083e-05,1.024e-05,1.5872527743384467e-06,7.720804182952086e-05,0.00102220630016,0.0017938599938410794,0.0028948615886049385,0.026243396199999998,0.029138257788604936,2624339620.0,82.0,50.0,285.0,285.0,3586560.0,3764032.0,1828,8,0.0037742747549389865,286,0.003630434782608696,,NN5,32,8,T,,,
BESTFIXE,FM,-1,"[167, 167, 167, 10]",0.003752289394832103,0.0036495411026783594,9.250829215374372e-05,5.9328430367376514e-05,3.3179861786367205e-05,1.024e-05,1.5811758854891423e-06,9.894872426052226e-05,0.0013119350783999998,0.0017785851731504168,0.003191050151696428,0.026243396199999998,0.029434446351696425,2624339620.0,63.0,44.0,166.0,166.0,3586560.0,3611456.0,648,8,0.003742049394832103,167,0.005988571428571428,,NN5,32,8,T,,,167
MAX,FM,-1,"[1000, 1000, 1000, 10]",0.0018157499116464115,0.0017056794083332002,9.983050331321123e-05,6.35937080800314e-05,3.623679523317982e-05,1.024e-05,1.7162233756626228e-06,0.0006370683284365964,0.0076305395712,0.0008606654581203991,0.009129989581132657,0.026243396199999998,0.03537338578113265,2624339620.0,375.0,252.0,500.0,999.0,3586560.0,2794136.0,3980,8,0.0018055099116464114,1000,0.001,,NN5,32,8,T,,,
F200,FM,-1,"[200, 200, 200, 10]",0.00340135870297193,0.0032989210765149903,9.219762645693965e-05,5.911964104592416e-05,3.307798541101548e-05,1.024e-05,1.5849730754757133e-06,0.00011832258777754099,0.0015622762495999998,0.0016122440252086948,0.003294427835661711,0.026243396199999998,0.02953782403566171,2624339620.0,75.0,52.0,199.0,199.0,3586560.0,3447992.0,780,8,0.00339111870297193,200,0.005,,NN5,32,8,T,,,
BESTFIX,FM,-1,"[1000, 1000, 1000, 10]",0.0018157499116464115,0.0017056794083332002,9.983050331321123e-05,6.35937080800314e-05,3.623679523317982e-05,1.024e-05,1.7162233756626228e-06,0.0006370683284365964,0.0076305395712,0.0008606654581203991,0.009129989581132657,0.026243396199999998,0.03537338578113265,2624339620.0,375.0,252.0,500.0,999.0,3586560.0,2794136.0,3980,8,0.0018055099116464114,1000,0.001,,NN5,32,8,T,,,1000
MAX,RRM,-1,"[1000, 1000, 1000, 10]",0.0018157499116464115,0.0017056794083332002,9.983050331321123e-05,6.35937080800314e-05,3.623679523317982e-05,1.024e-05,1.7162233756626228e-06,0.0006370683284365964,0.0076305395712,0.0008606654581203991,0.009129989581132657,0.026243396199999998,0.03537338578113265,2624339620.0,375.0,252.0,500.0,999.0,3586560.0,2794136.0,3980,8,0.0018055099116464114,1000,0.001,,NN5,32,8,T,,,
F200,RRM,-1,"[200, 200, 200, 10]",0.0034014935835231944,0.0032989210765149903,9.233250700820422e-05,5.918806101931789e-05,3.3144445988886324e-05,1.024e-05,1.5872909715356598e-06,0.00011914716682090854,0.0015700129791999997,0.0016123079585899942,0.003303055395582438,0.026243396199999998,0.029546451595582435,2624339620.0,75.0,52.0,399.0,200.0,3586560.0,2530640.0,2420,2,0.0012557929037404901,610,0.0,,NN5,32,8,T,,,
BESTFIX,RRM,-1,"[1000, 1000, 1000, 10]",0.0018157499116464115,0.0017056794083332002,9.983050331321123e-05,6.35937080800314e-05,3.623679523317982e-05,1.024e-05,1.7162233756626228e-06,0.0006370683284365964,0.0076305395712,0.0008606654581203991,0.009129989581132657,0.026243396199999998,0.03537338578113265,2624339620.0,375.0,252.0,500.0,999.0,3586560.0,2794136.0,3980,8,0.0018055099116464114,1000,0.001,,NN5,32,8,T,,,1000
MAX,ORRM,-1,"[1000, 1000, 1000, 10]",0.0018157499116464115,0.0017056794083332002,9.98305033132112e-05,6.359370808003139e-05,3.623679523317982e-05,1.024e-05,1.7162233756626228e-06,0.0006370683284365964,0.0076305395712,0.0008606654581203991,0.009129989581132657,0.026243396199999998,0.03537338578113265,2624339620.0,375.0,252.0,500.0,999.0,3586560.0,2794136.0,3980,8,0.0018055099116464114,1000,0.001,,NN5,32,8,T,,,
F200,ORRM,-1,"[200, 200, 200, 10]",0.0034014935835231944,0.0032989210765149903,9.233250700820422e-05,5.918806101931789e-05,3.3144445988886324e-05,1.024e-05,1.5872909715356598e-06,0.00011914716682090854,0.0015700129791999997,0.0016123079585899942,0.003303055395582438,0.026243396199999998,0.029546451595582435,2624339620.0,75.0,52.0,399.0,200.0,3586560.0,2530640.0,2420,2,0.0012557929037404901,610,0.0,,NN5,32,8,T,,,
BESTFIX,ORRM,-1,"[1000, 1000, 1000, 10]",0.0018157499116464115,0.0017056794083332002,9.98305033132112e-05,6.359370808003139e-05,3.623679523317982e-05,1.024e-05,1.7162233756626228e-06,0.0006370683284365964,0.0076305395712,0.0008606654581203991,0.009129989581132657,0.026243396199999998,0.03537338578113265,2624339620.0,375.0,252.0,500.0,999.0,3586560.0,2794136.0,3980,8,0.0018055099116464114,1000,0.001,,NN5,32,8,T,,,1000
RI,FM,-1,"[1000, 1000, 1000, 10]",0.0017287504065267491,0.0017056794083332002,1.283099819354911e-05,8.143014504050077e-06,4.687983689499032e-06,1.024e-05,1.7167340612142885e-06,0.0006370711895767238,0.0076305395712,0.0008194276926936791,0.009088755187531617,0.026243396199999998,0.03533215138753162,2624339620.0,48.0,33.0,500.0,999.0,3586560.0,2794136.0,3980,8,0.001718510406526749,1000,0.001,"[26098.70196325225, 17207.86078770071, 17144.688731952974, 3167.74746468212]",NN5,32,64,T,,,
CS,FM,-1,"[1000, 1000, 1000, 10]",0.0017287504065267491,0.0017056794083332002,1.283099819354911e-05,8.143014504050077e-06,4.687983689499032e-06,1.024e-05,1.7167340612142885e-06,0.0006370711895767238,0.0076305395712,0.0008194276926936791,0.009088755187531617,0.026243396199999998,0.03533215138753162,2624339620.0,48.0,33.0,500.0,999.0,3586560.0,2794136.0,3980,8,0.001718510406526749,1000,0.001,,NN5,32,64,T,1,3007,
CS,RRM,-1,"[1000, 1000, 1000, 10]",0.0017287504065267491,0.0017056794083332002,1.283099819354911e-05,8.143014504050077e-06,4.687983689499032e-06,1.024e-05,1.7167340612142885e-06,0.0006370711895767238,0.0076305395712,0.0008194276926936791,0.009088755187531617,0.026243396199999998,0.03533215138753162,2624339620.0,48.0,33.0,500.0,999.0,3586560.0,2794136.0,3980,8,0.001718510406526749,1000,0.001,,NN5,32,64,T,1,3007,
CS,ORRM,-1,"[1000, 1000, 1000, 10]",0.0017287503182656897,0.0017056794083332002,1.283090993248952e-05,8.142926242990487e-06,4.687983689499032e-06,1.024e-05,1.7167264707631639e-06,0.0006370711492986128,0.0076305395712,0.0008194276508579368,0.009088755097827313,0.026243396199999998,0.03533215129782731,2624339620.0,48.0,33.0,500.0,999.0,3586560.0,2794136.0,3980,8,0.0017185103182656893,1000,0.001,,NN5,32,64,T,,,
CS_Er,ORRM,-1,"[1000, 1000, 1000, 10]",0.0017287503182656897,0.0017056794083332002,1.283090993248952e-05,8.142926242990487e-06,4.687983689499032e-06,1.024e-05,1.7167264707631639e-06,0.0006370711492986128,0.0076305395712,0.0008194276508579368,0.009088755097827313,0.026243396199999998,0.03533215129782731,2624339620.0,48.0,33.0,500.0,999.0,3586560.0,2794136.0,3980,8,0.0017185103182656893,1000,0.001,,NN5,32,64,T,,,
CSE,FM,-1,"[267, 91, 286, 10]",0.003704333414752676,0.0036803870190055066,1.370639574716955e-05,8.792559011521622e-06,4.913836735647927e-06,1.024e-05,1.5880732046084806e-06,7.724799956808041e-05,0.00102220630016,0.0017558540385927684,0.002856896411525457,0.026243396199999998,0.029100292611525455,2624339620.0,12.0,8.0,285.0,285.0,3586560.0,3764032.0,1828,8,0.003694093414752676,286,0.003630434782608696,,NN5,32,64,T,,,
BESTFIXE,FM,-1,"[167, 167, 167, 10]",0.0036730677969891517,0.0036495411026783594,1.3286694310792363e-05,8.492420929579928e-06,4.794273381212435e-06,1.024e-05,1.5838828687385254e-06,9.911106030760316e-05,0.0013119350783999998,0.0017410341357728578,0.0031536641573491992,0.026243396199999998,0.029397060357349198,2624339620.0,9.0,7.0,166.0,166.0,3586560.0,3611456.0,648,8,0.0036628277969891518,167,0.005988571428571428,,NN5,32,64,T,,,167
MAX,FM,-1,"[1000, 1000, 1000, 10]",0.0017287504065267491,0.0017056794083332002,1.283099819354911e-05,8.143014504050077e-06,4.687983689499032e-06,1.024e-05,1.7167340612142885e-06,0.0006370711895767238,0.0076305395712,0.0008194276926936791,0.009088755187531617,0.026243396199999998,0.03533215138753162,2624339620.0,48.0,33.0,500.0,999.0,3586560.0,2794136.0,3980,8,0.001718510406526749,1000,0.001,,NN5,32,64,T,,,
F200,FM,-1,"[200, 200, 200, 10]",0.003323961747748507,0.0032989210765149903,1.4800671233516764e-05,9.462605225237679e-06,5.338066008279086e-06,1.024e-05,1.5854248591266547e-06,0.00011835887711628472,0.0015622762495999998,0.0015755578684327923,0.0032577784200082034,0.026243396199999998,0.029501174620008203,2624339620.0,12.0,9.0,199.0,199.0,3586560.0,3447992.0,780,8,0.003313721747748507,200,0.005,,NN5,32,64,T,,,
BESTFIX,FM,-1,"[1000, 1000, 1000, 10]",0.0017287504065267491,0.0017056794083332002,1.283099819354911e-05,8.143014504050077e-06,4.687983689499032e-06,1.024e-05,1.7167340612142885e-06,0.0006370711895767238,0.0076305395712,0.0008194276926936791,0.009088755187531617,0.026243396199999998,0.03533215138753162,2624339620.0,48.0,33.0,500.0,999.0,3586560.0,2794136.0,3980,8,0.001718510406526749,1000,0.001,,NN5,32,64,T,,,1000
MAX,RRM,-1,"[1000, 1000, 1000, 10]",0.0017287504065267491,0.0017056794083332002,1.283099819354911e-05,8.143014504050077e-06,4.687983689499032e-06,1.024e-05,1.7167340612142885e-06,0.0006370711895767238,0.0076305395712,0.0008194276926936791,0.009088755187531617,0.026243396199999998,0.03533215138753162,2624339620.0,48.0,33.0,500.0,999.0,3586560.0,2794136.0,3980,8,0.001718510406526749,1000,0.001,,NN5,32,64,T,,,
F200,RRM,-1,"[200, 200, 200, 10]",0.003323980900398438,0.0032989210765149903,1.481982388344767e-05,9.470089763090862e-06,5.349734120356809e-06,1.024e-05,1.5878013534692842e-06,0.00011918962010488767,0.0015700129791999997,0.0015755669467888596,0.003266357347447216,0.026243396199999998,0.029509753547447212,2624339620.0,12.0,9.0,399.0,200.0,3586560.0,2530640.0,2420,2,0.0012443667713842106,610,0.0,,NN5,32,64,T,,,
BESTFIX,RRM,-1,"[1000, 1000, 1000, 10]",0.0017287504065267491,0.0017056794083332002,1.283099819354911e-05,8.143014504050077e-06,4.687983689499032e-06,1.024e-05,1.7167340612142885e-06,0.0006370711895767238,0.0076305395712,0.0008194276926936791,0.009088755187531617,0.026243396199999998,0.03533215138753162,2624339620.0,48.0,33.0,500.0,999.0,3586560.0,2794136.0,3980,8,0.001718510406526749,1000,0.001,,NN5,32,64,T,,,1000
MAX,ORRM,-1,"[1000, 1000, 1000, 10]",0.0017287503182656897,0.0017056794083332002,1.283090993248952e-05,8.142926242990487e-06,4.687983689499032e-06,1.024e-05,1.7167264707631639e-06,0.0006370711492986128,0.0076305395712,0.0008194276508579368,0.009088755097827313,0.026243396199999998,0.03533215129782731,2624339620.0,48.0,33.0,500.0,999.0,3586560.0,2794136.0,3980,8,0.0017185103182656893,1000,0.001,,NN5,32,64,T,,,
F200,ORRM,-1,"[200, 200, 200, 10]",0.003323980900398438,0.0032989210765149903,1.481982388344767e-05,9.470089763090862e-06,5.349734120356809e-06,1.024e-05,1.5878013534692842e-06,0.00011918962010488767,0.0015700129791999997,0.0015755669467888596,0.003266357347447216,0.026243396199999998,0.029509753547447212,2624339620.0,12.0,9.0,399.0,200.0,3586560.0,2530640.0,2420,2,0.0012443667713842106,610,0.0,,NN5,32,64,T,,,
BESTFIX,ORRM,-1,"[1000, 1000, 1000, 10]",0.0017287503182656897,0.0017056794083332002,1.283090993248952e-05,8.142926242990487e-06,4.687983689499032e-06,1.024e-05,1.7167264707631639e-06,0.0006370711492986128,0.0076305395712,0.0008194276508579368,0.009088755097827313,0.026243396199999998,0.03533215129782731,2624339620.0,48.0,33.0,500.0,999.0,3586560.0,2794136.0,3980,8,0.0017185103182656893,1000,0.001,,NN5,32,64,T,,,1000
RI,FM,-1,"[1000, 171, 360, 10]",0.003750284334505586,0.0025949031795358094,0.0011451411549697767,8.046322989290065e-06,0.0011370948319804866,1.024e-05,0.00012153460087847673,0.04318674449397724,0.00340555751424,0.0017776347745556476,0.04849147138365137,0.0212809962,0.06977246758365137,2128099620.0,25.0,10.0,500.0,999.0,279346176.0,3981248.0,4736,8,0.003740044334505586,1000,0.0016642066420664208,"[24515.024327497165, 171.15221426830112, 359.84631138392916, 23.825315370652955]",NN5,32,64,R,,,
CS,FM,-1,"[1000, 256, 445, 10]",0.0036823124786490146,0.0022685592314207136,0.0014035132472283013,7.770159209628556e-06,0.0013957430880186727,1.024e-05,0.00016878785870829034,0.06566326690399762,0.0047362981478400006,0.0017454161148796328,0.07231376902542555,0.0214169962,0.09373076522542555,2141699620.0,27.0,12.0,500.0,999.0,388066816.0,3891928.0,4736,8,0.003672072478649015,1000,0.0014009277667329358,,NN5,32,64,R,2,6013,
CS,RRM,-1,"[1000, 250, 445, 10]",0.003683462352484365,0.0022684515361082137,0.001404770816376151,7.775640221429061e-06,0.001396995176154722,1.024e-05,0.00016623537601377042,0.06418134972455512,0.004664586240000001,0.0017459611550775889,0.0707581324956465,0.0214093162,0.0921674486956465,2140931620.0,27.0,12.0,500.0,999.0,382208000.0,2602080.0,5800,2,0.0020965496516255327,1000,0.0006734006734006734,,NN5,32,64,R,2,6013,
CS,ORRM,128,"[1000, 256, 445, 10]",0.003682786481019438,0.0022685592314207136,0.0014039872495987247,7.773363086091654e-06,0.0013962138865126331,1.024e-05,0.00016884714851928204,0.06567847076044367,0.004737918136319999,0.0017456407920032136,0.07233087683728617,0.0214169962,0.09374787303728617,2141699620.0,27.0,12.0,500.0,999.0,388199168.0,2738872.0,5248,4,0.0028677006014441457,1000,0.0010583167660702451,,NN5,32,64,R,,,
CS_Er,ORRM,-1,"[1000, 250, 445, 10]",0.0036830467961820345,0.0022684515361082137,0.001404355260073821,7.774775263045084e-06,0.0013965804848107759,1.024e-05,0.00016622631187041285,0.06417618382299023,0.0046641318912,0.0017457641813902842,0.07075230620745093,0.0214093162,0.09216162240745093,2140931620.0,27.0,12.0,500.0,999.0,382170880.0,2738872.0,5700,4,0.002867960916606742,1000,0.000771043771043771,,NN5,32,64,R,,,
CSE,FM,-1,"[69, 40, 75, 5]",0.00920440296010175,0.008669375126148774,0.0005247878339529769,1.2893606763532076e-05,0.0005118942271894448,1.024e-05,2.9105260509364213e-05,0.0008891576758125411,0.0008023394304000001,0.0043628870030882295,0.006083489369810135,0.0210157162,0.027099205569810134,2101571620.0,5.0,4.0,74.0,74.0,66664960.0,5462504.0,406,8,0.009194162960101752,75,0.01407843137254902,,NN5,32,64,R,,,
BESTFIXE,FM,-1,"[56, 56, 56, 10]",0.008790431702660655,0.008314139378280983,0.0004660523243796724,8.419103366306754e-06,0.00045763322101336564,1.024e-05,3.6002093139826837e-05,0.0010183137942352722,0.0009993388032000002,0.00416666462706115,0.006220319317636249,0.021036516199999997,0.027256835517636246,2103651620.0,3.0,3.0,55.0,55.0,82759680.0,5439264.0,204,8,0.008780191702660655,56,0.017875,,NN5,32,64,R,,,56
MAX,FM,-1,"[1000, 1000, 1000, 10]",0.006066029047038359,0.00170326393119775,0.004352525115840609,8.143014504050077e-06,0.004344382101336559,1.024e-05,0.000561520581120038,0.28626722013075334,0.0157913063424,0.002875297768296182,0.30549534482256957,0.0225469162,0.32804226102256956,2254691620.0,48.0,33.0,500.0,999.0,1291253760.0,3753816.0,3980,8,0.006055789047038359,1000,0.001,,NN5,32,64,R,,,
F200,FM,-1,"[200, 200, 200, 10]",0.004493771255154318,0.003237817642744331,0.0012457136124099874,9.462605225237679e-06,0.0012362510071847496,1.024e-05,0.00011619499427089137,0.011813865634763346,0.003257044992,0.002130047574943147,0.017317153195977385,0.0212669162,0.03858406939597739,2126691620.0,12.0,9.0,199.0,199.0,267212800.0,4150392.0,780,8,0.004483531255154318,200,0.005,,NN5,32,64,R,,,
BESTFIX,FM,-1,"[250, 250, 250, 10]",0.004089340932121781,0.0028340023179082106,0.0012450986142135705,7.602164950558603e-06,0.0012374964492630118,1.024e-05,0.00014403038111698033,0.01831716708093834,0.0040405303296,0.0019383476018257242,0.02444007539348105,0.0213469162,0.04578699159348105,2134691620.0,12.0,9.0,249.0,249.0,331223040.0,4051248.0,980,8,0.00407910093212178,250,0.004,,NN5,32,64,R,,,250
MAX,RRM,-1,"[1000, 1000, 1000, 10]",0.006066029047038359,0.00170326393119775,0.004352525115840609,8.143014504050077e-06,0.004344382101336559,1.024e-05,0.000561520581120038,0.28626722013075334,0.0157913063424,0.002875297768296182,0.30549534482256957,0.0225469162,0.32804226102256956,2254691620.0,48.0,33.0,500.0,999.0,1291253760.0,3753816.0,3980,8,0.006055789047038359,1000,0.001,,NN5,32,64,R,,,
F200,RRM,-1,"[200, 200, 200, 10]",0.004500002172510131,0.003237817642744331,0.0012519445297658003,9.470089763090862e-06,0.0012424744400027095,1.024e-05,0.00011677610017699868,0.011932526515775477,0.0032733388800000006,0.002133001029769802,0.01745564252572228,0.0212669162,0.03872255872572228,2126691620.0,12.0,9.0,399.0,200.0,268544000.0,2370640.0,2420,2,0.0019390449435842281,610,0.0,,NN5,32,64,R,,,
BESTFIX,RRM,-1,"[250, 250, 250, 10]",0.004094336998726482,0.0028340023179082106,0.0012500946808182722,7.615386457285099e-06,0.001242479294360987,1.024e-05,0.00014460826680907674,0.01846443792596357,0.004056698880000001,0.0019407157373963525,0.024606460810168998,0.0213469162,0.045953377010168994,2134691620.0,12.0,9.0,499.0,250.0,332544000.0,2306112.0,3020,2,0.001843136813978985,760,0.0,,NN5,32,64,R,,,250
MAX,ORRM,-1,"[1000, 1000, 1000, 10]",0.006066028958777299,0.00170326393119775,0.004352525027579549,8.142926242990487e-06,0.004344382101336559,1.024e-05,0.0005615205735295868,0.2862672200904752,0.0157913063424,0.0028752977264604397,0.30549534473286527,0.0225469162,0.32804226093286526,2254691620.0,48.0,33.0,500.0,999.0,1291253760.0,3753816.0,3980,8,0.006055788958777299,1000,0.001,,NN5,32,64,R,,,
F200,ORRM,-1,"[200, 200, 200, 10]",0.004500002172510131,0.003237817642744331,0.0012519445297658003,9.470089763090862e-06,0.0012424744400027095,1.024e-05,0.00011677610017699868,0.011932526515775477,0.0032733388800000006,0.002133001029769802,0.01745564252572228,0.0212669162,0.03872255872572228,2126691620.0,12.0,9.0,399.0,200.0,268544000.0,2370640.0,2420,2,0.0019390449435842281,610,0.0,,NN5,32,64,R,,,
BESTFIX,ORRM,-1,"[250, 250, 250, 10]",0.004094336998726482,0.0028340023179082106,0.0012500946808182722,7.615386457285099e-06,0.001242479294360987,1.024e-05,0.00014460826680907674,0.01846443792596357,0.004056698880000001,0.0019407157373963525,0.024606460810168998,0.0213469162,0.045953377010168994,2134691620.0,12.0,9.0,499.0,250.0,332544000.0,2306112.0,3020,2,0.001843136813978985,760,0.0,,NN5,32,64,R,,,250
RI,FM,-1,"[1000, 113, 230, 113, 230, 113, 230, 10]",0.0010674767539485175,0.0006149468871474359,0.0004522098668010815,7.2667090839439024e-06,0.0004449431577171376,3.2e-07,7.380229247131402e-06,0.0013342411057751297,0.00020447228032,0.0005059839813715973,0.0020520775967138583,0.0021909607,0.004243038296713858,219096070.0,257.0,134.0,500.0,999.0,16778768.0,1802328.0,5384,16,0.0010671567539485174,1000,0.003669223394055609,"[2311.155074368178, 113.26461211966091, 229.57455023821254, 113.26461211966091, 229.57455023821254, 113.26461211966091, 229.57455023821254, 12.64162202610521]",NN6,1,8,R,,,
CS,FM,-1,"[1000, 168, 223, 167, 223, 167, 223, 5]",0.0010273287422998142,0.00046985608638913174,0.0005571526559106825,7.299705705803355e-06,0.0005498529502048792,3.2e-07,9.502770049564447e-06,0.0019385886360826872,0.00026409380992,0.00048695382385011187,0.0026991390399023637,0.0021970707,0.004896209739902364,219707070.0,272.0,148.0,500.0,999.0,21649808.0,1450144.0,4658,16,0.001027008742299814,1000,0.003624026696329255,,NN6,1,8,R,2,14005,
CS,RRM,-1,"[1000, 167, 223, 167, 223, 167, 223, 5]",0.0010294730876502362,0.00046985401607663174,0.0005592990715736044,7.4492728973836045e-06,0.0005518497986762208,3.2e-07,9.525382518260081e-06,0.0019381844511521015,0.00026459378944000006,0.0004879702435462119,0.0027002738666565733,0.0021970307,0.004897304566656573,219703070.0,272.0,148.0,500.0,999.0,21690656.0,633360.0,8022,2,0.0003393385430998659,1000,0.0002480505012996658,,NN6,1,8,R,2,14005,
CS,ORRM,-1,"[1000, 167, 223, 167, 223, 167, 223, 5]",0.0010281139840320024,0.00046985401607663174,0.0005579399679553705,7.381205968228236e-06,0.0005505587619871423,3.2e-07,9.50229115453561e-06,0.0019331652343323434,0.00026399951296,0.0004873260284311691,0.0026939930668780482,0.0021970307,0.0048910237668780485,219703070.0,272.0,148.0,500.0,999.0,21642104.0,641504.0,6666,4,0.0003402997187867442,1000,0.002501670998886001,,NN6,1,8,R,,,
CS_Er,ORRM,-1,"[1000, 167, 223, 167, 223, 167, 223, 5]",0.0010281139840320024,0.00046985401607663174,0.0005579399679553705,7.381205968228236e-06,0.0005505587619871423,3.2e-07,9.50229115453561e-06,0.0019331652343323434,0.00026399951296,0.0004873260284311691,0.0026939930668780482,0.0021970307,0.0048910237668780485,219703070.0,272.0,148.0,500.0,999.0,21642104.0,641504.0,6666,4,0.0003402997187867442,1000,0.002501670998886001,,NN6,1,8,R,,,
CSE,FM,-1,"[69, 56, 56, 56, 56, 56, 87, 5]",0.0014654534945935896,0.0012802480788237846,0.0001848854157698049,4.510865687451095e-06,0.0001803745500823538,3.2e-07,3.1343365762579642e-06,9.54739377037328e-05,8.678967424e-05,0.0006946249564373614,0.0008800229049573522,0.0021790106999999997,0.0030590336049573516,217901070.0,55.0,47.0,86.0,86.0,7164176.0,4520096.0,390,16,0.0014651334945935896,87,0.01624915824915825,,NN6,1,8,R,,,
BESTFIXE,FM,-1,"[56, 56, 56, 56, 56, 56, 56, 10]",0.0015161453942132226,0.001331379704296875,0.00018444568991634754,4.409978932431198e-06,0.00018003571098391635,3.2e-07,3.0903558094107815e-06,8.794740374637137e-05,8.55909376e-05,0.0007186529168570674,0.0008952816140128496,0.0021789007,0.0030741823140128495,217890070.0,49.0,44.0,55.0,55.0,7066240.0,4811208.0,204,16,0.0015158253942132223,56,0.017863636363636363,,NN6,1,8,R,,,56
MAX,FM,-1,"[1000, 1000, 1000, 1000, 1000, 1000, 1000, 10]",0.003324498625980182,0.0002520000696875,0.003072178556292682,1.7307587510943584e-05,0.0030548709687817383,3.2e-07,5.275789053396842e-05,0.026897815730660947,0.0014722047232,0.0015758123487146062,0.029998590693109523,0.0023205007,0.032319091393109525,232050070.0,875.0,752.0,500.0,999.0,120351680.0,481296.0,3980,16,0.0033241786259801823,1000,0.001,,NN6,1,8,R,,,
F200,FM,-1,"[200, 200, 200, 200, 200, 200, 200, 10]",0.0011425014153534881,0.0005177423806836648,0.0006244390346698233,6.041374564130668e-06,0.0006183976601056926,3.2e-07,1.0657139826149076e-05,0.001085705120443383,0.00029714905599999996,0.0005415456708775533,0.0019350569871470855,0.0022005007,0.0041355576871470855,220050070.0,175.0,152.0,199.0,199.0,24350400.0,1469480.0,780,16,0.001142181415353488,200,0.005,,NN6,1,8,R,,,
BESTFIX,FM,-1,"[167, 167, 167, 167, 167, 167, 167, 10]",0.0011020253157563095,0.0005752222503845373,0.000526483065371772,5.588022858743635e-06,0.0005208950425130284,3.2e-07,8.919753166894436e-06,0.0007586072737279058,0.00024867473920000004,0.0005223599996684907,0.0015385617657632908,0.0021955507,0.0037341124657632907,219555070.0,147.0,128.0,166.0,166.0,20390080.0,1726536.0,648,16,0.0011017053157563093,167,0.0059882121807465615,,NN6,1,8,R,,,167
MAX,RRM,-1,"[1000, 1000, 1000, 1000, 1000, 1000, 1000, 10]",0.003324498625980182,0.0002520000696875,0.003072178556292682,1.7307587510943584e-05,0.0030548709687817383,3.2e-07,5.275789053396842e-05,0.026897815730660947,0.0014722047232,0.0015758123487146062,0.029998590693109523,0.0023205007,0.032319091393109525,232050070.0,875.0,752.0,500.0,999.0,120351680.0,481296.0,3980,16,0.0033241786259801823,1000,0.001,,NN6,1,8,R,,,
F200,RRM,-1,"[200, 200, 200, 200, 200, 200, 200, 10]",0.0011458776908894516,0.0005177423806836648,0.0006278153102057867,6.242256735756214e-06,0.0006215730534700305,3.2e-07,1.071479236300467e-05,0.0010970425979659323,0.00029863744,0.0005431460254816,0.001949540855810537,0.0022005007,0.004150041555810537,220050070.0,175.0,152.0,399.0,200.0,24472000.0,556512.0,5620,2,0.0003442602438892029,1000,0.0,,NN6,1,8,R,,,
BESTFIX,RRM,-1,"[167, 167, 167, 167, 167, 167, 167, 10]",0.0011054113210601756,0.0005752222503845373,0.0005298690706756382,5.72826968243124e-06,0.000524140800993207,3.2e-07,8.977201341099689e-06,0.0007680716628556392,0.00025016704000000004,0.0005239649661825232,0.0015511808703792622,0.0021955507,0.003746731570379262,219555070.0,147.0,128.0,333.0,167.0,20512000.0,632376.0,4696,2,0.0003284358190092666,1000,0.0,,NN6,1,8,R,,,167
MAX,ORRM,-1,"[1000, 1000, 1000, 1000, 1000, 1000, 1000, 10]",0.003324498625980182,0.0002520000696875,0.003072178556292682,1.7307587510943584e-05,0.0030548709687817383,3.2e-07,5.275789053396842e-05,0.026897815730660947,0.0014722047232,0.0015758123487146062,0.029998590693109523,0.0023205007,0.032319091393109525,232050070.0,875.0,752.0,500.0,999.0,120351680.0,481296.0,3980,16,0.0033241786259801823,1000,0.001,,NN6,1,8,R,,,
F200,ORRM,-1,"[200, 200, 200, 200, 200, 200, 200, 10]",0.0011448391034175813,0.0005177423806836648,0.0006267767227339166,6.161956823741749e-06,0.0006206147659101748,3.2e-07,1.0697347149997341e-05,0.0010936049788718744,0.00029818456,0.0005426537350199335,0.0019451406210418054,0.0022005007,0.004145641321041805,220050070.0,175.0,152.0,340.0,200.0,24435000.0,556512.0,4164,4,0.0003460723018887405,1000,0.0015213815789473684,,NN6,1,8,R,,,
BESTFIX,ORRM,-1,"[167, 167, 167, 167, 167, 167, 167, 10]",0.0011048532535937621,0.0005752222503845373,0.0005293110032092249,5.697528355376242e-06,0.0005236134748538487,3.2e-07,8.968068860865113e-06,0.0007665234933566861,0.00024991812735999995,0.0005237004422034432,0.0015491101317809943,0.0021955507,0.0037446608317809943,219555070.0,147.0,128.0,307.0,167.0,20491664.0,653376.0,4032,4,0.0003301754397621177,1000,0.0009988212180746562,,NN6,1,8,R,,,167
RI,FM,-1,"[1000, 1000, 1000, 1000, 1000, 1000, 1000, 10]",0.0003067125827632708,0.00027415784999999994,3.223473276327088e-05,1.7307587510943584e-05,1.4927145252327301e-05,3.2e-07,5.542021516154133e-07,0.0002617942630138499,0.0007125919616000001,0.00014538176422979035,0.0011203221909952558,0.0031318907,0.004252212890995256,313189070.0,875.0,752.0,500.0,999.0,272080.0,641616.0,3980,16,0.0003063925827632709,1000,0.001,"[3305.2553534316967, 2288.0917975627744, 2333.8094434890127, 2288.0917975627744, 2333.8094434890127, 2288.0917975627744, 1628.2539723637997, 259.7229292919668]",NN6,1,8,T,,,
CS,FM,-1,"[1000, 1000, 1000, 1000, 1000, 1000, 1000, 10]",0.0003067125827632708,0.00027415784999999994,3.223473276327088e-05,1.7307587510943584e-05,1.4927145252327301e-05,3.2e-07,5.542021516154133e-07,0.0002617942630138499,0.0007125919616000001,0.00014538176422979035,0.0011203221909952558,0.0031318907,0.004252212890995256,313189070.0,875.0,752.0,500.0,999.0,272080.0,641616.0,3980,16,0.0003063925827632709,1000,0.001,,NN6,1,8,T,1,7003,
CS,RRM,-1,"[1000, 1000, 1000, 1000, 1000, 1000, 1000, 10]",0.0003067125827632708,0.00027415784999999994,3.223473276327088e-05,1.7307587510943584e-05,1.4927145252327301e-05,3.2e-07,5.542021516154133e-07,0.0002617942630138499,0.0007125919616000001,0.00014538176422979035,0.0011203221909952558,0.0031318907,0.004252212890995256,313189070.0,875.0,752.0,500.0,999.0,272080.0,641616.0,3980,16,0.0003063925827632709,1000,0.001,,NN6,1,8,T,1,7003,
CS,ORRM,-1,"[1000, 1000, 1000, 1000, 1000, 1000, 1000, 10]",0.0003067125827632708,0.00027415784999999994,3.223473276327088e-05,1.7307587510943584e-05,1.4927145252327301e-05,3.2e-07,5.542021516154132e-07,0.0002617942630138499,0.0007125919616000001,0.00014538176422979035,0.0011203221909952558,0.0031318907,0.004252212890995256,313189070.0,875.0,752.0,500.0,999.0,272080.0,641616.0,3980,16,0.0003063925827632709,1000,0.001,,NN6,1,8,T,,,
CS_Er,ORRM,-1,"[1000, 1000, 1000, 1000, 1000, 1000, 1000, 10]",0.0003067125827632708,0.00027415784999999994,3.223473276327088e-05,1.7307587510943584e-05,1.4927145252327301e-05,3.2e-07,5.542021516154132e-07,0.0002617942630138499,0.0007125919616000001,0.00014538176422979035,0.0011203221909952558,0.0031318907,0.004252212890995256,313189070.0,875.0,752.0,500.0,999.0,272080.0,641616.0,3980,16,0.0003063925827632709,1000,0.001,,NN6,1,8,T,,,
CSE,FM,-1,"[667, 167, 334, 167, 334, 167, 334, 10]",0.0004953021518348427,0.00048213903527853733,1.2843116556305408e-05,7.35152173459908e-06,5.491594821706329e-06,3.2e-07,2.1928315056672752e-07,2.266706029087363e-05,0.00015258927744,0.00023477321996971545,0.00041024884085115584,0.0031318907,0.0035421395408511557,313189070.0,273.0,191.0,500.0,666.0,272080.0,2107272.0,4652,16,0.0004949821518348427,667,0.002669074195666448,,NN6,1,8,T,,,
BESTFIXE,FM,-1,"[250, 250, 250, 250, 250, 250, 250, 10]",0.0005234637364776005,0.0005109799993522362,1.2163737125364318e-05,6.667893914953186e-06,5.495843210411132e-06,3.2e-07,2.0402831413285585e-07,2.356050613587549e-05,0.00017961152,0.00024812181109038265,0.000451497865540391,0.0031318907,0.003583388565540391,313189070.0,224.0,194.0,249.0,249.0,272080.0,1981704.0,980,16,0.0005231437364776007,250,0.004,,NN6,1,8,T,,,250
MAX,FM,-1,"[1000, 1000, 1000, 1000, 1000, 1000, 1000, 10]",0.0003067125827632708,0.00027415784999999994,3.223473276327088e-05,1.7307587510943584e-05,1.4927145252327301e-05,3.2e-07,5.542021516154133e-07,0.0002617942630138499,0.0007125919616000001,0.00014538176422979035,0.0011203221909952558,0.0031318907,0.004252212890995256,313189070.0,875.0,752.0,500.0,999.0,272080.0,641616.0,3980,16,0.0003063925827632709,1000,0.001,,NN6,1,8,T,,,
F200,FM,-1,"[200, 200, 200, 200, 200, 200, 200, 10]",0.0006281961248770424,0.0006168585607954544,1.1017564081587952e-05,6.041374564130668e-06,4.976189517457284e-06,3.2e-07,1.893020320314288e-07,1.7498789266911932e-05,0.00014407873279999997,0.0002977649631917181,0.0004595317872906615,0.0031318907,0.0035914224872906613,313189070.0,175.0,152.0,199.0,199.0,272080.0,2431080.0,780,16,0.0006278761248770424,200,0.005,,NN6,1,8,T,,,
BESTFIX,FM,-1,"[1000, 1000, 1000, 1000, 1000, 1000, 1000, 10]",0.0003067125827632708,0.00027415784999999994,3.223473276327088e-05,1.7307587510943584e-05,1.4927145252327301e-05,3.2e-07,5.542021516154133e-07,0.0002617942630138499,0.0007125919616000001,0.00014538176422979035,0.0011203221909952558,0.0031318907,0.004252212890995256,313189070.0,875.0,752.0,500.0,999.0,272080.0,641616.0,3980,16,0.0003063925827632709,1000,0.001,,NN6,1,8,T,,,1000
MAX,RRM,-1,"[1000, 1000, 1000, 1000, 1000, 1000, 1000, 10]",0.0003067125827632708,0.00027415784999999994,3.223473276327088e-05,1.7307587510943584e-05,1.4927145252327301e-05,3.2e-07,5.542021516154133e-07,0.0002617942630138499,0.0007125919616000001,0.00014538176422979035,0.0011203221909952558,0.0031318907,0.004252212890995256,313189070.0,875.0,752.0,500.0,999.0,272080.0,641616.0,3980,16,0.0003063925827632709,1000,0.001,,NN6,1,8,T,,,
F200,RRM,-1,"[200, 200, 200, 200, 200, 200, 200, 10]",0.0006285959298247706,0.0006168585607954544,1.1417369029316158e-05,6.242256735756214e-06,5.175112293559943e-06,3.2e-07,1.9617662771055023e-07,1.8287614810049733e-05,0.00014479410560000003,0.00029795447073694125,0.00046123236777470154,0.0031318907,0.0035931230677747014,313189070.0,175.0,152.0,399.0,200.0,272080.0,876512.0,5620,2,0.00018303307843839825,1000,0.0,,NN6,1,8,T,,,
BESTFIX,RRM,-1,"[1000, 1000, 1000, 1000, 1000, 1000, 1000, 10]",0.0003067125827632708,0.00027415784999999994,3.223473276327088e-05,1.7307587510943584e-05,1.4927145252327301e-05,3.2e-07,5.542021516154133e-07,0.0002617942630138499,0.0007125919616000001,0.00014538176422979035,0.0011203221909952558,0.0031318907,0.004252212890995256,313189070.0,875.0,752.0,500.0,999.0,272080.0,641616.0,3980,16,0.0003063925827632709,1000,0.001,,NN6,1,8,T,,,1000
MAX,ORRM,-1,"[1000, 1000, 1000, 1000, 1000, 1000, 1000, 10]",0.0003067125827632708,0.00027415784999999994,3.223473276327088e-05,1.7307587510943584e-05,1.4927145252327301e-05,3.2e-07,5.542021516154132e-07,0.0002617942630138499,0.0007125919616000001,0.00014538176422979035,0.0011203221909952558,0.0031318907,0.004252212890995256,313189070.0,875.0,752.0,500.0,999.0,272080.0,641616.0,3980,16,0.0003063925827632709,1000,0.001,,NN6,1,8,T,,,
F200,ORRM,-1,"[200, 200, 200, 200, 200, 200, 200, 10]",0.0006284373423529003,0.0006168585607954544,1.1258781557445867e-05,6.161956823741749e-06,5.096824733704117e-06,3.2e-07,1.9345006176204998e-07,1.798524720510965e-05,0.0001445795648,0.0002978793002752747,0.00046063756234214644,0.0031318907,0.0035925282623421465,313189070.0,175.0,152.0,340.0,200.0,272080.0,876512.0,4164,4,0.00018341098732255998,1000,0.0015213815789473684,,NN6,1,8,T,,,
BESTFIX,ORRM,-1,"[1000, 1000, 1000, 1000, 1000, 1000, 1000, 10]",0.0003067125827632708,0.00027415784999999994,3.223473276327088e-05,1.7307587510943584e-05,1.4927145252327301e-05,3.2e-07,5.542021516154132e-07,0.0002617942630138499,0.0007125919616000001,0.00014538176422979035,0.0011203221909952558,0.0031318907,0.004252212890995256,313189070.0,875.0,752.0,500.0,999.0,272080.0,641616.0,3980,16,0.0003063925827632709,1000,0.001,,NN6,1,8,T,,,1000
RI,FM,-1,"[1000, 320, 649, 320, 649, 320, 649, 10]",0.0004889937664930059,0.00032981035192559526,0.00015886341456741067,1.4421595722515788e-06,0.00015742125499515908,3.2e-07,2.051890187320775e-05,0.006419878655715697,0.0005707177561600001,0.00023178304531768477,0.00724289835906659,0.0022283706999999997,0.00947126905906659,222837070.0,64.0,49.0,500.0,999.0,46700784.0,897568.0,7928,16,0.0004886737664930059,1000,0.0014419083576454436,"[6536.933701837753, 320.360701193105, 649.3348850451672, 320.360701193105, 649.3348850451672, 320.360701193105, 649.3348850451672, 35.755906639424865]",NN6,1,64,R,,,
CS,FM,-1,"[1000, 250, 667, 250, 667, 250, 667, 10]",0.00044768742107603737,0.0003080323006634901,0.00013933512041254726,1.3559403033041727e-06,0.0001379791801092431,3.2e-07,1.777274011484128e-05,0.005116115651189086,0.0004938840448000001,0.0002122038375900417,0.005839976273693969,0.0022205107,0.008060486973693968,222051070.0,61.0,46.0,500.0,999.0,40423520.0,873528.0,8984,16,0.0004473674210760375,1000,0.0014005157706804205,,NN6,1,64,R,2,14005,
CS,RRM,-1,"[1000, 250, 667, 250, 667, 250, 667, 10]",0.00044787029960900813,0.0003080323006634901,0.000139517998945518,1.3697090286001242e-06,0.00013814828991691786,3.2e-07,1.7797357483434225e-05,0.005126546762539353,0.00049447744,0.00021229052201466984,0.005851112082037457,0.0022205107,0.008071622782037456,222051070.0,61.0,46.0,500.0,999.0,40472000.0,681280.0,14024,2,0.0002676083970502038,1000,0.00019837333862328903,,NN6,1,64,R,2,14005,
CS,ORRM,-1,"[1000, 250, 667, 250, 667, 250, 667, 10]",0.0004477742236409423,0.0003080323006634901,0.00013942192297745215,1.3516331635962087e-06,0.00013807028981385595,3.2e-07,1.7785118759252313e-05,0.005119263326058499,0.00049417839232,0.00021224498200580664,0.005843471819143559,0.0022205107,0.008063982519143559,222051070.0,61.0,46.0,500.0,999.0,40447568.0,489256.0,11984,4,0.00023635799999763282,1000,0.0008042055147788138,,NN6,1,64,R,,,
CS_Er,ORRM,-1,"[1000, 250, 667, 250, 667, 250, 667, 10]",0.0004477742236409423,0.0003080323006634901,0.00013942192297745215,1.3516331635962087e-06,0.00013807028981385595,3.2e-07,1.7785118759252313e-05,0.005119263326058499,0.00049417839232,0.00021224498200580664,0.005843471819143559,0.0022205107,0.008063982519143559,222051070.0,61.0,46.0,500.0,999.0,40447568.0,489256.0,11984,4,0.00023635799999763282,1000,0.0008042055147788138,,NN6,1,64,R,,,
CSE,FM,-1,"[69, 67, 58, 67, 60, 56, 149, 5]",0.0012131139925620929,0.001165333608144097,4.7460384417995865e-05,8.056172901591727e-07,4.6654767127836695e-05,3.2e-07,3.700357120448602e-06,0.00012012162329830771,0.00010206039615999998,0.000575016032474432,0.0008008984090531883,0.0021805707,0.0029814691090531884,218057070.0,12.0,11.0,148.0,148.0,8411784.0,4111720.0,674,16,0.0012127939925620928,149,0.013874880611270296,,NN6,1,64,R,,,
BESTFIXE,FM,-1,"[68, 68, 68, 68, 68, 68, 68, 10]",0.001226930644942641,0.0011711923608802085,5.541828406243236e-05,1.0655965241421233e-06,5.4352687538290234e-05,3.2e-07,3.722917097744358e-06,0.00012870917580178545,0.00010322926720000002,0.0005815651257028118,0.0008172264858023416,0.0021807007,0.0029979271858023415,218070070.0,14.0,13.0,67.0,67.0,8507280.0,4007792.0,252,16,0.001226610644942641,68,0.014707547169811321,,NN6,1,64,R,,,68
MAX,FM,-1,"[1000, 1000, 1000, 1000, 1000, 1000, 1000, 10]",0.0006503824092506567,0.0002520000696875,0.0003980623395631567,2.2183910712068447e-06,0.00039584394849194986,3.2e-07,5.2758401219520015e-05,0.026897818591801053,0.0014722047232,0.00030828126198481127,0.028731062978205386,0.0023205007,0.031051563678205385,232050070.0,112.0,97.0,500.0,999.0,120351680.0,481296.0,3980,16,0.0006500624092506566,1000,0.001,,NN6,1,64,R,,,
F200,FM,-1,"[200, 200, 200, 200, 200, 200, 200, 10]",0.0006223724080170135,0.0005177423806836648,0.00010431002733334862,9.740479810359534e-07,0.00010333597935231267,3.2e-07,1.0658291145775668e-05,0.0010858127949881996,0.00029714905599999996,0.00029500452140006437,0.0016886246635340397,0.0022005007,0.00388912536353404,220050070.0,28.0,25.0,199.0,199.0,24350400.0,1469480.0,780,16,0.0006220524080170134,200,0.005,,NN6,1,64,R,,,
BESTFIX,FM,-1,"[500, 500, 500, 500, 500, 500, 500, 10]",0.0005131121774139472,0.0003106317488606554,0.00020216042855329173,1.2775033409200945e-06,0.00020088292521237163,3.2e-07,2.6434409754617194e-05,0.00673687327917823,0.0007378008064,0.00024321517209421095,0.007744323667427058,0.0022455007,0.009989824367427059,224550070.0,56.0,49.0,499.0,499.0,60351360.0,706368.0,1980,16,0.0005127921774139471,500,0.002,,NN6,1,64,R,,,500
MAX,RRM,-1,"[1000, 1000, 1000, 1000, 1000, 1000, 1000, 10]",0.0006503824092506567,0.0002520000696875,0.0003980623395631567,2.2183910712068447e-06,0.00039584394849194986,3.2e-07,5.2758401219520015e-05,0.026897818591801053,0.0014722047232,0.00030828126198481127,0.028731062978205386,0.0023205007,0.031051563678205385,232050070.0,112.0,97.0,500.0,999.0,120351680.0,481296.0,3980,16,0.0006500624092506566,1000,0.001,,NN6,1,64,R,,,
F200,RRM,-1,"[200, 200, 200, 200, 200, 200, 200, 10]",0.0006229301842219301,0.0005177423806836648,0.00010486780353826526,9.987610777209943e-07,0.00010386904246054427,3.2e-07,1.0716118870243219e-05,0.0010971687504040325,0.00029863744,0.00029526890732119485,0.0017017912165954705,0.0022005007,0.0039022919165954705,220050070.0,28.0,25.0,399.0,200.0,24472000.0,556512.0,5620,2,0.0001724481953394201,1000,0.0,,NN6,1,64,R,,,
BESTFIX,RRM,-1,"[500, 500, 500, 500, 500, 500, 500, 10]",0.0005135916237921792,0.0003106317488606554,0.00020263987493152386,1.3165765120003354e-06,0.00020132329841952352,3.2e-07,2.649772302810465e-05,0.006766510539164307,0.00073927744,0.00024344242967749296,0.007775728131869905,0.0022455007,0.010021228831869905,224550070.0,56.0,49.0,500.0,500.0,60472000.0,416136.0,14020,2,0.0003318911113665823,1000,0.0,,NN6,1,64,R,,,500
MAX,ORRM,-1,"[1000, 1000, 1000, 1000, 1000, 1000, 1000, 10]",0.0006503823209895971,0.0002520000696875,0.0003980622513020971,2.2183028101472552e-06,0.00039584394849194986,3.2e-07,5.275839362906889e-05,0.026897818551522942,0.0014722047232,0.00030828122014906904,0.028731062888501083,0.0023205007,0.031051563588501082,232050070.0,112.0,97.0,500.0,999.0,120351680.0,481296.0,3980,16,0.0006500623209895971,1000,0.001,,NN6,1,64,R,,,
F200,ORRM,-1,"[200, 200, 200, 200, 200, 200, 200, 10]",0.0006228724120955919,0.0005177423806836648,0.00010481003141192705,9.85927919656691e-07,0.00010382410349227036,3.2e-07,1.0712696716059421e-05,0.0010951619284228283,0.00029818456,0.00029524152333331057,0.0016993007084721984,0.0022005007,0.0038998014084721984,220050070.0,28.0,25.0,340.0,200.0,24435000.0,556512.0,4164,4,0.0001811719034966249,1000,0.0015213815789473684,,NN6,1,64,R,,,
BESTFIX,ORRM,-1,"[500, 500, 500, 500, 500, 500, 500, 10]",0.0005133234233749701,0.0003106317488606554,0.0002023716745143147,1.2947672041757872e-06,0.00020107690731013892,3.2e-07,2.6462482911750622e-05,0.006749008149858545,0.0007383430873600001,0.0002433153026797358,0.007757129022810031,0.0022455007,0.010002629722810031,224550070.0,56.0,49.0,500.0,500.0,60395664.0,434080.0,7980,4,0.00029146650992462877,1000,0.0012655172413793103,,NN6,1,64,R,,,500
RI,FM,-1,"[1000, 1000, 1000, 1000, 1000, 1000, 1000, 10]",0.00027862048368080373,0.00027415784999999994,4.142633680803821e-06,2.2183910712068447e-06,1.924242609596976e-06,3.2e-07,5.547128371670818e-07,0.0002617971241539777,0.0007125919616000001,0.00013206610926470096,0.0011070099078558458,0.0031318907,0.004238900607855846,313189070.0,112.0,97.0,500.0,999.0,272080.0,641616.0,3980,16,0.00027830048368080384,1000,0.001,"[9348.673895858767, 6471.70090413582, 6601.009933953133, 6471.70090413582, 6601.009933953133, 6471.70090413582, 4605.397701409504, 734.6073781279358]",NN6,1,64,T,,,
CS,FM,-1,"[1000, 1000, 1000, 1000, 1000, 1000, 1000, 10]",0.00027862048368080373,0.00027415784999999994,4.142633680803821e-06,2.2183910712068447e-06,1.924242609596976e-06,3.2e-07,5.547128371670818e-07,0.0002617971241539777,0.0007125919616000001,0.00013206610926470096,0.0011070099078558458,0.0031318907,0.004238900607855846,313189070.0,112.0,97.0,500.0,999.0,272080.0,641616.0,3980,16,0.00027830048368080384,1000,0.001,,NN6,1,64,T,1,7003,
CS,RRM,-1,"[1000, 1000, 1000, 1000, 1000, 1000, 1000, 10]",0.00027862048368080373,0.00027415784999999994,4.142633680803821e-06,2.2183910712068447e-06,1.924242609596976e-06,3.2e-07,5.547128371670818e-07,0.0002617971241539777,0.0007125919616000001,0.00013206610926470096,0.0011070099078558458,0.0031318907,0.004238900607855846,313189070.0,112.0,97.0,500.0,999.0,272080.0,641616.0,3980,16,0.00027830048368080384,1000,0.001,,NN6,1,64,T,1,7003,
CS,ORRM,-1,"[1000, 1000, 1000, 1000, 1000, 1000, 1000, 10]",0.00027862039541974413,0.00027415784999999994,4.142545419744231e-06,2.2183028101472552e-06,1.924242609596976e-06,3.2e-07,5.547052467159572e-07,0.0002617970838758666,0.0007125919616000001,0.0001320660674289587,0.0011070098181515413,0.0031318907,0.004238900518151541,313189070.0,112.0,97.0,500.0,999.0,272080.0,641616.0,3980,16,0.00027830039541974425,1000,0.001,,NN6,1,64,T,,,
CS_Er,ORRM,-1,"[1000, 1000, 1000, 1000, 1000, 1000, 1000, 10]",0.00027862039541974413,0.00027415784999999994,4.142545419744231e-06,2.2183028101472552e-06,1.924242609596976e-06,3.2e-07,5.547052467159572e-07,0.0002617970838758666,0.0007125919616000001,0.0001320660674289587,0.0011070098181515413,0.0031318907,0.004238900518151541,313189070.0,112.0,97.0,500.0,999.0,272080.0,641616.0,3980,16,0.00027830039541974425,1000,0.001,,NN6,1,64,T,,,
CSE,FM,-1,"[667, 167, 334, 167, 334, 167, 334, 10]",0.0004843002493008688,0.00048213903527853733,1.8412140223314873e-06,1.037488506689047e-06,8.037255156424404e-07,3.2e-07,2.2092542057206566e-07,2.2827595518821915e-05,0.00015258927744,0.0002295583181686118,0.00040519611654800576,0.0031318907,0.0035370868165480055,313189070.0,38.0,28.0,500.0,666.0,272080.0,2107272.0,4652,16,0.00048398024930086886,667,0.002669074195666448,,NN6,1,64,T,,,
BESTFIXE,FM,-1,"[250, 250, 250, 250, 250, 250, 250, 10]",0.0005128447374633775,0.0005109799993522362,1.5447381111411886e-06,8.400798405204788e-07,7.046582706207099e-07,3.2e-07,2.057136979005823e-07,2.375971284300545e-05,0.00017961152,0.00024308840555764094,0.000446665352098547,0.0031318907,0.003578556052098547,313189070.0,28.0,25.0,249.0,249.0,272080.0,1981704.0,980,16,0.0005125247374633775,250,0.004,,NN6,1,64,T,,,250
MAX,FM,-1,"[1000, 1000, 1000, 1000, 1000, 1000, 1000, 10]",0.00027862048368080373,0.00027415784999999994,4.142633680803821e-06,2.2183910712068447e-06,1.924242609596976e-06,3.2e-07,5.547128371670818e-07,0.0002617971241539777,0.0007125919616000001,0.00013206610926470096,0.0011070099078558458,0.0031318907,0.004238900607855846,313189070.0,112.0,97.0,500.0,999.0,272080.0,641616.0,3980,16,0.00027830048368080384,1000,0.001,,NN6,1,64,T,,,
F200,FM,-1,"[200, 200, 200, 200, 200, 200, 200, 10]",0.0006189653528346855,0.0006168585607954544,1.7867920392309613e-06,9.740479810359534e-07,8.127440581950079e-07,3.2e-07,1.9045335165802188e-07,1.7606463811729153e-05,0.00014407873279999997,0.00029338957724364093,0.0004552652272070281,0.0031318907,0.003587155927207028,313189070.0,28.0,25.0,199.0,199.0,272080.0,2431080.0,780,16,0.0006186453528346854,200,0.005,,NN6,1,64,T,,,
BESTFIX,FM,-1,"[1000, 1000, 1000, 1000, 1000, 1000, 1000, 10]",0.00027862048368080373,0.00027415784999999994,4.142633680803821e-06,2.2183910712068447e-06,1.924242609596976e-06,3.2e-07,5.547128371670818e-07,0.0002617971241539777,0.0007125919616000001,0.00013206610926470096,0.0011070099078558458,0.0031318907,0.004238900607855846,313189070.0,112.0,97.0,500.0,999.0,272080.0,641616.0,3980,16,0.00027830048368080384,1000,0.001,,NN6,1,64,T,,,1000
MAX,RRM,-1,"[1000, 1000, 1000, 1000, 1000, 1000, 1000, 10]",0.00027862048368080373,0.00027415784999999994,4.142633680803821e-06,2.2183910712068447e-06,1.924242609596976e-06,3.2e-07,5.547128371670818e-07,0.0002617971241539777,0.0007125919616000001,0.00013206610926470096,0.0011070099078558458,0.0031318907,0.004238900607855846,313189070.0,112.0,97.0,500.0,999.0,272080.0,641616.0,3980,16,0.00027830048368080384,1000,0.001,,NN6,1,64,T,,,
F200,RRM,-1,"[200, 200, 200, 200, 200, 200, 200, 10]",0.0006190248937454844,0.0006168585607954544,1.8463329500299916e-06,9.987610777209943e-07,8.475718723089975e-07,3.2e-07,1.9750313494910127e-07,1.8413767248149994e-05,0.00014479410560000003,0.00029341779963535964,0.00045682317561845877,0.0031318907,0.0035887138756184587,313189070.0,28.0,25.0,399.0,200.0,272080.0,876512.0,5620,2,0.00018111196204049026,1000,0.0,,NN6,1,64,T,,,
BESTFIX,RRM,-1,"[1000, 1000, 1000, 1000, 1000, 1000, 1000, 10]",0.00027862048368080373,0.00027415784999999994,4.142633680803821e-06,2.2183910712068447e-06,1.924242609596976e-06,3.2e-07,5.547128371670818e-07,0.0002617971241539777,0.0007125919616000001,0.00013206610926470096,0.0011070099078558458,0.0031318907,0.004238900607855846,313189070.0,112.0,97.0,500.0,999.0,272080.0,641616.0,3980,16,0.00027830048368080384,1000,0.001,,NN6,1,64,T,,,1000
MAX,ORRM,-1,"[1000, 1000, 1000, 1000, 1000, 1000, 1000, 10]",0.00027862039541974413,0.00027415784999999994,4.142545419744231e-06,2.2183028101472552e-06,1.924242609596976e-06,3.2e-07,5.547052467159572e-07,0.0002617970838758666,0.0007125919616000001,0.0001320660674289587,0.0011070098181515413,0.0031318907,0.004238900518151541,313189070.0,112.0,97.0,500.0,999.0,272080.0,641616.0,3980,16,0.00027830039541974425,1000,0.001,,NN6,1,64,T,,,
F200,ORRM,-1,"[200, 200, 200, 200, 200, 200, 200, 10]",0.0006189994745603227,0.0006168585607954544,1.8209137648682356e-06,9.85927919656691e-07,8.349858452115445e-07,3.2e-07,1.94776569000601e-07,1.811119252076954e-05,0.0001445795648,0.000293405750941593,0.0004562912848313631,0.0031318907,0.003588181984831363,313189070.0,28.0,25.0,340.0,200.0,272080.0,876512.0,4164,4,0.00018110571315747134,1000,0.0015213815789473684,,NN6,1,64,T,,,
BESTFIX,ORRM,-1,"[1000, 1000, 1000, 1000, 1000, 1000, 1000, 10]",0.00027862039541974413,0.00027415784999999994,4.142545419744231e-06,2.2183028101472552e-06,1.924242609596976e-06,3.2e-07,5.547052467159572e-07,0.0002617970838758666,0.0007125919616000001,0.0001320660674289587,0.0011070098181515413,0.0031318907,0.004238900518151541,313189070.0,112.0,97.0,500.0,999.0,272080.0,641616.0,3980,16,0.00027830039541974425,1000,0.001,,NN6,1,64,T,,,1000
RI,FM,-1,"[1000, 67, 142, 67, 142, 67, 142, 9]",0.005355965364668395,0.003130947748770533,0.0022224576158978624,3.3916410569945614e-05,0.0021885412053279166,2.56e-06,3.561308795557677e-05,0.0053728930539245195,0.0009936776345600001,0.002538727582852819,0.008940911359292916,0.013520384199999999,0.022461295559292917,1352038420.0,206.0,83.0,500.0,999.0,81770944.0,3939336.0,4882,16,0.005353405364668396,1000,0.005789099526066351,"[4622.440096360843, 67.27711912989366, 142.41679788584864, 67.27711912989366, 142.41679788584864, 67.27711912989366, 142.41679788584864, 8.909045175702325]",NN6,8,8,R,,,
CS,FM,-1,"[1000, 80, 144, 80, 144, 80, 144, 5]",0.00514948671599498,0.002822034568697595,0.002324892147297385,3.3337272392575946e-05,0.002291554874904809,2.56e-06,3.965652332216796e-05,0.006392221653097633,0.0011075695616,0.0024408567033816207,0.009980304441401421,0.013532064199999999,0.02351236864140142,1353206420.0,209.0,85.0,500.0,999.0,91075840.0,3658608.0,4758,16,0.005146926715994981,1000,0.005623229461756374,,NN6,8,8,R,2,14005,
CS,RRM,-1,"[1000, 80, 144, 78, 144, 78, 144, 5]",0.00516203709951478,0.0028219560998087065,0.002337520999706073,3.3457584847605e-05,0.002304063414858468,2.56e-06,3.942467992016867e-05,0.006376679805458463,0.0011010050048000002,0.0024468055851700056,0.009963915075348637,0.0135307842,0.023494699275348637,1353078420.0,209.0,85.0,500.0,999.0,90539520.0,1444464.0,6362,2,0.001145837199058138,1000,0.00022922636103151864,,NN6,8,8,R,2,14005,
CS,ORRM,-1,"[1000, 80, 144, 80, 144, 80, 144, 5]",0.0051545099317016115,0.002822034568697595,0.0023299153630040167,3.335824322033439e-05,0.0022965571197836824,2.56e-06,3.974283916173379e-05,0.006399276581729416,0.00110997369344,0.0024432377076265637,0.009992230821957713,0.013532064199999999,0.023524295021957714,1353206420.0,209.0,85.0,500.0,999.0,91272256.0,1734480.0,5718,4,0.0016835058217530992,1000,0.0034497167138810196,,NN6,8,8,R,,,
CS_Er,ORRM,-1,"[1000, 80, 144, 80, 144, 80, 144, 5]",0.0051545099317016115,0.002822034568697595,0.0023299153630040167,3.335824322033439e-05,0.0022965571197836824,2.56e-06,3.974283916173379e-05,0.006399276581729416,0.00110997369344,0.0024432377076265637,0.009992230821957713,0.013532064199999999,0.023524295021957714,1353206420.0,209.0,85.0,500.0,999.0,91272256.0,1734480.0,5718,4,0.0016835058217530992,1000,0.0034497167138810196,,NN6,8,8,R,,,
CSE,FM,-1,"[67, 40, 55, 40, 55, 40, 68, 5]",0.006748441038472014,0.0056061798085953254,0.0011397012298766877,3.2337157949984186e-05,0.0011073640719267035,2.56e-06,1.9087813160448226e-05,0.0005245061208554167,0.0005297671424,0.0031987610522357345,0.0042721221286515995,0.0134733442,0.0177454663286516,1347334420.0,47.0,39.0,67.0,67.0,43869760.0,6635576.0,490,16,0.006745881038472014,68,0.017013274336283187,,NN6,8,8,R,,,
BESTFIXE,FM,-1,"[48, 48, 48, 48, 48, 48, 48, 10]",0.006955585364281567,0.005679619550520132,0.0012734058137614343,3.119383933414362e-05,0.0012422119744272908,2.56e-06,2.1248697320988645e-05,0.0005182710865787861,0.0005906302976,0.0032969474626694624,0.004427097544169237,0.013479904199999998,0.017907001744169235,1347990420.0,42.0,38.0,47.0,47.0,48842240.0,6666536.0,172,16,0.006953025364281566,48,0.020842105263157894,,NN6,8,8,R,,,48
MAX,FM,-1,"[1000, 1000, 1000, 1000, 1000, 1000, 1000, 10]",0.02533007268602001,0.0009287703061979167,0.024398742379822095,4.359435221682592e-05,0.02435514802760527,2.56e-06,0.0004189910784751459,0.21371277050966642,0.0117776377856,0.012006454453173485,0.23791585382691505,0.014622304199999998,0.25253815802691504,1462230420.0,875.0,752.0,500.0,999.0,962813440.0,1827816.0,3980,16,0.025327512686020008,1000,0.001,,NN6,8,8,R,,,
F200,FM,-1,"[200, 200, 200, 200, 200, 200, 200, 10]",0.006890795802367979,0.0019219188265216843,0.004966316975846295,3.281343338766008e-05,0.004933503542458635,2.56e-06,8.475606776732554e-05,0.008637848782531618,0.0023771924479999997,0.003266237210322422,0.014366034508621365,0.0136623042,0.028028338708621363,1366230420.0,175.0,152.0,199.0,199.0,194803200.0,2732360.0,780,16,0.006888235802367979,200,0.005,,NN6,8,8,R,,,
BESTFIX,FM,-1,"[96, 96, 96, 96, 96, 96, 96, 10]",0.005817683870268941,0.003375023875685417,0.0024400999945835234,3.1677786083590014e-05,0.0024084222084999334,2.56e-06,4.1308820236592004e-05,0.0020184703792257975,0.0011549785087999998,0.0027575821545074777,0.005972339862769867,0.0135375042,0.019509844062769868,1353750420.0,84.0,74.0,95.0,95.0,94949120.0,4024216.0,364,16,0.0058151238702689395,96,0.01041891891891892,,NN6,8,8,R,,,96
MAX,RRM,-1,"[1000, 1000, 1000, 1000, 1000, 1000, 1000, 10]",0.02533007268602001,0.0009287703061979167,0.024398742379822095,4.359435221682592e-05,0.02435514802760527,2.56e-06,0.0004189910784751459,0.21371277050966642,0.0117776377856,0.012006454453173485,0.23791585382691505,0.014622304199999998,0.25253815802691504,1462230420.0,875.0,752.0,500.0,999.0,962813440.0,1827816.0,3980,16,0.025327512686020008,1000,0.001,,NN6,8,8,R,,,
F200,RRM,-1,"[200, 200, 200, 200, 200, 200, 200, 10]",0.006915977960256883,0.0019219188265216843,0.004991499133735198,3.301431555928563e-05,0.004958484818175912,2.56e-06,8.51858600100635e-05,0.008725112178965932,0.00238909952,0.003278173553161762,0.014477571112137757,0.0136623042,0.028139875312137755,1366230420.0,175.0,152.0,399.0,200.0,195776000.0,1063536.0,5620,2,0.002144676757242118,1000,0.0,,NN6,8,8,R,,,
BESTFIX,RRM,-1,"[96, 96, 96, 96, 96, 96, 96, 10]",0.005843128415000663,0.003375023875685417,0.0024655445393152457,3.1724582097384335e-05,0.0024338199572178612,2.56e-06,4.173945282714407e-05,0.0020608079378791216,0.0011670579200000002,0.002769642868710314,0.006039248179416579,0.0135375042,0.019576752379416577,1353750420.0,84.0,74.0,191.0,96.0,95936000.0,1217584.0,2708,2,0.0011072254923144187,682,0.0,,NN6,8,8,R,,,96
MAX,ORRM,-1,"[1000, 1000, 1000, 1000, 1000, 1000, 1000, 10]",0.02533007268602001,0.0009287703061979167,0.024398742379822095,4.359435221682592e-05,0.02435514802760527,2.56e-06,0.0004189910784751459,0.21371277050966642,0.0117776377856,0.012006454453173485,0.23791585382691505,0.014622304199999998,0.25253815802691504,1462230420.0,875.0,752.0,500.0,999.0,962813440.0,1827816.0,3980,16,0.025327512686020008,1000,0.001,,NN6,8,8,R,,,
F200,ORRM,-1,"[200, 200, 200, 200, 200, 200, 200, 10]",0.006908507608079131,0.0019219188265216843,0.004984028781557446,3.2934015647271165e-05,0.004951094765910175,2.56e-06,8.506070991470322e-05,0.00869913624671511,0.00238547648,0.003274632606229508,0.01444430604285932,0.0136623042,0.02810661024285932,1366230420.0,175.0,152.0,340.0,200.0,195480000.0,1063536.0,4164,4,0.002145487846792458,1000,0.0015213815789473684,,NN6,8,8,R,,,
BESTFIX,ORRM,-1,"[96, 96, 96, 96, 96, 96, 96, 10]",0.005843128415000663,0.003375023875685417,0.0024655445393152457,3.1724582097384335e-05,0.0024338199572178612,2.56e-06,4.173945282714407e-05,0.0020608079378791216,0.0011670579200000002,0.002769642868710314,0.006039248179416579,0.0135375042,0.019576752379416577,1353750420.0,84.0,74.0,191.0,96.0,95936000.0,1217584.0,2708,2,0.0011072254923144187,682,0.0,,NN6,8,8,R,,,96
RI,FM,-1,"[1000, 1000, 1000, 1000, 1000, 1000, 1000, 10]",0.0010848177175671924,0.0010030918083333332,7.91659092338591e-05,4.359435221682592e-05,3.557155701703317e-05,2.56e-06,1.3612931810271776e-06,0.0006244568037844378,0.005700735692800001,0.0005142035981268491,0.006840757387892314,0.017747824199999998,0.024588581587892313,1774782420.0,875.0,752.0,500.0,999.0,2176640.0,1764136.0,3980,16,0.0010822577175671924,1000,0.001,"[5359.876593469501, 3525.0967940479745, 3757.6811013255515, 3525.0967940479745, 3757.6811013255515, 3525.0967940479745, 3236.7490736734444, 577.8758036502692]",NN6,8,8,T,,,
CS,FM,-1,"[1000, 1000, 1000, 1000, 1000, 1000, 1000, 10]",0.0010848177175671924,0.0010030918083333332,7.91659092338591e-05,4.359435221682592e-05,3.557155701703317e-05,2.56e-06,1.3612931810271776e-06,0.0006244568037844378,0.005700735692800001,0.0005142035981268491,0.006840757387892314,0.017747824199999998,0.024588581587892313,1774782420.0,875.0,752.0,500.0,999.0,2176640.0,1764136.0,3980,16,0.0010822577175671924,1000,0.001,,NN6,8,8,T,1,7003,
CS,RRM,-1,"[1000, 1000, 1000, 1000, 1000, 1000, 1000, 10]",0.0010848177175671924,0.0010030918083333332,7.91659092338591e-05,4.359435221682592e-05,3.557155701703317e-05,2.56e-06,1.3612931810271776e-06,0.0006244568037844378,0.005700735692800001,0.0005142035981268491,0.006840757387892314,0.017747824199999998,0.024588581587892313,1774782420.0,875.0,752.0,500.0,999.0,2176640.0,1764136.0,3980,16,0.0010822577175671924,1000,0.001,,NN6,8,8,T,1,7003,
CS,ORRM,-1,"[1000, 1000, 1000, 1000, 1000, 1000, 1000, 10]",0.0010848177175671924,0.0010030918083333332,7.91659092338591e-05,4.359435221682592e-05,3.557155701703317e-05,2.56e-06,1.3612931810271778e-06,0.0006244568037844378,0.005700735692800001,0.0005142035981268491,0.006840757387892314,0.017747824199999998,0.024588581587892313,1774782420.0,875.0,752.0,500.0,999.0,2176640.0,1764136.0,3980,16,0.0010822577175671924,1000,0.001,,NN6,8,8,T,,,
CS_Er,ORRM,-1,"[1000, 1000, 1000, 1000, 1000, 1000, 1000, 10]",0.0010848177175671924,0.0010030918083333332,7.91659092338591e-05,4.359435221682592e-05,3.557155701703317e-05,2.56e-06,1.3612931810271778e-06,0.0006244568037844378,0.005700735692800001,0.0005142035981268491,0.006840757387892314,0.017747824199999998,0.024588581587892313,1774782420.0,875.0,752.0,500.0,999.0,2176640.0,1764136.0,3980,16,0.0010822577175671924,1000,0.001,,NN6,8,8,T,,,
CSE,FM,-1,"[308, 100, 223, 100, 223, 100, 308, 10]",0.0025332916388509227,0.0024712186077806312,5.951303107029111e-05,3.323825656398915e-05,2.6274774506301957e-05,2.56e-06,1.0096426918607663e-06,6.050722611462636e-05,0.0007592292864,0.0012007802368153373,0.0020215263920218243,0.017747824199999998,0.019769350592021822,1774782420.0,173.0,136.0,307.0,307.0,2176640.0,4387592.0,3028,16,0.0025307316388509223,308,0.004027081243731193,,NN6,8,8,T,,,
BESTFIXE,FM,-1,"[167, 167, 167, 167, 167, 167, 167, 10]",0.002345903353728813,0.002284751758945276,5.859159478353679e-05,3.264478756462599e-05,2.5946807218910796e-05,2.56e-06,1.0016357845414962e-06,7.615944449084693e-05,0.0009650141696000001,0.0011119581896674574,0.002154133439542846,0.017747824199999998,0.019901957639542844,1774782420.0,147.0,128.0,166.0,166.0,2176640.0,3951176.0,648,16,0.0023433433537288135,167,0.0059882121807465615,,NN6,8,8,T,,,167
MAX,FM,-1,"[1000, 1000, 1000, 1000, 1000, 1000, 1000, 10]",0.0010848177175671924,0.0010030918083333332,7.91659092338591e-05,4.359435221682592e-05,3.557155701703317e-05,2.56e-06,1.3612931810271776e-06,0.0006244568037844378,0.005700735692800001,0.0005142035981268491,0.006840757387892314,0.017747824199999998,0.024588581587892313,1774782420.0,875.0,752.0,500.0,999.0,2176640.0,1764136.0,3980,16,0.0010822577175671924,1000,0.001,,NN6,8,8,T,,,
F200,FM,-1,"[200, 200, 200, 200, 200, 200, 200, 10]",0.0021610573456432927,0.0020995780168558227,5.891932878747031e-05,3.281343338766008e-05,2.6105895399810224e-05,2.56e-06,1.0130871790902523e-06,9.216974017867666e-05,0.0011526298623999998,0.0010243411818349206,0.0022701538715926874,0.017747824199999998,0.020017978071592685,1774782420.0,175.0,152.0,199.0,199.0,2176640.0,3500904.0,780,16,0.0021584973456432927,200,0.005,,NN6,8,8,T,,,
BESTFIX,FM,-1,"[1000, 1000, 1000, 1000, 1000, 1000, 1000, 10]",0.0010848177175671924,0.0010030918083333332,7.91659092338591e-05,4.359435221682592e-05,3.557155701703317e-05,2.56e-06,1.3612931810271776e-06,0.0006244568037844378,0.005700735692800001,0.0005142035981268491,0.006840757387892314,0.017747824199999998,0.024588581587892313,1774782420.0,875.0,752.0,500.0,999.0,2176640.0,1764136.0,3980,16,0.0010822577175671924,1000,0.001,,NN6,8,8,T,,,1000
MAX,RRM,-1,"[1000, 1000, 1000, 1000, 1000, 1000, 1000, 10]",0.0010848177175671924,0.0010030918083333332,7.91659092338591e-05,4.359435221682592e-05,3.557155701703317e-05,2.56e-06,1.3612931810271776e-06,0.0006244568037844378,0.005700735692800001,0.0005142035981268491,0.006840757387892314,0.017747824199999998,0.024588581587892313,1774782420.0,875.0,752.0,500.0,999.0,2176640.0,1764136.0,3980,16,0.0010822577175671924,1000,0.001,,NN6,8,8,T,,,
F200,RRM,-1,"[200, 200, 200, 200, 200, 200, 200, 10]",0.0021614571505910213,0.0020995780168558227,5.931913373519851e-05,3.301431555928563e-05,2.6304818175912885e-05,2.56e-06,1.0199617747693738e-06,9.333168446004976e-05,0.0011583528448000002,0.001024530689380144,0.002277235180414963,0.017747824199999998,0.02002505938041496,1774782420.0,175.0,152.0,399.0,200.0,2176640.0,1383536.0,5620,2,0.0006016396204169466,1000,0.0,,NN6,8,8,T,,,
BESTFIX,RRM,-1,"[1000, 1000, 1000, 1000, 1000, 1000, 1000, 10]",0.0010848177175671924,0.0010030918083333332,7.91659092338591e-05,4.359435221682592e-05,3.557155701703317e-05,2.56e-06,1.3612931810271776e-06,0.0006244568037844378,0.005700735692800001,0.0005142035981268491,0.006840757387892314,0.017747824199999998,0.024588581587892313,1774782420.0,875.0,752.0,500.0,999.0,2176640.0,1764136.0,3980,16,0.0010822577175671924,1000,0.001,,NN6,8,8,T,,,1000
MAX,ORRM,-1,"[1000, 1000, 1000, 1000, 1000, 1000, 1000, 10]",0.0010848177175671924,0.0010030918083333332,7.91659092338591e-05,4.359435221682592e-05,3.557155701703317e-05,2.56e-06,1.3612931810271778e-06,0.0006244568037844378,0.005700735692800001,0.0005142035981268491,0.006840757387892314,0.017747824199999998,0.024588581587892313,1774782420.0,875.0,752.0,500.0,999.0,2176640.0,1764136.0,3980,16,0.0010822577175671924,1000,0.001,,NN6,8,8,T,,,
F200,ORRM,-1,"[200, 200, 200, 200, 200, 200, 200, 10]",0.002161298563119151,0.0020995780168558227,5.916054626332823e-05,3.2934015647271165e-05,2.6226530616057063e-05,2.56e-06,1.0172352088208734e-06,9.291742027393316e-05,0.0011566365184,0.0010244555189184775,0.0022750266928012316,0.017747824199999998,0.02002285089280123,1774782420.0,175.0,152.0,340.0,200.0,2176640.0,1383536.0,4164,4,0.0006095149965575204,1000,0.0015213815789473684,,NN6,8,8,T,,,
BESTFIX,ORRM,-1,"[1000, 1000, 1000, 1000, 1000, 1000, 1000, 10]",0.0010848177175671924,0.0010030918083333332,7.91659092338591e-05,4.359435221682592e-05,3.557155701703317e-05,2.56e-06,1.3612931810271778e-06,0.0006244568037844378,0.005700735692800001,0.0005142035981268491,0.006840757387892314,0.017747824199999998,0.024588581587892313,1774782420.0,875.0,752.0,500.0,999.0,2176640.0,1764136.0,3980,16,0.0010822577175671924,1000,0.001,,NN6,8,8,T,,,1000
RI,FM,-1,"[1000, 190, 403, 190, 403, 190, 403, 10]",0.0023144131572341545,0.00151873776077796,0.0007931153964561945,4.740713083323641e-06,0.0007883746833728709,2.56e-06,9.866706174498422e-05,0.02301400634858982,0.0027661620224000002,0.0010970318365289891,0.026975867269263796,0.0137014242,0.0406772914692638,1370142420.0,46.0,31.0,500.0,999.0,226581760.0,2454192.0,6536,16,0.0023118531572341545,1000,0.002170586568432984,"[13074.234951061402, 190.28842862177203, 402.8155341598302, 190.28842862177203, 402.8155341598302, 190.28842862177203, 402.8155341598302, 25.198585030545644]",NN6,8,64,R,,,
CS,FM,-1,"[1000, 256, 445, 250, 445, 250, 445, 10]",0.0022406304965634062,0.0012901083435203167,0.0009479621530430896,4.556376822905069e-06,0.0009434057762201845,2.56e-06,0.0001228504480995046,0.03224399346349948,0.0034469378969599995,0.0010620588553710544,0.036875840663930036,0.013771024199999999,0.05064686486393004,1377102420.0,49.0,34.0,500.0,999.0,282200704.0,2237544.0,6296,16,0.002238070496563406,1000,0.0019581723118890656,,NN6,8,64,R,2,14005,
CS,RRM,-1,"[1000, 250, 445, 250, 445, 250, 445, 10]",0.0022422244012421733,0.0012900737732078167,0.0009495906280343568,4.59193720381365e-06,0.0009449986908305431,2.56e-06,0.00012238975386630698,0.031944388668834124,0.00343410176,0.00106281436618879,0.036563694548889226,0.0137691042,0.050332798748889226,1376910420.0,49.0,34.0,500.0,999.0,281152000.0,1195672.0,11360,2,0.0009308067357230872,1000,0.00022857142857142857,,NN6,8,64,R,2,14005,
CS,ORRM,-1,"[1000, 250, 445, 250, 445, 250, 445, 10]",0.002241184204019883,0.0012900737732078167,0.0009485504308120662,4.5716548123199995e-06,0.0009439787759997462,2.56e-06,0.00012226136228274542,0.03188647962779819,0.0034305178880000005,0.0010623213127054245,0.03650158019078636,0.0137691042,0.05027068439078636,1376910420.0,49.0,34.0,500.0,999.0,280859200.0,1388104.0,9320,4,0.0011553124592277979,1000,0.0012742857142857143,,NN6,8,64,R,,,
CS_Er,ORRM,-1,"[1000, 250, 445, 250, 445, 250, 445, 10]",0.002241184204019883,0.0012900737732078167,0.0009485504308120662,4.5716548123199995e-06,0.0009439787759997462,2.56e-06,0.00012226136228274542,0.03188647962779819,0.0034305178880000005,0.0010623213127054245,0.03650158019078636,0.0137691042,0.05027068439078636,1376910420.0,49.0,34.0,500.0,999.0,280859200.0,1388104.0,9320,4,0.0011553124592277979,1000,0.0012742857142857143,,NN6,8,64,R,,,
CSE,FM,-1,"[67, 44, 55, 50, 55, 44, 87, 5]",0.005468345012682693,0.005204532977503279,0.0002612520351794134,5.5745309061620686e-06,0.0002556775042732513,2.56e-06,2.1676562045614416e-05,0.0006176800097099015,0.0006001261875199999,0.0025919955360115964,0.003831478295287112,0.0134806242,0.017312102495287113,1348062420.0,9.0,8.0,86.0,86.0,49618048.0,6178680.0,494,16,0.005465785012682693,87,0.016538361508452535,,NN6,8,64,R,,,
BESTFIXE,FM,-1,"[53, 53, 53, 53, 53, 53, 53, 10]",0.005459533538927955,0.005210858878228699,0.00024611466069925574,4.749095055510232e-06,0.00024136556564374552,2.56e-06,2.3349024508999583e-05,0.0006289723337836127,0.0006494449664000001,0.0025878188974518507,0.003889585222144463,0.0134859042,0.017375489422144463,1348590420.0,7.0,7.0,52.0,52.0,53647360.0,6150632.0,192,16,0.005456973538927955,53,0.018874251497005987,,NN6,8,64,R,,,53
MAX,FM,-1,"[1000, 1000, 1000, 1000, 1000, 1000, 1000, 10]",0.00409285793987872,0.0009287703061979167,0.003161527633680803,5.5830969535597865e-06,0.0031559445367272433,2.56e-06,0.0004189915891606964,0.213712773370807,0.0117776377856,0.0019400146635025132,0.22784941740907022,0.014622304199999998,0.2424717216090702,1462230420.0,112.0,97.0,500.0,999.0,962813440.0,1827816.0,3980,16,0.00409029793987872,1000,0.001,,NN6,8,64,R,,,
F200,FM,-1,"[200, 200, 200, 200, 200, 200, 200, 10]",0.0027541353244432683,0.0019219188265216843,0.0008296564979215838,5.257577392800659e-06,0.0008243989205287831,2.56e-06,8.475721908695214e-05,0.008637956457076438,0.0023771924479999997,0.0013054601437861091,0.0124053662679495,0.0136623042,0.0260676704679495,1366230420.0,28.0,25.0,199.0,199.0,194803200.0,2732360.0,780,16,0.002751575324443268,200,0.005,,NN6,8,64,R,,,
BESTFIX,FM,-1,"[250, 250, 250, 250, 250, 250, 250, 10]",0.0024319715866257426,0.0015998936132204837,0.0008295179734052588,4.28243278169695e-06,0.0008252355406235619,2.56e-06,0.00010564541296260645,0.013461574249013593,0.0029647437824000004,0.001152754532060602,0.017684717976436802,0.013722304199999999,0.0314070221764368,1372230420.0,28.0,25.0,249.0,249.0,242805760.0,2506224.0,980,16,0.0024294115866257426,250,0.004,,NN6,8,64,R,,,250
MAX,RRM,-1,"[1000, 1000, 1000, 1000, 1000, 1000, 1000, 10]",0.00409285793987872,0.0009287703061979167,0.003161527633680803,5.5830969535597865e-06,0.0031559445367272433,2.56e-06,0.0004189915891606964,0.213712773370807,0.0117776377856,0.0019400146635025132,0.22784941740907022,0.014622304199999998,0.2424717216090702,1462230420.0,112.0,97.0,500.0,999.0,962813440.0,1827816.0,3980,16,0.00409029793987872,1000,0.001,,NN6,8,64,R,,,
F200,RRM,-1,"[200, 200, 200, 200, 200, 200, 200, 10]",0.0027583360418246554,0.0019219188265216843,0.0008338572153029711,5.2822904894857005e-06,0.0008285749248134854,2.56e-06,8.518718651730203e-05,0.00872523833140403,0.00238909952,0.0013074512838248866,0.01250697632174622,0.0136623042,0.02616928052174622,1366230420.0,28.0,25.0,399.0,200.0,195776000.0,1063536.0,5620,2,0.0007779832381041001,1000,0.0,,NN6,8,64,R,,,
BESTFIX,RRM,-1,"[250, 250, 250, 250, 250, 250, 250, 10]",0.0024353639274514198,0.0015998936132204837,0.0008329103142309359,4.321708953214246e-06,0.0008285886052777217,2.56e-06,0.00010607794312773701,0.013570807931171247,0.00297661952,0.001154362501611973,0.017807867895910958,0.013722304199999999,0.031530172095910955,1372230420.0,28.0,25.0,499.0,250.0,243776000.0,1152864.0,7020,2,0.0008776829654276632,1000,0.0,,NN6,8,64,R,,,250
MAX,ORRM,-1,"[1000, 1000, 1000, 1000, 1000, 1000, 1000, 10]",0.00409285785161766,0.0009287703061979167,0.0031615275454197436,5.583008692500197e-06,0.0031559445367272433,2.56e-06,0.0004189915815702453,0.21371277333052888,0.0117776377856,0.001940014621666771,0.2278494173193659,0.014622304199999998,0.24247172151936588,1462230420.0,112.0,97.0,500.0,999.0,962813440.0,1827816.0,3980,16,0.00409029785161766,1000,0.001,,NN6,8,64,R,,,
F200,ORRM,-1,"[200, 200, 200, 200, 200, 200, 200, 10]",0.002758051799110082,0.0019219188265216843,0.0008335729725883975,5.269457331421398e-06,0.000828303515256976,2.56e-06,8.517889524547117e-05,0.008711187227324889,0.00238547648,0.001307316552778179,0.012489159155348538,0.0136623042,0.026151463355348535,1366230420.0,28.0,25.0,340.0,200.0,195480000.0,1063536.0,4164,4,0.000781067559555149,1000,0.0015213815789473684,,NN6,8,64,R,,,
BESTFIX,ORRM,-1,"[250, 250, 250, 250, 250, 250, 250, 10]",0.00243433377854798,0.0015998936132204837,0.0008318801653274962,4.298266815787294e-06,0.0008275818985117089,2.56e-06,0.00010596039447836322,0.013531923700439112,0.002971371008,0.0011538742110317425,0.01776312931394922,0.013722304199999999,0.03148543351394922,1372230420.0,28.0,25.0,390.0,250.0,243347200.0,967056.0,4364,4,0.0006848353914754151,1000,0.0017678100263852242,,NN6,8,64,R,,,250
RI,FM,-1,"[1000, 1000, 1000, 1000, 1000, 1000, 1000, 10]",0.0010158088537788428,0.0010030918083333332,1.0157045445509705e-05,5.5830969535597865e-06,4.573948491949919e-06,2.56e-06,1.3618038665788463e-06,0.000624459664924566,0.005700735692800001,0.00048149339669117144,0.0068080505582823175,0.017747824199999998,0.024555874758282317,1774782420.0,112.0,97.0,500.0,999.0,2176640.0,1764136.0,3980,16,0.001013248853778843,1000,0.001,"[15160.020342261345, 9970.479389641125, 10628.327153135326, 9970.479389641125, 10628.327153135326, 9970.479389641125, 9154.908875975076, 1634.4795977789247]",NN6,8,64,T,,,
CS,FM,-1,"[1000, 1000, 1000, 1000, 1000, 1000, 1000, 10]",0.0010158088537788428,0.0010030918083333332,1.0157045445509705e-05,5.5830969535597865e-06,4.573948491949919e-06,2.56e-06,1.3618038665788463e-06,0.000624459664924566,0.005700735692800001,0.00048149339669117144,0.0068080505582823175,0.017747824199999998,0.024555874758282317,1774782420.0,112.0,97.0,500.0,999.0,2176640.0,1764136.0,3980,16,0.001013248853778843,1000,0.001,,NN6,8,64,T,1,7003,
CS,RRM,-1,"[1000, 1000, 1000, 1000, 1000, 1000, 1000, 10]",0.0010158088537788428,0.0010030918083333332,1.0157045445509705e-05,5.5830969535597865e-06,4.573948491949919e-06,2.56e-06,1.3618038665788463e-06,0.000624459664924566,0.005700735692800001,0.00048149339669117144,0.0068080505582823175,0.017747824199999998,0.024555874758282317,1774782420.0,112.0,97.0,500.0,999.0,2176640.0,1764136.0,3980,16,0.001013248853778843,1000,0.001,,NN6,8,64,T,1,7003,
CS,ORRM,-1,"[1000, 1000, 1000, 1000, 1000, 1000, 1000, 10]",0.0010158087655177833,0.0010030918083333332,1.0156957184450115e-05,5.583008692500197e-06,4.573948491949919e-06,2.56e-06,1.3617962761277216e-06,0.0006244596246464551,0.005700735692800001,0.00048149335485542927,0.006808050468578013,0.017747824199999998,0.02455587466857801,1774782420.0,112.0,97.0,500.0,999.0,2176640.0,1764136.0,3980,16,0.0010132487655177833,1000,0.001,,NN6,8,64,T,,,
CS_Er,ORRM,-1,"[1000, 1000, 1000, 1000, 1000, 1000, 1000, 10]",0.0010158087655177833,0.0010030918083333332,1.0156957184450115e-05,5.583008692500197e-06,4.573948491949919e-06,2.56e-06,1.3617962761277216e-06,0.0006244596246464551,0.005700735692800001,0.00048149335485542927,0.006808050468578013,0.017747824199999998,0.02455587466857801,1774782420.0,112.0,97.0,500.0,999.0,2176640.0,1764136.0,3980,16,0.0010132487655177833,1000,0.001,,NN6,8,64,T,,,
CSE,FM,-1,"[308, 100, 223, 100, 223, 100, 308, 10]",0.0024821349587941677,0.0024712186077806312,8.35635101353625e-06,4.616276326110128e-06,3.7400746874261217e-06,2.56e-06,1.0119051309555605e-06,6.0631438984738225e-05,0.0007592292864,0.0011765319704684354,0.001997404600984129,0.017747824199999998,0.019745228800984126,1774782420.0,24.0,20.0,307.0,307.0,2176640.0,4387592.0,3028,16,0.0024795749587941678,308,0.004027081243731193,,NN6,8,64,T,,,
BESTFIXE,FM,-1,"[167, 167, 167, 167, 167, 167, 167, 10]",0.002295721450952444,0.002284751758945276,8.40969200716772e-06,4.675684483649959e-06,3.7340075235177608e-06,2.56e-06,1.003949461963484e-06,7.633477504335488e-05,0.0009650141696000001,0.0010881719677514584,0.002130524861856777,0.017747824199999998,0.019878349061856773,1774782420.0,21.0,19.0,166.0,166.0,2176640.0,3951176.0,648,16,0.002293161450952444,167,0.0059882121807465615,,NN6,8,64,T,,,167
MAX,FM,-1,"[1000, 1000, 1000, 1000, 1000, 1000, 1000, 10]",0.0010158088537788428,0.0010030918083333332,1.0157045445509705e-05,5.5830969535597865e-06,4.573948491949919e-06,2.56e-06,1.3618038665788463e-06,0.000624459664924566,0.005700735692800001,0.00048149339669117144,0.0068080505582823175,0.017747824199999998,0.024555874758282317,1774782420.0,112.0,97.0,500.0,999.0,2176640.0,1764136.0,3980,16,0.001013248853778843,1000,0.001,,NN6,8,64,T,,,
F200,FM,-1,"[200, 200, 200, 200, 200, 200, 200, 10]",0.0021115956912479946,0.0020995780168558227,9.457674392172138e-06,5.257577392800659e-06,4.200096999371479e-06,2.56e-06,1.0142384987168455e-06,9.227741472349387e-05,0.0011526298623999998,0.0010008963576515495,0.0022468178732737596,0.017747824199999998,0.01999464207327376,1774782420.0,28.0,25.0,199.0,199.0,2176640.0,3500904.0,780,16,0.0021090356912479946,200,0.005,,NN6,8,64,T,,,
BESTFIX,FM,-1,"[1000, 1000, 1000, 1000, 1000, 1000, 1000, 10]",0.0010158088537788428,0.0010030918083333332,1.0157045445509705e-05,5.5830969535597865e-06,4.573948491949919e-06,2.56e-06,1.3618038665788463e-06,0.000624459664924566,0.005700735692800001,0.00048149339669117144,0.0068080505582823175,0.017747824199999998,0.024555874758282317,1774782420.0,112.0,97.0,500.0,999.0,2176640.0,1764136.0,3980,16,0.001013248853778843,1000,0.001,,NN6,8,64,T,,,1000
MAX,RRM,-1,"[1000, 1000, 1000, 1000, 1000, 1000, 1000, 10]",0.0010158088537788428,0.0010030918083333332,1.0157045445509705e-05,5.5830969535597865e-06,4.573948491949919e-06,2.56e-06,1.3618038665788463e-06,0.000624459664924566,0.005700735692800001,0.00048149339669117144,0.0068080505582823175,0.017747824199999998,0.024555874758282317,1774782420.0,112.0,97.0,500.0,999.0,2176640.0,1764136.0,3980,16,0.001013248853778843,1000,0.001,,NN6,8,64,T,,,
F200,RRM,-1,"[200, 200, 200, 200, 200, 200, 200, 10]",0.002111655232158794,0.0020995780168558227,9.517215302971168e-06,5.2822904894857005e-06,4.2349248134854685e-06,2.56e-06,1.0212882820079248e-06,9.345783689815e-05,0.0011583528448000002,0.0010009245800432682,0.002253756550023426,0.017747824199999998,0.020001580750023423,1774782420.0,28.0,25.0,399.0,200.0,2176640.0,1383536.0,5620,2,0.0005926526216660974,1000,0.0,,NN6,8,64,T,,,
BESTFIX,RRM,-1,"[1000, 1000, 1000, 1000, 1000, 1000, 1000, 10]",0.0010158088537788428,0.0010030918083333332,1.0157045445509705e-05,5.5830969535597865e-06,4.573948491949919e-06,2.56e-06,1.3618038665788463e-06,0.000624459664924566,0.005700735692800001,0.00048149339669117144,0.0068080505582823175,0.017747824199999998,0.024555874758282317,1774782420.0,112.0,97.0,500.0,999.0,2176640.0,1764136.0,3980,16,0.001013248853778843,1000,0.001,,NN6,8,64,T,,,1000
MAX,ORRM,-1,"[1000, 1000, 1000, 1000, 1000, 1000, 1000, 10]",0.0010158087655177833,0.0010030918083333332,1.0156957184450115e-05,5.583008692500197e-06,4.573948491949919e-06,2.56e-06,1.3617962761277216e-06,0.0006244596246464551,0.005700735692800001,0.00048149335485542927,0.006808050468578013,0.017747824199999998,0.02455587466857801,1774782420.0,112.0,97.0,500.0,999.0,2176640.0,1764136.0,3980,16,0.0010132487655177833,1000,0.001,,NN6,8,64,T,,,
F200,ORRM,-1,"[200, 200, 200, 200, 200, 200, 200, 10]",0.0021116298129736323,0.0020995780168558227,9.491796117809413e-06,5.269457331421398e-06,4.222338786388016e-06,2.56e-06,1.0185617160594246e-06,9.304336558959309e-05,0.0011566365184,0.0010009125313495016,0.002251610977055154,0.017747824199999998,0.01999943517705515,1774782420.0,28.0,25.0,340.0,200.0,2176640.0,1383536.0,4164,4,0.0005948594152025646,1000,0.0015213815789473684,,NN6,8,64,T,,,
BESTFIX,ORRM,-1,"[1000, 1000, 1000, 1000, 1000, 1000, 1000, 10]",0.0010158087655177833,0.0010030918083333332,1.0156957184450115e-05,5.583008692500197e-06,4.573948491949919e-06,2.56e-06,1.3617962761277216e-06,0.0006244596246464551,0.005700735692800001,0.00048149335485542927,0.006808050468578013,0.017747824199999998,0.02455587466857801,1774782420.0,112.0,97.0,500.0,999.0,2176640.0,1764136.0,3980,16,0.0010132487655177833,1000,0.001,,NN6,8,64,T,,,1000
RI,FM,-1,"[1000, 63, 135, 63, 135, 63, 135, 8]",0.009921624761531045,0.0059656018872913715,0.003950902874239674,6.442326070268567e-05,0.0038864796135369877,5.12e-06,6.711673423253833e-05,0.009950065004079366,0.00187307401216,0.004702850136965715,0.01659310588743762,0.0264659882,0.04305909408743762,2646598820.0,200.0,76.0,500.0,999.0,154205184.0,5511696.0,4848,16,0.009916504761531044,1000,0.00609555741827326,"[6350.882528349024, 62.82772692908747, 134.8482431215651, 62.82772692908747, 134.8482431215651, 62.82772692908747, 134.8482431215651, 8.156295268091542]",NN6,16,8,R,,,
CS,FM,-1,"[1000, 72, 144, 72, 144, 72, 144, 5]",0.009767461394763758,0.005425277098534304,0.004337064296229454,6.403393509390457e-05,0.004273030361135549,5.12e-06,7.393433910732896e-05,0.011513116621808522,0.0020654860287999998,0.004629776701118021,0.01828231369083387,0.0264856682,0.04476798189083387,2648566820.0,206.0,82.0,500.0,999.0,169925120.0,5270064.0,4854,16,0.009762341394763757,1000,0.005668693009118541,,NN6,16,8,R,2,14005,
CS,RRM,-1,"[1000, 72, 144, 72, 144, 72, 144, 5]",0.009791016256226625,0.005425277098534304,0.004360619157692321,6.407194030616379e-05,0.004296547217386157,5.12e-06,7.433480808690716e-05,0.011559643425026002,0.00207672254464,0.0046409417054514195,0.01835164248320433,0.0264856682,0.04483731068320433,2648566820.0,206.0,82.0,500.0,999.0,170843136.0,2088192.0,6314,2,0.002180667070588505,1000,0.0002188449848024316,,NN6,16,8,R,2,14005,
CS,ORRM,-1,"[1000, 72, 144, 72, 144, 72, 144, 5]",0.009777447455612261,0.005425277098534304,0.004347050357077958,6.405109304388876e-05,0.00428299926403407,5.12e-06,7.410593241274677e-05,0.011525798095410303,0.00207029429248,0.004634510093960212,0.018304708414263262,0.0264856682,0.04479037661426326,2648566820.0,206.0,82.0,500.0,999.0,170317952.0,2444000.0,5718,4,0.003193496052143333,1000,0.0033366261398176294,,NN6,16,8,R,,,
CS_Er,ORRM,-1,"[1000, 72, 144, 72, 144, 72, 144, 5]",0.009777447455612261,0.005425277098534304,0.004347050357077958,6.405109304388876e-05,0.00428299926403407,5.12e-06,7.410593241274677e-05,0.011525798095410303,0.00207029429248,0.004634510093960212,0.018304708414263262,0.0264856682,0.04479037661426326,2648566820.0,206.0,82.0,500.0,999.0,170317952.0,2444000.0,5718,4,0.003193496052143333,1000,0.0033366261398176294,,NN6,16,8,R,,,
CSE,FM,-1,"[63, 40, 47, 40, 47, 40, 63, 5]",0.012946810687428464,0.01074584851781817,0.002195842169610292,6.292380714352492e-05,0.002132918362466767,5.12e-06,3.692775394304055e-05,0.0009299116510068641,0.00102483770368,0.006136788265841092,0.008128465374470997,0.026380228199999998,0.03450869357447099,2638022820.0,43.0,36.0,62.0,62.0,84904832.0,8157584.0,390,16,0.012941690687428467,63,0.019301369863013697,,NN6,16,8,R,,,
BESTFIXE,FM,-1,"[48, 48, 48, 48, 48, 48, 48, 10]",0.013059359769039578,0.010508302190572262,0.0025459375784673164,6.192913345179067e-05,0.002484008445015526,5.12e-06,4.248250202687099e-05,0.0010361986516140803,0.0011812605952,0.00619013653052476,0.008450078279365711,0.026396708199999997,0.034846786479365705,2639670820.0,42.0,38.0,47.0,47.0,97684480.0,7913736.0,172,16,0.013054239769039579,48,0.020842105263157894,,NN6,16,8,R,,,48
MAX,FM,-1,"[1000, 1000, 1000, 1000, 1000, 1000, 1000, 10]",0.05053096777724234,0.0017525030444789666,0.048773344732763374,7.432964633447295e-05,0.048699015086428904,5.12e-06,0.0008375671420045557,0.4272277443747498,0.0235552755712,0.023951678726412868,0.47557226581436723,0.028681508199999997,0.5042537740143672,2868150820.0,875.0,752.0,500.0,999.0,1925626880.0,3366696.0,3980,16,0.050525847777242346,1000,0.001,,NN6,16,8,R,,,
F200,FM,-1,"[200, 200, 200, 200, 200, 200, 200, 10]",0.013448605603748734,0.0035147450984906767,0.009928740505258058,6.354872750530713e-05,0.00986519177775275,5.12e-06,0.00016944532659085497,0.01726935684676691,0.004754384895999999,0.0063746390561769,0.028567826125534664,0.0267615082,0.05532933432553466,2676150820.0,175.0,152.0,199.0,199.0,389606400.0,4276104.0,780,16,0.013443485603748735,200,0.005,,NN6,16,8,R,,,
BESTFIX,FM,-1,"[80, 80, 80, 80, 80, 80, 80, 10]",0.011186990535644679,0.007080636320548785,0.004101234215095893,6.224894026418142e-05,0.004038985274831711,5.12e-06,6.922224853346599e-05,0.0028176384052874697,0.0019338188799999996,0.005302633513895577,0.010123313047716513,0.0264735082,0.036596821247716516,2647350820.0,70.0,62.0,79.0,79.0,159168000.0,6029448.0,300,16,0.011181870535644678,80,0.0125,,NN6,16,8,R,,,80
MAX,RRM,-1,"[1000, 1000, 1000, 1000, 1000, 1000, 1000, 10]",0.05053096777724234,0.0017525030444789666,0.048773344732763374,7.432964633447295e-05,0.048699015086428904,5.12e-06,0.0008375671420045557,0.4272277443747498,0.0235552755712,0.023951678726412868,0.47557226581436723,0.028681508199999997,0.5042537740143672,2868150820.0,875.0,752.0,500.0,999.0,1925626880.0,3366696.0,3980,16,0.050525847777242346,1000,0.001,,NN6,16,8,R,,,
F200,RRM,-1,"[200, 200, 200, 200, 200, 200, 200, 10]",0.013498570114578817,0.0035147450984906767,0.009978705016088139,6.37496096769327e-05,0.009914955406411206,5.12e-06,0.00017029803648065169,0.017443150570730634,0.00477819904,0.006398322234310359,0.028789969881521646,0.0267615082,0.055551478081521645,2676150820.0,175.0,152.0,399.0,200.0,391552000.0,1642992.0,5620,2,0.004188884777524901,1000,0.0,,NN6,16,8,R,,,
BESTFIX,RRM,-1,"[80, 80, 80, 80, 80, 80, 80, 10]",0.011238172825103546,0.007080636320548785,0.004152416504554761,6.228157920401759e-05,0.0040901349253507436,5.12e-06,7.008588774508966e-05,0.0028885503024214674,0.00195810304,0.005326893919099081,0.010243633149265638,0.0264735082,0.03671714134926564,2647350820.0,70.0,62.0,159.0,80.0,161152000.0,1859536.0,2260,2,0.0020837890564887754,570,0.0,,NN6,16,8,R,,,80
MAX,ORRM,-1,"[1000, 1000, 1000, 1000, 1000, 1000, 1000, 10]",0.05053096777724234,0.0017525030444789666,0.048773344732763374,7.432964633447295e-05,0.048699015086428904,5.12e-06,0.0008375671420045557,0.4272277443747498,0.0235552755712,0.023951678726412868,0.47557226581436723,0.028681508199999997,0.5042537740143672,2868150820.0,875.0,752.0,500.0,999.0,1925626880.0,3366696.0,3980,16,0.050525847777242346,1000,0.001,,NN6,16,8,R,,,
F200,ORRM,-1,"[200, 200, 200, 200, 200, 200, 200, 10]",0.01348378799769518,0.0035147450984906767,0.009963922899204503,6.366930976491821e-05,0.009900253589439585,5.12e-06,0.00017005046285587967,0.01739148435039158,0.00477095296,0.006391315510907515,0.028723803284154973,0.0267615082,0.055485311484154975,2676150820.0,175.0,152.0,340.0,200.0,390960000.0,1676624.0,4164,4,0.00418844498392016,1000,0.0015213815789473684,,NN6,16,8,R,,,
BESTFIX,ORRM,-1,"[80, 80, 80, 80, 80, 80, 80, 10]",0.011238172825103546,0.007080636320548785,0.004152416504554761,6.228157920401759e-05,0.0040901349253507436,5.12e-06,7.008588774508966e-05,0.0028885503024214674,0.00195810304,0.005326893919099081,0.010243633149265638,0.0264735082,0.03671714134926564,2647350820.0,70.0,62.0,159.0,80.0,161152000.0,1859536.0,2260,2,0.0020837890564887754,570,0.0,,NN6,16,8,R,,,80
RI,FM,-1,"[1000, 1000, 1000, 1000, 1000, 1000, 1000, 10]",0.002028101874919934,0.0018887900833331334,0.0001341917915868002,7.432964633447295e-05,5.986214525232726e-05,5.12e-06,2.3075714163212904e-06,0.0010511169629844397,0.011401471385600001,0.0009613202887120486,0.01341621620871281,0.0344517482,0.04786796440871281,3445174820.0,875.0,752.0,500.0,999.0,4353280.0,3047016.0,3980,16,0.0020229818749199335,1000,0.001,"[7028.2671228404515, 4546.989846774086, 4936.163962700861, 4546.989846774086, 4936.163962700861, 4546.989846774086, 4436.546285869975, 753.5250493512799]",NN6,16,8,T,,,
CS,FM,-1,"[1000, 1000, 1000, 1000, 1000, 1000, 1000, 10]",0.002028101874919934,0.0018887900833331334,0.0001341917915868002,7.432964633447295e-05,5.986214525232726e-05,5.12e-06,2.3075714163212904e-06,0.0010511169629844397,0.011401471385600001,0.0009613202887120486,0.01341621620871281,0.0344517482,0.04786796440871281,3445174820.0,875.0,752.0,500.0,999.0,4353280.0,3047016.0,3980,16,0.0020229818749199335,1000,0.001,,NN6,16,8,T,1,7003,
CS,RRM,-1,"[1000, 1000, 1000, 1000, 1000, 1000, 1000, 10]",0.002028101874919934,0.0018887900833331334,0.0001341917915868002,7.432964633447295e-05,5.986214525232726e-05,5.12e-06,2.3075714163212904e-06,0.0010511169629844397,0.011401471385600001,0.0009613202887120486,0.01341621620871281,0.0344517482,0.04786796440871281,3445174820.0,875.0,752.0,500.0,999.0,4353280.0,3047016.0,3980,16,0.0020229818749199335,1000,0.001,,NN6,16,8,T,1,7003,
CS,ORRM,-1,"[1000, 1000, 1000, 1000, 1000, 1000, 1000, 10]",0.002028101874919934,0.0018887900833331334,0.0001341917915868002,7.432964633447295e-05,5.986214525232726e-05,5.12e-06,2.3075714163212904e-06,0.0010511169629844397,0.011401471385600001,0.0009613202887120486,0.01341621620871281,0.0344517482,0.04786796440871281,3445174820.0,875.0,752.0,500.0,999.0,4353280.0,3047016.0,3980,16,0.0020229818749199335,1000,0.001,,NN6,16,8,T,,,
CS_Er,ORRM,-1,"[1000, 1000, 1000, 1000, 1000, 1000, 1000, 10]",0.002028101874919934,0.0018887900833331334,0.0001341917915868002,7.432964633447295e-05,5.986214525232726e-05,5.12e-06,2.3075714163212904e-06,0.0010511169629844397,0.011401471385600001,0.0009613202887120486,0.01341621620871281,0.0344517482,0.04786796440871281,3445174820.0,875.0,752.0,500.0,999.0,4353280.0,3047016.0,3980,16,0.0020229818749199335,1000,0.001,,NN6,16,8,T,,,
CSE,FM,-1,"[286, 100, 211, 100, 211, 100, 286, 10]",0.004689769484366729,0.004568738251135763,0.00011591123323096526,6.465296094431082e-05,5.1258272286654435e-05,5.12e-06,1.9537949258527847e-06,0.00011398565094461948,0.0014832871423999998,0.0022229507355898295,0.003822177323860302,0.0344517482,0.0382739255238603,3445174820.0,165.0,131.0,285.0,285.0,4353280.0,5667512.0,2756,16,0.004684649484366728,286,0.0042813141683778234,,NN6,16,8,T,,,
BESTFIXE,FM,-1,"[143, 143, 143, 143, 143, 143, 143, 10]",0.004884807584953765,0.004766032081060319,0.00011365550389344587,6.34136724492641e-05,5.024183144418177e-05,5.12e-06,1.940813968463862e-06,0.0001263606924589811,0.0016571286528,0.0023153987952680842,0.004100828954495529,0.0344517482,0.03855257715449553,3445174820.0,126.0,110.0,142.0,142.0,4353280.0,5626152.0,552,16,0.0048796875849537675,143,0.006993135011441647,,NN6,16,8,T,,,143
MAX,FM,-1,"[1000, 1000, 1000, 1000, 1000, 1000, 1000, 10]",0.002028101874919934,0.0018887900833331334,0.0001341917915868002,7.432964633447295e-05,5.986214525232726e-05,5.12e-06,2.3075714163212904e-06,0.0010511169629844397,0.011401471385600001,0.0009613202887120486,0.01341621620871281,0.0344517482,0.04786796440871281,3445174820.0,875.0,752.0,500.0,999.0,4353280.0,3047016.0,3980,16,0.0020229818749199335,1000,0.001,,NN6,16,8,T,,,
F200,FM,-1,"[200, 200, 200, 200, 200, 200, 200, 10]",0.003909472329716086,0.0037904071185756744,0.00011394521114041148,6.354872750530713e-05,5.039648363510434e-05,5.12e-06,1.9593654143843704e-06,0.00017799876206102955,0.0023052597247999996,0.0018530898842854247,0.004338307736560838,0.0344517482,0.03879005593656084,3445174820.0,175.0,152.0,199.0,199.0,4353280.0,4725704.0,780,16,0.003904352329716086,200,0.005,,NN6,16,8,T,,,
BESTFIX,FM,-1,"[1000, 1000, 1000, 1000, 1000, 1000, 1000, 10]",0.002028101874919934,0.0018887900833331334,0.0001341917915868002,7.432964633447295e-05,5.986214525232726e-05,5.12e-06,2.3075714163212904e-06,0.0010511169629844397,0.011401471385600001,0.0009613202887120486,0.01341621620871281,0.0344517482,0.04786796440871281,3445174820.0,875.0,752.0,500.0,999.0,4353280.0,3047016.0,3980,16,0.0020229818749199335,1000,0.001,,NN6,16,8,T,,,1000
MAX,RRM,-1,"[1000, 1000, 1000, 1000, 1000, 1000, 1000, 10]",0.002028101874919934,0.0018887900833331334,0.0001341917915868002,7.432964633447295e-05,5.986214525232726e-05,5.12e-06,2.3075714163212904e-06,0.0010511169629844397,0.011401471385600001,0.0009613202887120486,0.01341621620871281,0.0344517482,0.04786796440871281,3445174820.0,875.0,752.0,500.0,999.0,4353280.0,3047016.0,3980,16,0.0020229818749199335,1000,0.001,,NN6,16,8,T,,,
F200,RRM,-1,"[200, 200, 200, 200, 200, 200, 200, 10]",0.003909872134663814,0.0037904071185756744,0.00011434501608813971,6.37496096769327e-05,5.059540641120701e-05,5.12e-06,1.966240010063492e-06,0.00017958958171887326,0.0023167056896000004,0.0018532793918306478,0.004351540903159585,0.0344517482,0.03880328910315958,3445174820.0,175.0,152.0,399.0,200.0,4353280.0,1962992.0,5620,2,0.001102423083277667,1000,0.0,,NN6,16,8,T,,,
BESTFIX,RRM,-1,"[1000, 1000, 1000, 1000, 1000, 1000, 1000, 10]",0.002028101874919934,0.0018887900833331334,0.0001341917915868002,7.432964633447295e-05,5.986214525232726e-05,5.12e-06,2.3075714163212904e-06,0.0010511169629844397,0.011401471385600001,0.0009613202887120486,0.01341621620871281,0.0344517482,0.04786796440871281,3445174820.0,875.0,752.0,500.0,999.0,4353280.0,3047016.0,3980,16,0.0020229818749199335,1000,0.001,,NN6,16,8,T,,,1000
MAX,ORRM,-1,"[1000, 1000, 1000, 1000, 1000, 1000, 1000, 10]",0.002028101874919934,0.0018887900833331334,0.0001341917915868002,7.432964633447295e-05,5.986214525232726e-05,5.12e-06,2.3075714163212904e-06,0.0010511169629844397,0.011401471385600001,0.0009613202887120486,0.01341621620871281,0.0344517482,0.04786796440871281,3445174820.0,875.0,752.0,500.0,999.0,4353280.0,3047016.0,3980,16,0.0020229818749199335,1000,0.001,,NN6,16,8,T,,,
F200,ORRM,-1,"[200, 200, 200, 200, 200, 200, 200, 10]",0.003909713547191944,0.0037904071185756744,0.00011418642861626938,6.366930976491821e-05,5.0517118851351176e-05,5.12e-06,1.963513444114991e-06,0.00017904669750922733,0.0023132730368,0.0018532042213689813,0.004347487469122323,0.0344517482,0.03879923566912232,3445174820.0,175.0,152.0,340.0,200.0,4353280.0,1962992.0,4164,4,0.001127838431377499,1000,0.0015213815789473684,,NN6,16,8,T,,,
BESTFIX,ORRM,-1,"[1000, 1000, 1000, 1000, 1000, 1000, 1000, 10]",0.002028101874919934,0.0018887900833331334,0.0001341917915868002,7.432964633447295e-05,5.986214525232726e-05,5.12e-06,2.3075714163212904e-06,0.0010511169629844397,0.011401471385600001,0.0009613202887120486,0.01341621620871281,0.0344517482,0.04786796440871281,3445174820.0,875.0,752.0,500.0,999.0,4353280.0,3047016.0,3980,16,0.0020229818749199335,1000,0.001,,NN6,16,8,T,,,1000
RI,FM,-1,"[1000, 178, 381, 178, 381, 178, 381, 10]",0.004398272596582506,0.002886329978222606,0.0015068226183599005,8.435629783549241e-06,0.0014983869885763512,5.12e-06,0.00018549558858235542,0.04188304241906195,0.00520319064064,0.0020847812107801077,0.04935650985906442,0.026806148199999998,0.07616265805906441,2680614820.0,43.0,28.0,500.0,999.0,426273536.0,4019592.0,6416,16,0.004393152596582507,1000,0.0023314251280506177,"[17963.008409259044, 177.70364703237766, 381.40842856940355, 177.70364703237766, 381.40842856940355, 177.70364703237766, 381.40842856940355, 23.069486773709116]",NN6,16,64,R,,,
CS,FM,-1,"[1000, 256, 445, 167, 445, 167, 445, 10]",0.0043627788779858085,0.00266940118781658,0.0016882576901692278,8.527086562444868e-06,0.001679730603606783,5.12e-06,0.00020867399765945517,0.05398044964387035,0.005855914393599999,0.0020679571881652733,0.062112995223295074,0.026872708199999998,0.08898570342329506,2687270820.0,47.0,32.0,500.0,999.0,479600640.0,3906504.0,6960,16,0.004357658877985808,1000,0.0019062918340026773,,NN6,16,64,R,2,14005,
CS,RRM,-1,"[1000, 250, 445, 167, 445, 167, 445, 10]",0.0043654202987928525,0.00266934329719158,0.001690957001601272,8.554332751540124e-06,0.0016824026688497318,5.12e-06,0.00020765711670901914,0.053333053636775984,0.005827901440000002,0.002069209221627812,0.061437821415112816,0.0268688682,0.08830668961511282,2686886820.0,47.0,32.0,500.0,999.0,477312000.0,1775240.0,10696,2,0.0013977476833799652,1000,0.00026946914578280785,,NN6,16,64,R,2,14005,
CS,ORRM,-1,"[1000, 250, 445, 167, 445, 167, 445, 10]",0.004363845045220517,0.00266934329719158,0.0016893817480289374,8.537580802430052e-06,0.0016808441672265073,5.12e-06,0.00020748674928230327,0.053255533131359264,0.005823074375680001,0.0020684625514345253,0.06135455680775609,0.0268688682,0.0882234250077561,2686886820.0,47.0,32.0,500.0,999.0,476917632.0,2415784.0,9320,4,0.0022804466294006993,1000,0.0010997035839396389,,NN6,16,64,R,,,
CS_Er,ORRM,-1,"[1000, 250, 445, 167, 445, 167, 445, 10]",0.004363845045220517,0.00266934329719158,0.0016893817480289374,8.537580802430052e-06,0.0016808441672265073,5.12e-06,0.00020748674928230327,0.053255533131359264,0.005823074375680001,0.0020684625514345253,0.06135455680775609,0.0268688682,0.0882234250077561,2686886820.0,47.0,32.0,500.0,999.0,476917632.0,2415784.0,9320,4,0.0022804466294006993,1000,0.0010997035839396389,,NN6,16,64,R,,,
CSE,FM,-1,"[63, 42, 58, 42, 58, 42, 80, 5]",0.010453355858648157,0.009927226838367866,0.0005210090202802899,9.76921602249796e-06,0.000511239804257792,5.12e-06,4.0659867173226264e-05,0.0011412682338134603,0.00112504198144,0.004954890676999226,0.007261860759425912,0.026390308199999997,0.03365216895942591,2639030820.0,8.0,8.0,79.0,79.0,93091456.0,7640304.0,522,16,0.010448235858648158,80,0.016281944444444446,,NN6,16,64,R,,,
BESTFIXE,FM,-1,"[53, 53, 53, 53, 53, 53, 53, 10]",0.010141326766427502,0.009644132105728247,0.0004920746606992557,9.420859761392584e-06,0.00048265380093786317,5.12e-06,4.66814467442937e-05,0.001257522801047142,0.0012988899328000001,0.0048069888872866355,0.007410083067878072,0.0264087082,0.03381879126787807,2640870820.0,7.0,7.0,52.0,52.0,107294720.0,7459032.0,192,16,0.010136206766427501,53,0.018874251497005987,,NN6,16,64,R,,,53
MAX,FM,-1,"[1000, 1000, 1000, 1000, 1000, 1000, 1000, 10]",0.008077574207571533,0.0017525030444789666,0.006319951163092567,9.517214600618607e-06,0.006310433948491949,5.12e-06,0.0008375676526901081,0.4272277472358893,0.0235552755712,0.0038287701743889065,0.45544936063416835,0.028681508199999997,0.48413086883416834,2868150820.0,112.0,97.0,500.0,999.0,1925626880.0,3366696.0,3980,16,0.008072454207571533,1000,0.001,,NN6,16,64,R,,,
F200,FM,-1,"[200, 200, 200, 200, 200, 200, 200, 10]",0.005178533361118143,0.0035147450984906767,0.001658668262627466,1.0175224451624187e-05,0.0016484930381758418,5.12e-06,0.00016944647791048155,0.01726946452131173,0.004754384895999999,0.0024546248131699995,0.024647920708392213,0.0267615082,0.051409428908392216,2676150820.0,28.0,25.0,199.0,199.0,389606400.0,4276104.0,780,16,0.005173413361118142,200,0.005,,NN6,16,64,R,,,
BESTFIX,FM,-1,"[250, 250, 250, 250, 250, 250, 250, 10]",0.004707268457710093,0.003043774013716598,0.0016583744439934943,8.216550428755772e-06,0.0016501578935647384,5.12e-06,0.0002112034317861359,0.026912784645813603,0.005929487564800001,0.0022312452489545837,0.03528472089135432,0.026881508199999998,0.062166229091354316,2688150820.0,28.0,25.0,249.0,249.0,485611520.0,4048752.0,980,16,0.004702148457710091,250,0.004,,NN6,16,64,R,,,250
MAX,RRM,-1,"[1000, 1000, 1000, 1000, 1000, 1000, 1000, 10]",0.008077574207571533,0.0017525030444789666,0.006319951163092567,9.517214600618607e-06,0.006310433948491949,5.12e-06,0.0008375676526901081,0.4272277472358893,0.0235552755712,0.0038287701743889065,0.45544936063416835,0.028681508199999997,0.48413086883416834,2868150820.0,112.0,97.0,500.0,999.0,1925626880.0,3366696.0,3980,16,0.008072454207571533,1000,0.001,,NN6,16,64,R,,,
F200,RRM,-1,"[200, 200, 200, 200, 200, 200, 200, 10]",0.0051868752549701184,0.0035147450984906767,0.0016670101564794414,1.019993754830923e-05,0.0016568102189311322,5.12e-06,0.00017029936298789024,0.017443276723168737,0.00477819904,0.002458578870855836,0.024850353997012464,0.0267615082,0.05161186219701246,2676150820.0,28.0,25.0,399.0,200.0,391552000.0,1642992.0,5620,2,0.0014565736113280588,1000,0.0,,NN6,16,64,R,,,
BESTFIX,RRM,-1,"[250, 250, 250, 250, 250, 250, 250, 10]",0.00471397373971224,0.003043774013716598,0.0016650797259956417,8.25582660027307e-06,0.0016568238993953687,5.12e-06,0.0002120577666571488,0.02712984279352419,0.00595323904,0.0022344235526236015,0.035529563152804935,0.026881508199999998,0.06241107135280494,2688150820.0,28.0,25.0,499.0,250.0,487552000.0,1921632.0,7020,2,0.0017641143208875004,1000,0.0,,NN6,16,64,R,,,250
MAX,ORRM,-1,"[1000, 1000, 1000, 1000, 1000, 1000, 1000, 10]",0.008077574119310475,0.0017525030444789666,0.006319951074831508,9.517126339559017e-06,0.006310433948491949,5.12e-06,0.0008375676450996569,0.4272277471956112,0.0235552755712,0.003828770132553165,0.45544936054446405,0.028681508199999997,0.48413086874446404,2868150820.0,112.0,97.0,500.0,999.0,1925626880.0,3366696.0,3980,16,0.008072454119310473,1000,0.001,,NN6,16,64,R,,,
F200,ORRM,-1,"[200, 200, 200, 200, 200, 200, 200, 10]",0.005186332188726132,0.0035147450984906767,0.001666467090235456,1.0187104390244927e-05,0.001656279985845211,5.12e-06,0.00017028550701017703,0.017415460366295474,0.00477095296,0.0024583214574561865,0.024815020290761835,0.0267615082,0.05157652849076183,2676150820.0,28.0,25.0,340.0,200.0,390960000.0,1676624.0,4164,4,0.0014606717555063803,1000,0.0015213815789473684,,NN6,16,64,R,,,
BESTFIX,ORRM,-1,"[250, 250, 250, 250, 250, 250, 250, 10]",0.004711960061397035,0.003043774013716598,0.0016630660476804372,8.232384462846116e-06,0.0016548336632175912,5.12e-06,0.00021182892389012787,0.027052887887615586,0.005942742016,0.0022334690691021945,0.03544092789660791,0.026881508199999998,0.06232243609660791,2688150820.0,28.0,25.0,390.0,250.0,486694400.0,1610768.0,4364,4,0.001333113250546694,1000,0.0017678100263852242,,NN6,16,64,R,,,250
RI,FM,-1,"[1000, 1000, 1000, 1000, 1000, 1000, 1000, 10]",0.0019111200699551136,0.0018887900833331334,1.7209986621980286e-05,9.517214600618607e-06,7.69277202136168e-06,5.12e-06,2.308082101872964e-06,0.001051119824124566,0.011401471385600001,0.0009058709131587238,0.013360770204985164,0.0344517482,0.04781251840498516,3445174820.0,112.0,97.0,500.0,999.0,4353280.0,3047016.0,3980,16,0.001906000069955113,1000,0.001,"[19878.941370203796, 12860.829418561349, 13961.580044297756, 12860.829418561349, 13961.580044297756, 12860.829418561349, 12548.447855146602, 2131.290688760872]",NN6,16,64,T,,,
CS,FM,-1,"[1000, 1000, 1000, 1000, 1000, 1000, 1000, 10]",0.0019111200699551136,0.0018887900833331334,1.7209986621980286e-05,9.517214600618607e-06,7.69277202136168e-06,5.12e-06,2.308082101872964e-06,0.001051119824124566,0.011401471385600001,0.0009058709131587238,0.013360770204985164,0.0344517482,0.04781251840498516,3445174820.0,112.0,97.0,500.0,999.0,4353280.0,3047016.0,3980,16,0.001906000069955113,1000,0.001,,NN6,16,64,T,1,7003,
CS,RRM,-1,"[1000, 1000, 1000, 1000, 1000, 1000, 1000, 10]",0.0019111200699551136,0.0018887900833331334,1.7209986621980286e-05,9.517214600618607e-06,7.69277202136168e-06,5.12e-06,2.308082101872964e-06,0.001051119824124566,0.011401471385600001,0.0009058709131587238,0.013360770204985164,0.0344517482,0.04781251840498516,3445174820.0,112.0,97.0,500.0,999.0,4353280.0,3047016.0,3980,16,0.001906000069955113,1000,0.001,,NN6,16,64,T,1,7003,
CS,ORRM,-1,"[1000, 1000, 1000, 1000, 1000, 1000, 1000, 10]",0.001911119981694054,0.0018887900833331334,1.72098983609207e-05,9.517126339559017e-06,7.69277202136168e-06,5.12e-06,2.3080745114218397e-06,0.001051119783846455,0.011401471385600001,0.0009058708713229816,0.01336077011528086,0.0344517482,0.04781251831528086,3445174820.0,112.0,97.0,500.0,999.0,4353280.0,3047016.0,3980,16,0.0019059999816940533,1000,0.001,,NN6,16,64,T,,,
CS_Er,ORRM,-1,"[1000, 1000, 1000, 1000, 1000, 1000, 1000, 10]",0.001911119981694054,0.0018887900833331334,1.72098983609207e-05,9.517126339559017e-06,7.69277202136168e-06,5.12e-06,2.3080745114218397e-06,0.001051119783846455,0.011401471385600001,0.0009058708713229816,0.01336077011528086,0.0344517482,0.04781251831528086,3445174820.0,112.0,97.0,500.0,999.0,4353280.0,3047016.0,3980,16,0.0019059999816940533,1000,0.001,,NN6,16,64,T,,,
CSE,FM,-1,"[286, 100, 211, 100, 211, 100, 286, 10]",0.004590830601324805,0.004568738251135763,1.6972350189041152e-05,9.403099443274343e-06,7.569250745766809e-06,5.12e-06,1.9555469105973178e-06,0.00011408732438157312,0.0014832871423999998,0.0021760537050279573,0.0037753837187201275,0.0344517482,0.038227131918720125,3445174820.0,24.0,20.0,285.0,285.0,4353280.0,5667512.0,2756,16,0.004585710601324803,286,0.0042813141683778234,,NN6,16,64,T,,,
BESTFIXE,FM,-1,"[143, 143, 143, 143, 143, 143, 143, 10]",0.004790129206753839,0.004766032081060319,1.897712569351993e-05,1.0574107209179006e-05,8.403018484340925e-06,5.12e-06,1.941699166874023e-06,0.00012642064263186507,0.0016571286528,0.0022705212440013193,0.0040560122386000584,0.0344517482,0.03850776043860006,3445174820.0,21.0,19.0,142.0,142.0,4353280.0,5626152.0,552,16,0.004785009206753838,143,0.006993135011441647,,NN6,16,64,T,,,143
MAX,FM,-1,"[1000, 1000, 1000, 1000, 1000, 1000, 1000, 10]",0.0019111200699551136,0.0018887900833331334,1.7209986621980286e-05,9.517214600618607e-06,7.69277202136168e-06,5.12e-06,2.308082101872964e-06,0.001051119824124566,0.011401471385600001,0.0009058709131587238,0.013360770204985164,0.0344517482,0.04781251840498516,3445174820.0,112.0,97.0,500.0,999.0,4353280.0,3047016.0,3980,16,0.001906000069955113,1000,0.001,,NN6,16,64,T,,,
F200,FM,-1,"[200, 200, 200, 200, 200, 200, 200, 10]",0.0038137977341443172,0.0037904071185756744,1.8270615568642723e-05,1.0175224451624187e-05,8.095391117018536e-06,5.12e-06,1.960516734010963e-06,0.00017810643660584678,0.0023052597247999996,0.0018077401259844062,0.004293066804124264,0.0344517482,0.038744815004124265,3445174820.0,28.0,25.0,199.0,199.0,4353280.0,4725704.0,780,16,0.0038086777341443177,200,0.005,,NN6,16,64,T,,,
BESTFIX,FM,-1,"[1000, 1000, 1000, 1000, 1000, 1000, 1000, 10]",0.0019111200699551136,0.0018887900833331334,1.7209986621980286e-05,9.517214600618607e-06,7.69277202136168e-06,5.12e-06,2.308082101872964e-06,0.001051119824124566,0.011401471385600001,0.0009058709131587238,0.013360770204985164,0.0344517482,0.04781251840498516,3445174820.0,112.0,97.0,500.0,999.0,4353280.0,3047016.0,3980,16,0.001906000069955113,1000,0.001,,NN6,16,64,T,,,1000
MAX,RRM,-1,"[1000, 1000, 1000, 1000, 1000, 1000, 1000, 10]",0.0019111200699551136,0.0018887900833331334,1.7209986621980286e-05,9.517214600618607e-06,7.69277202136168e-06,5.12e-06,2.308082101872964e-06,0.001051119824124566,0.011401471385600001,0.0009058709131587238,0.013360770204985164,0.0344517482,0.04781251840498516,3445174820.0,112.0,97.0,500.0,999.0,4353280.0,3047016.0,3980,16,0.001906000069955113,1000,0.001,,NN6,16,64,T,,,
F200,RRM,-1,"[200, 200, 200, 200, 200, 200, 200, 10]",0.003813857275055116,0.0037904071185756744,1.833015647944176e-05,1.019993754830923e-05,8.130218931132527e-06,5.12e-06,1.9675665173020426e-06,0.00017971573415697355,0.0023167056896000004,0.001807768348376125,0.004306157338650401,0.0344517482,0.0387579055386504,3445174820.0,28.0,25.0,399.0,200.0,4353280.0,1962992.0,5620,2,0.0010852831433503473,1000,0.0,,NN6,16,64,T,,,
BESTFIX,RRM,-1,"[1000, 1000, 1000, 1000, 1000, 1000, 1000, 10]",0.0019111200699551136,0.0018887900833331334,1.7209986621980286e-05,9.517214600618607e-06,7.69277202136168e-06,5.12e-06,2.308082101872964e-06,0.001051119824124566,0.011401471385600001,0.0009058709131587238,0.013360770204985164,0.0344517482,0.04781251840498516,3445174820.0,112.0,97.0,500.0,999.0,4353280.0,3047016.0,3980,16,0.001906000069955113,1000,0.001,,NN6,16,64,T,,,1000
MAX,ORRM,-1,"[1000, 1000, 1000, 1000, 1000, 1000, 1000, 10]",0.001911119981694054,0.0018887900833331334,1.72098983609207e-05,9.517126339559017e-06,7.69277202136168e-06,5.12e-06,2.3080745114218397e-06,0.001051119783846455,0.011401471385600001,0.0009058708713229816,0.01336077011528086,0.0344517482,0.04781251831528086,3445174820.0,112.0,97.0,500.0,999.0,4353280.0,3047016.0,3980,16,0.0019059999816940533,1000,0.001,,NN6,16,64,T,,,
F200,ORRM,-1,"[200, 200, 200, 200, 200, 200, 200, 10]",0.003813831855869954,0.0037904071185756744,1.830473729428e-05,1.0187104390244927e-05,8.117632904035074e-06,5.12e-06,1.9648399513535422e-06,0.0001791726428248872,0.0023132730368,0.0018077562996823581,0.004302166819258599,0.0344517482,0.0387539150192586,3445174820.0,28.0,25.0,340.0,200.0,4353280.0,1962992.0,4164,4,0.0010944133405017225,1000,0.0015213815789473684,,NN6,16,64,T,,,
BESTFIX,ORRM,-1,"[1000, 1000, 1000, 1000, 1000, 1000, 1000, 10]",0.001911119981694054,0.0018887900833331334,1.72098983609207e-05,9.517126339559017e-06,7.69277202136168e-06,5.12e-06,2.3080745114218397e-06,0.001051119783846455,0.011401471385600001,0.0009058708713229816,0.01336077011528086,0.0344517482,0.04781251831528086,3445174820.0,112.0,97.0,500.0,999.0,4353280.0,3047016.0,3980,16,0.0019059999816940533,1000,0.001,,NN6,16,64,T,,,1000
RI,FM,-1,"[1000, 61, 129, 61, 129, 61, 129, 9]",0.02294590670956644,0.014828930162614117,0.008106736546952322,0.0001307053805359926,0.007976031166416328,1.024e-05,0.00012993188469355966,0.019062430305028112,0.00362696450048,0.010876359780334492,0.03369568647053617,0.0523567162,0.08605240267053617,5235671620.0,200.0,77.0,500.0,999.0,298673152.0,8751832.0,4798,16,0.022935666709566437,1000,0.006327272727272727,"[8739.298649713759, 60.55421030251736, 128.7757013245391, 60.55421030251736, 128.7757013245391, 60.55421030251736, 128.7757013245391, 8.87543075816161]",NN6,32,8,R,,,
CS,FM,-1,"[1000, 72, 160, 72, 160, 72, 160, 5]",0.020698390310266053,0.011703863101465532,0.008984287208800523,0.0001255800738972795,0.008858707134903243,1.024e-05,0.0001532024802926972,0.023766342339133394,0.0042827778252799995,0.009811037007066108,0.038013359651772195,0.0524235962,0.0904369558517722,5242359620.0,212.0,88.0,500.0,999.0,352252672.0,8287912.0,5046,16,0.02068815031026606,1000,0.0051414956011730205,,NN6,32,8,R,2,14005,
CS,RRM,-1,"[1000, 72, 160, 72, 160, 72, 160, 5]",0.020742476320668626,0.011703863101465532,0.009028373219203092,0.00012562070928911446,0.008902752509913977,1.024e-05,0.00015395241232815595,0.02385903030383266,0.00430385020928,0.00983193377599693,0.03814876670143775,0.0524235962,0.09057236290143775,5242359620.0,212.0,88.0,500.0,999.0,353974272.0,3247360.0,6506,2,0.0046524269417978536,1000,0.00021114369501466275,,NN6,32,8,R,2,14005,
CS,ORRM,-1,"[1000, 72, 160, 72, 160, 72, 160, 5]",0.020717853125168804,0.011703863101465532,0.009003750023703272,0.00012559723184726366,0.008878152791856008,1.024e-05,0.0001535372407090245,0.02379109555619551,0.00429217814528,0.009820262381330012,0.038057073323514545,0.0524235962,0.09048066952351455,5242359620.0,212.0,88.0,500.0,999.0,353020672.0,3709960.0,5910,4,0.0067220246180989375,1000,0.0029420821114369503,,NN6,32,8,R,,,
CS_Er,ORRM,-1,"[1000, 72, 160, 72, 160, 72, 160, 5]",0.020717853125168804,0.011703863101465532,0.009003750023703272,0.00012559723184726366,0.008878152791856008,1.024e-05,0.0001535372407090245,0.02379109555619551,0.00429217814528,0.009820262381330012,0.038057073323514545,0.0524235962,0.09048066952351455,5242359620.0,212.0,88.0,500.0,999.0,353020672.0,3709960.0,5910,4,0.0067220246180989375,1000,0.0029420821114369503,,NN6,32,8,R,,,
CSE,FM,-1,"[69, 39, 55, 39, 55, 39, 71, 5]",0.027270753256881154,0.02270179191226509,0.004558721344616065,0.00012651016973530245,0.004432211174880762,1.024e-05,7.53964014833384e-05,0.0020763960277265774,0.0020917888409600002,0.012926337043761666,0.01716991831393158,0.052201196199999994,0.06937111451393158,5220119620.0,47.0,39.0,70.0,70.0,173250304.0,10963832.0,522,16,0.027260513256881155,71,0.01680269058295964,,NN6,32,8,R,,,
BESTFIXE,FM,-1,"[48, 48, 48, 48, 48, 48, 48, 10]",0.027758051215710688,0.022656810107831604,0.005091001107879082,0.0001233997216870848,0.004967601386191997,1.024e-05,8.495011143863572e-05,0.0020720537816846687,0.0023625211904,0.013157316276246866,0.01767684135977017,0.052230316199999995,0.06990715755977017,5223031620.0,42.0,38.0,47.0,47.0,195368960.0,11040136.0,172,16,0.027747811215710693,48,0.020842105263157894,,NN6,32,8,R,,,48
MAX,FM,-1,"[1000, 1000, 1000, 1000, 1000, 1000, 1000, 10]",0.10112910050727758,0.0035963110686318875,0.0975225494386457,0.00013580023456976728,0.09738674920407593,1.024e-05,0.001674719269063383,0.8542576921049142,0.0471105511424,0.04793519364044957,0.9509781561568271,0.056799916199999995,1.007778072356827,5679991620.0,875.0,752.0,500.0,999.0,3851253760.0,6444456.0,3980,16,0.10111886050727759,1000,0.001,,NN6,32,8,R,,,
F200,FM,-1,"[200, 200, 200, 200, 200, 200, 200, 10]",0.027185106272374745,0.007321278708293156,0.01985358756408159,0.00012501931574060126,0.01972856824834099,1.024e-05,0.00033882384423791377,0.0345323729752375,0.009508769791999999,0.012885740373105628,0.05726570698458104,0.0529599162,0.11022562318458104,5295991620.0,175.0,152.0,199.0,199.0,779212800.0,7363592.0,780,16,0.027174866272374747,200,0.005,,NN6,32,8,R,,,
BESTFIX,FM,-1,"[112, 112, 112, 112, 112, 112, 112, 10]",0.02323222825115727,0.01191304064022546,0.01130894761093181,0.00012405063272749372,0.011184896978204316,1.024e-05,0.00019186673129842723,0.01094132522442836,0.0053721276416000005,0.011012076191048546,0.02751739578837533,0.052537516199999995,0.08005491198837533,5253751620.0,98.0,86.0,111.0,111.0,441251840.0,8282728.0,428,16,0.023221988251157268,112,0.008930232558139534,,NN6,32,8,R,,,112
MAX,RRM,-1,"[1000, 1000, 1000, 1000, 1000, 1000, 1000, 10]",0.10112910050727758,0.0035963110686318875,0.0975225494386457,0.00013580023456976728,0.09738674920407593,1.024e-05,0.001674719269063383,0.8542576921049142,0.0471105511424,0.04793519364044957,0.9509781561568271,0.056799916199999995,1.007778072356827,5679991620.0,875.0,752.0,500.0,999.0,3851253760.0,6444456.0,3980,16,0.10111886050727759,1000,0.001,,NN6,32,8,R,,,
F200,RRM,-1,"[200, 200, 200, 200, 200, 200, 200, 10]",0.027284635489087175,0.007321278708293156,0.01995311678079402,0.0001252201979122268,0.019827896582881793,1.024e-05,0.00034052238942182807,0.03487922735426005,0.00955639808,0.01293291722182732,0.057709065045509204,0.0529599162,0.1106689812455092,5295991620.0,175.0,152.0,399.0,200.0,783104000.0,2801904.0,5620,2,0.008482152253213915,1000,0.0,,NN6,32,8,R,,,
BESTFIX,RRM,-1,"[112, 112, 112, 112, 112, 112, 112, 10]",0.02333314013499888,0.01191304064022546,0.01140985949477342,0.00012411412773376235,0.011285745367039657,1.024e-05,0.0001935783741216693,0.011137699795028431,0.00542025728,0.011059908423989469,0.02781144387313957,0.052537516199999995,0.08034896007313956,5253751620.0,98.0,86.0,223.0,112.0,445184000.0,2628752.0,3156,2,0.004626350483079217,794,0.0,,NN6,32,8,R,,,112
MAX,ORRM,-1,"[1000, 1000, 1000, 1000, 1000, 1000, 1000, 10]",0.10112910050727758,0.0035963110686318875,0.0975225494386457,0.00013580023456976728,0.09738674920407593,1.024e-05,0.001674719269063383,0.8542576921049142,0.0471105511424,0.04793519364044957,0.9509781561568271,0.056799916199999995,1.007778072356827,5679991620.0,875.0,752.0,500.0,999.0,3851253760.0,6444456.0,3980,16,0.10111886050727759,1000,0.001,,NN6,32,8,R,,,
F200,ORRM,-1,"[200, 200, 200, 200, 200, 200, 200, 10]",0.027255229842791773,0.007321278708293156,0.019923711134498617,0.00012513989800021235,0.019798571236498405,1.024e-05,0.00034002996873823253,0.034776180557744514,0.00954190592,0.0129189789454833,0.05757709539196605,0.0529599162,0.11053701159196605,5295991620.0,175.0,152.0,340.0,200.0,781920000.0,2965072.0,4164,4,0.008479858852389926,1000,0.0015213815789473684,,NN6,32,8,R,,,
BESTFIX,ORRM,-1,"[112, 112, 112, 112, 112, 112, 112, 10]",0.02333314013499888,0.01191304064022546,0.01140985949477342,0.00012411412773376235,0.011285745367039657,1.024e-05,0.0001935783741216693,0.011137699795028431,0.00542025728,0.011059908423989469,0.02781144387313957,0.052537516199999995,0.08034896007313956,5253751620.0,98.0,86.0,223.0,112.0,445184000.0,2628752.0,3156,2,0.004626350483079217,794,0.0,,NN6,32,8,R,,,112
RI,FM,-1,"[1000, 1000, 1000, 1000, 1000, 1000, 1000, 10]",0.004103583375041582,0.0038490998187488998,0.000244243556292683,0.00013580023456976728,0.0001084433217229157,1.024e-05,4.200127886909541e-06,0.0019044372813844395,0.022802942771200003,0.0019450985197697098,0.026656678700241063,0.0678595962,0.09451627490024106,6785959620.0,875.0,752.0,500.0,999.0,8706560.0,5612776.0,3980,16,0.004093343375041582,1000,0.001,"[9453.61816684195, 6106.840275309985, 6580.708601944293, 6106.840275309985, 6580.708601944293, 6106.840275309985, 6081.137130260837, 1183.4805542222578]",NN6,32,8,T,,,
CS,FM,-1,"[1000, 1000, 1000, 1000, 1000, 1000, 1000, 10]",0.004103583375041582,0.0038490998187488998,0.000244243556292683,0.00013580023456976728,0.0001084433217229157,1.024e-05,4.200127886909541e-06,0.0019044372813844395,0.022802942771200003,0.0019450985197697098,0.026656678700241063,0.0678595962,0.09451627490024106,6785959620.0,875.0,752.0,500.0,999.0,8706560.0,5612776.0,3980,16,0.004093343375041582,1000,0.001,,NN6,32,8,T,1,7003,
CS,RRM,-1,"[1000, 1000, 1000, 1000, 1000, 1000, 1000, 10]",0.004103583375041582,0.0038490998187488998,0.000244243556292683,0.00013580023456976728,0.0001084433217229157,1.024e-05,4.200127886909541e-06,0.0019044372813844395,0.022802942771200003,0.0019450985197697098,0.026656678700241063,0.0678595962,0.09451627490024106,6785959620.0,875.0,752.0,500.0,999.0,8706560.0,5612776.0,3980,16,0.004093343375041582,1000,0.001,,NN6,32,8,T,1,7003,
CS,ORRM,-1,"[1000, 1000, 1000, 1000, 1000, 1000, 1000, 10]",0.004103583375041582,0.0038490998187488998,0.000244243556292683,0.00013580023456976728,0.0001084433217229157,1.024e-05,4.200127886909541e-06,0.0019044372813844395,0.022802942771200003,0.0019450985197697098,0.026656678700241063,0.0678595962,0.09451627490024106,6785959620.0,875.0,752.0,500.0,999.0,8706560.0,5612776.0,3980,16,0.004093343375041582,1000,0.001,,NN6,32,8,T,,,
CS_Er,ORRM,-1,"[1000, 1000, 1000, 1000, 1000, 1000, 1000, 10]",0.004103583375041582,0.0038490998187488998,0.000244243556292683,0.00013580023456976728,0.0001084433217229157,1.024e-05,4.200127886909541e-06,0.0019044372813844395,0.022802942771200003,0.0019450985197697098,0.026656678700241063,0.0678595962,0.09451627490024106,6785959620.0,875.0,752.0,500.0,999.0,8706560.0,5612776.0,3980,16,0.004093343375041582,1000,0.001,,NN6,32,8,T,,,
CSE,FM,-1,"[286, 100, 211, 100, 211, 100, 250, 10]",0.009869831987311216,0.009630580302337073,0.00022901168497414302,0.00012769790983515513,0.00010131377513898789,1.024e-05,3.845379871121963e-06,0.00022191381432229537,0.0029388554239999994,0.004678300361985516,0.007842914980178932,0.0678595962,0.07570251118017893,6785959620.0,161.0,127.0,285.0,285.0,8706560.0,8130536.0,2612,16,0.009859591987311216,286,0.004372384937238493,,NN6,32,8,T,,,
BESTFIXE,FM,-1,"[167, 167, 167, 167, 167, 167, 167, 10]",0.008926527392720165,0.008691569915583687,0.000224717477136478,0.00012543302285874364,9.928445427773433e-05,1.024e-05,3.8420564316003186e-06,0.00029159572666378813,0.0038600566784000004,0.004231173984149358,0.008386668445644747,0.0678595962,0.07624626464564474,6785959620.0,147.0,128.0,166.0,166.0,8706560.0,7723296.0,648,16,0.008916287392720164,167,0.0059882121807465615,,NN6,32,8,T,,,167
MAX,FM,-1,"[1000, 1000, 1000, 1000, 1000, 1000, 1000, 10]",0.004103583375041582,0.0038490998187488998,0.000244243556292683,0.00013580023456976728,0.0001084433217229157,1.024e-05,4.200127886909541e-06,0.0019044372813844395,0.022802942771200003,0.0019450985197697098,0.026656678700241063,0.0678595962,0.09451627490024106,6785959620.0,875.0,752.0,500.0,999.0,8706560.0,5612776.0,3980,16,0.004093343375041582,1000,0.001,,NN6,32,8,T,,,
F200,FM,-1,"[200, 200, 200, 200, 200, 200, 200, 10]",0.008021543882663783,0.00778730690681749,0.00022399697584629384,0.00012501931574060126,9.897766010569258e-05,1.024e-05,3.851921884972604e-06,0.0003496568058257355,0.004610519449599999,0.0038022118003826332,0.008766239977693342,0.0678595962,0.07662583617769333,6785959620.0,175.0,152.0,199.0,199.0,8706560.0,7301192.0,780,16,0.008011303882663787,200,0.005,,NN6,32,8,T,,,
BESTFIX,FM,-1,"[1000, 1000, 1000, 1000, 1000, 1000, 1000, 10]",0.004103583375041582,0.0038490998187488998,0.000244243556292683,0.00013580023456976728,0.0001084433217229157,1.024e-05,4.200127886909541e-06,0.0019044372813844395,0.022802942771200003,0.0019450985197697098,0.026656678700241063,0.0678595962,0.09451627490024106,6785959620.0,875.0,752.0,500.0,999.0,8706560.0,5612776.0,3980,16,0.004093343375041582,1000,0.001,,NN6,32,8,T,,,1000
MAX,RRM,-1,"[1000, 1000, 1000, 1000, 1000, 1000, 1000, 10]",0.004103583375041582,0.0038490998187488998,0.000244243556292683,0.00013580023456976728,0.0001084433217229157,1.024e-05,4.200127886909541e-06,0.0019044372813844395,0.022802942771200003,0.0019450985197697098,0.026656678700241063,0.0678595962,0.09451627490024106,6785959620.0,875.0,752.0,500.0,999.0,8706560.0,5612776.0,3980,16,0.004093343375041582,1000,0.001,,NN6,32,8,T,,,
F200,RRM,-1,"[200, 200, 200, 200, 200, 200, 200, 10]",0.008021943687611513,0.00778730690681749,0.00022439678079402205,0.0001252201979122268,9.917658288179524e-05,1.024e-05,3.858796480651727e-06,0.0003521053762365204,0.004633411379200001,0.0038024013079278568,0.00879177685984503,0.0678595962,0.07665137305984503,6785959620.0,175.0,152.0,399.0,200.0,8706560.0,3121904.0,5620,2,0.0021391883392559495,1000,0.0,,NN6,32,8,T,,,
BESTFIX,RRM,-1,"[1000, 1000, 1000, 1000, 1000, 1000, 1000, 10]",0.004103583375041582,0.0038490998187488998,0.000244243556292683,0.00013580023456976728,0.0001084433217229157,1.024e-05,4.200127886909541e-06,0.0019044372813844395,0.022802942771200003,0.0019450985197697098,0.026656678700241063,0.0678595962,0.09451627490024106,6785959620.0,875.0,752.0,500.0,999.0,8706560.0,5612776.0,3980,16,0.004093343375041582,1000,0.001,,NN6,32,8,T,,,1000
MAX,ORRM,-1,"[1000, 1000, 1000, 1000, 1000, 1000, 1000, 10]",0.004103583375041582,0.0038490998187488998,0.000244243556292683,0.00013580023456976728,0.0001084433217229157,1.024e-05,4.200127886909541e-06,0.0019044372813844395,0.022802942771200003,0.0019450985197697098,0.026656678700241063,0.0678595962,0.09451627490024106,6785959620.0,875.0,752.0,500.0,999.0,8706560.0,5612776.0,3980,16,0.004093343375041582,1000,0.001,,NN6,32,8,T,,,
F200,ORRM,-1,"[200, 200, 200, 200, 200, 200, 200, 10]",0.008021785100139641,0.00778730690681749,0.00022423819332215177,0.00012513989800021235,9.909829532193943e-05,1.024e-05,3.856069914703226e-06,0.0003513052519798155,0.0046265460736,0.00380232613746619,0.008784033532960709,0.0678595962,0.07664362973296071,6785959620.0,175.0,152.0,340.0,200.0,8706560.0,3121904.0,4164,4,0.0022481652713130292,1000,0.0015213815789473684,,NN6,32,8,T,,,
BESTFIX,ORRM,-1,"[1000, 1000, 1000, 1000, 1000, 1000, 1000, 10]",0.004103583375041582,0.0038490998187488998,0.000244243556292683,0.00013580023456976728,0.0001084433217229157,1.024e-05,4.200127886909541e-06,0.0019044372813844395,0.022802942771200003,0.0019450985197697098,0.026656678700241063,0.0678595962,0.09451627490024106,6785959620.0,875.0,752.0,500.0,999.0,8706560.0,5612776.0,3980,16,0.004093343375041582,1000,0.001,,NN6,32,8,T,,,1000
RI,FM,-1,"[1000, 171, 364, 171, 364, 171, 364, 10]",0.009290127497046732,0.006266715918084147,0.0030131715789625843,1.6922746760705798e-05,0.0029962488322018786,1.024e-05,0.0003558404454524397,0.0786378794999285,0.009983937167360001,0.004403520433600151,0.09338117754634108,0.053005996199999995,0.14638717374634108,5300599620.0,43.0,28.0,500.0,999.0,818033664.0,7101960.0,6296,16,0.00927988749704673,1000,0.002373115577889447,"[24718.46935210815, 171.2731709372253, 364.2326866345403, 171.2731709372253, 364.2326866345403, 171.2731709372253, 364.2326866345403, 25.103509100190937]",NN6,32,64,R,,,
CS,FM,-1,"[1000, 256, 445, 256, 445, 256, 445, 10]",0.00913972139123339,0.005341305767447472,0.0037881756237859183,1.6242523959025013e-05,0.003771933099826893,1.024e-05,0.0004962432528531035,0.13041265926118759,0.013937818296320003,0.004332227939444626,0.14917894874980533,0.053410156199999996,0.20258910494980534,5341015620.0,49.0,34.0,500.0,999.0,1141063168.0,6858792.0,6248,16,0.00912948139123339,1000,0.0019613222397121656,,NN6,32,64,R,2,14005,
CS,RRM,-1,"[1000, 250, 445, 250, 445, 250, 445, 10]",0.009145916823276699,0.005340903842301166,0.003794772980975533,1.6277819556754828e-05,0.0037784951614187783,1.024e-05,0.0004890773000427776,0.1276990389906753,0.01373640704,0.004335164574233155,0.14625968790495125,0.053387116199999994,0.19964680410495125,5338711620.0,49.0,34.0,500.0,999.0,1124608000.0,3891928.0,11360,2,0.003767308470700285,1000,0.00022857142857142857,,NN6,32,64,R,2,14005,
CS,ORRM,-1,"[1000, 250, 445, 250, 445, 250, 445, 10]",0.00914184839076029,0.005340903842301166,0.0037907045484591242,1.6257537165261176e-05,0.003774447011293863,1.024e-05,0.0004885762957533336,0.12746944904955698,0.013722071552000002,0.004333236137220377,0.14601333303453068,0.053387116199999994,0.19940044923453068,5338711620.0,49.0,34.0,500.0,999.0,1123436800.0,4222304.0,9320,4,0.004758691377382995,1000,0.0012742857142857143,,NN6,32,64,R,,,
CS_Er,ORRM,-1,"[1000, 250, 445, 250, 445, 250, 445, 10]",0.00914184839076029,0.005340903842301166,0.0037907045484591242,1.6257537165261176e-05,0.003774447011293863,1.024e-05,0.0004885762957533336,0.12746944904955698,0.013722071552000002,0.004333236137220377,0.14601333303453068,0.053387116199999994,0.19940044923453068,5338711620.0,49.0,34.0,500.0,999.0,1123436800.0,4222304.0,9320,4,0.004758691377382995,1000,0.0012742857142857143,,NN6,32,64,R,,,
CSE,FM,-1,"[63, 50, 50, 50, 50, 50, 87, 5]",0.02164866679455903,0.02059948632731267,0.0010389404672463578,1.9552586564355405e-05,0.0010193878806820024,1.024e-05,9.046132402311505e-05,0.0024888956868752187,0.00251427055616,0.01026146806062098,0.015355095627679314,0.052245356199999995,0.0676004518276793,5224535620.0,8.0,8.0,86.0,86.0,207766784.0,10458608.0,390,16,0.021638426794559032,87,0.017857496902106567,,NN6,32,64,R,,,
BESTFIXE,FM,-1,"[50, 50, 50, 50, 50, 50, 50, 10]",0.02268688378355056,0.021692960081783046,0.0009836837017675112,1.9747733236696863e-05,0.0009639359685308144,1.024e-05,8.829413251150283e-05,0.0022435993327911867,0.0024566497280000005,0.010753582913402964,0.015542126106705655,0.0522399162,0.06778204230670565,5223991620.0,7.0,7.0,49.0,49.0,203059200.0,10810352.0,180,16,0.022676643783550547,50,0.02,,NN6,32,64,R,,,50
MAX,FM,-1,"[1000, 1000, 1000, 1000, 1000, 1000, 1000, 10]",0.016243349290547986,0.0035963110686318875,0.0126367982219161,1.738544989473626e-05,0.012619412772021363,1.024e-05,0.0016747197797489324,0.8542576949660545,0.0471105511424,0.007699347563719745,0.9107423134519232,0.056799916199999995,0.9675422296519233,5679991620.0,112.0,97.0,500.0,999.0,3851253760.0,6444456.0,3980,16,0.01623310929054799,1000,0.001,,NN6,32,64,R,,,
F200,FM,-1,"[200, 200, 200, 200, 200, 200, 200, 10]",0.010648210500332387,0.007321278708293156,0.0033166917920392303,2.001051856927125e-05,0.003296681273469959,1.024e-05,0.0003388249955575404,0.03453248064978233,0.009508769791999999,0.005047251777157551,0.04942732721449742,0.0529599162,0.10238724341449743,5295991620.0,28.0,25.0,199.0,199.0,779212800.0,7363592.0,780,16,0.010637970500332387,200,0.005,,NN6,32,64,R,,,
BESTFIX,FM,-1,"[250, 250, 250, 250, 250, 250, 250, 10]",0.009762670638352386,0.006436343253182421,0.0033160873851699646,1.6084785722873422e-05,0.003300002599447091,1.024e-05,0.0004223194694331947,0.05381520543941361,0.011858975129600002,0.00462750588257903,0.07072400592102583,0.053199916199999996,0.12392392212102582,5319991620.0,28.0,25.0,249.0,249.0,971223040.0,7133808.0,980,16,0.009752430638352388,250,0.004,,NN6,32,64,R,,,250
MAX,RRM,-1,"[1000, 1000, 1000, 1000, 1000, 1000, 1000, 10]",0.016243349290547986,0.0035963110686318875,0.0126367982219161,1.738544989473626e-05,0.012619412772021363,1.024e-05,0.0016747197797489324,0.8542576949660545,0.0471105511424,0.007699347563719745,0.9107423134519232,0.056799916199999995,0.9675422296519233,5679991620.0,112.0,97.0,500.0,999.0,3851253760.0,6444456.0,3980,16,0.01623310929054799,1000,0.001,,NN6,32,64,R,,,
F200,RRM,-1,"[200, 200, 200, 200, 200, 200, 200, 10]",0.010664834747125538,0.007321278708293156,0.0033333160388323824,2.003523166595629e-05,0.003313280807166426,1.024e-05,0.0003405237159290667,0.03487935350669816,0.00955639808,0.0050551316701375046,0.04983140697276473,0.0529599162,0.10279132317276474,5295991620.0,28.0,25.0,399.0,200.0,783104000.0,2801904.0,5620,2,0.003018605792899428,1000,0.0,,NN6,32,64,R,,,
BESTFIX,RRM,-1,"[250, 250, 250, 250, 250, 250, 250, 10]",0.009776001802707475,0.006436343253182421,0.0033294185495250537,1.612406189439072e-05,0.003313294487630663,1.024e-05,0.00042401741371597234,0.054247912518230065,0.01190647808,0.0046338248544833425,0.07121223286642937,0.053199916199999996,0.12441214906642936,5319991620.0,28.0,25.0,499.0,250.0,975104000.0,3459168.0,7020,2,0.00371317644697299,1000,0.0,,NN6,32,64,R,,,250
MAX,ORRM,-1,"[1000, 1000, 1000, 1000, 1000, 1000, 1000, 10]",0.016243349202286927,0.0035963110686318875,0.01263679813365504,1.738536163367667e-05,0.012619412772021363,1.024e-05,0.0016747197721584813,0.8542576949257764,0.0471105511424,0.0076993475218840035,0.910742313362219,0.056799916199999995,0.967542229562219,5679991620.0,112.0,97.0,500.0,999.0,3851253760.0,6444456.0,3980,16,0.01623310920228693,1000,0.001,,NN6,32,64,R,,,
F200,ORRM,-1,"[200, 200, 200, 200, 200, 200, 200, 10]",0.01066377403382273,0.007321278708293156,0.003332255325529574,2.0022398507891985e-05,0.003312232927021682,1.024e-05,0.0003404987305395888,0.03482400664423666,0.00954190592,0.005054628892031974,0.04976104018680822,0.0529599162,0.10272095638680823,5295991620.0,28.0,25.0,340.0,200.0,781920000.0,2965072.0,4164,4,0.0030253797416232046,1000,0.0015213815789473684,,NN6,32,64,R,,,
BESTFIX,ORRM,-1,"[250, 250, 250, 250, 250, 250, 250, 10]",0.00977202106556874,0.006436343253182421,0.00332543781238632,1.6100619756963765e-05,0.0033093371926293563,1.024e-05,0.0004235659827136573,0.05409481626196853,0.011885484032,0.004631937985079583,0.07103580426176176,0.053199916199999996,0.12423572046176176,5319991620.0,28.0,25.0,390.0,250.0,973388800.0,2898192.0,4364,4,0.0027688722738167196,1000,0.0017678100263852242,,NN6,32,64,R,,,250
RI,FM,-1,"[1000, 1000, 1000, 1000, 1000, 1000, 1000, 10]",0.0038906556877238213,0.0038490998187488998,3.131586897492147e-05,1.738544989473626e-05,1.3930419080185212e-05,1.024e-05,4.2006385724612e-06,0.0019044401425245667,0.022802942771200003,0.0018441707959810912,0.026555754348278122,0.0678595962,0.09441535054827813,6785959620.0,112.0,97.0,500.0,999.0,8706560.0,5612776.0,3980,16,0.003880415687723822,1000,0.001,"[26738.870050089125, 17272.752681179256, 18613.054709789816, 17272.752681179256, 18613.054709789816, 17272.752681179256, 17200.053208530957, 3347.388501171888]",NN6,32,64,T,,,
CS,FM,-1,"[1000, 1000, 1000, 1000, 1000, 1000, 1000, 10]",0.0038906556877238213,0.0038490998187488998,3.131586897492147e-05,1.738544989473626e-05,1.3930419080185212e-05,1.024e-05,4.2006385724612e-06,0.0019044401425245667,0.022802942771200003,0.0018441707959810912,0.026555754348278122,0.0678595962,0.09441535054827813,6785959620.0,112.0,97.0,500.0,999.0,8706560.0,5612776.0,3980,16,0.003880415687723822,1000,0.001,,NN6,32,64,T,1,7003,
CS,RRM,-1,"[1000, 1000, 1000, 1000, 1000, 1000, 1000, 10]",0.0038906556877238213,0.0038490998187488998,3.131586897492147e-05,1.738544989473626e-05,1.3930419080185212e-05,1.024e-05,4.2006385724612e-06,0.0019044401425245667,0.022802942771200003,0.0018441707959810912,0.026555754348278122,0.0678595962,0.09441535054827813,6785959620.0,112.0,97.0,500.0,999.0,8706560.0,5612776.0,3980,16,0.003880415687723822,1000,0.001,,NN6,32,64,T,1,7003,
CS,ORRM,-1,"[1000, 1000, 1000, 1000, 1000, 1000, 1000, 10]",0.0038906555994627614,0.0038490998187488998,3.131578071386188e-05,1.738536163367667e-05,1.3930419080185212e-05,1.024e-05,4.2006309820100755e-06,0.0019044401022464555,0.022802942771200003,0.0018441707541453488,0.02655575425857382,0.0678595962,0.09441535045857381,6785959620.0,112.0,97.0,500.0,999.0,8706560.0,5612776.0,3980,16,0.0038804155994627623,1000,0.001,,NN6,32,64,T,,,
CS_Er,ORRM,-1,"[1000, 1000, 1000, 1000, 1000, 1000, 1000, 10]",0.0038906555994627614,0.0038490998187488998,3.131578071386188e-05,1.738536163367667e-05,1.3930419080185212e-05,1.024e-05,4.2006309820100755e-06,0.0019044401022464555,0.022802942771200003,0.0018441707541453488,0.02655575425857382,0.0678595962,0.09441535045857381,6785959620.0,112.0,97.0,500.0,999.0,8706560.0,5612776.0,3980,16,0.0038804155994627623,1000,0.001,,NN6,32,64,T,,,
CSE,FM,-1,"[286, 100, 211, 100, 211, 100, 250, 10]",0.009673579503689474,0.009630580302337073,3.275920135240007e-05,1.8189307331517126e-05,1.456989402088294e-05,1.024e-05,3.847774116656601e-06,0.00022204836261943865,0.0029388554239999994,0.004585276684748811,0.007750028245484906,0.0678595962,0.0756096244454849,6785959620.0,23.0,19.0,285.0,285.0,8706560.0,8130536.0,2612,16,0.009663339503689474,286,0.004372384937238493,,NN6,32,64,T,,,
BESTFIXE,FM,-1,"[167, 167, 167, 167, 167, 167, 167, 10]",0.008734018431120266,0.008691569915583687,3.220851553657948e-05,1.7953331542473487e-05,1.4255183994105994e-05,1.024e-05,3.848460167845837e-06,0.00029207305873511953,0.0038600566784000004,0.004139924736351006,0.008295902933653971,0.0678595962,0.07615549913365396,6785959620.0,21.0,19.0,166.0,166.0,8706560.0,7723296.0,648,16,0.008723778431120264,167,0.0059882121807465615,,NN6,32,64,T,,,167
MAX,FM,-1,"[1000, 1000, 1000, 1000, 1000, 1000, 1000, 10]",0.0038906556877238213,0.0038490998187488998,3.131586897492147e-05,1.738544989473626e-05,1.3930419080185212e-05,1.024e-05,4.2006385724612e-06,0.0019044401425245667,0.022802942771200003,0.0018441707959810912,0.026555754348278122,0.0678595962,0.09441535054827813,6785959620.0,112.0,97.0,500.0,999.0,8706560.0,5612776.0,3980,16,0.003880415687723822,1000,0.001,,NN6,32,64,T,,,
F200,FM,-1,"[200, 200, 200, 200, 200, 200, 200, 10]",0.007833443404739075,0.00778730690681749,3.589649792158391e-05,2.001051856927125e-05,1.5885979352312657e-05,1.024e-05,3.853073204599198e-06,0.0003497644803705527,0.004610519449599999,0.003713052173846321,0.008677189177021472,0.0678595962,0.07653678537702147,6785959620.0,28.0,25.0,199.0,199.0,8706560.0,7301192.0,780,16,0.007823203404739075,200,0.005,,NN6,32,64,T,,,
BESTFIX,FM,-1,"[1000, 1000, 1000, 1000, 1000, 1000, 1000, 10]",0.0038906556877238213,0.0038490998187488998,3.131586897492147e-05,1.738544989473626e-05,1.3930419080185212e-05,1.024e-05,4.2006385724612e-06,0.0019044401425245667,0.022802942771200003,0.0018441707959810912,0.026555754348278122,0.0678595962,0.09441535054827813,6785959620.0,112.0,97.0,500.0,999.0,8706560.0,5612776.0,3980,16,0.003880415687723822,1000,0.001,,NN6,32,64,T,,,1000
MAX,RRM,-1,"[1000, 1000, 1000, 1000, 1000, 1000, 1000, 10]",0.0038906556877238213,0.0038490998187488998,3.131586897492147e-05,1.738544989473626e-05,1.3930419080185212e-05,1.024e-05,4.2006385724612e-06,0.0019044401425245667,0.022802942771200003,0.0018441707959810912,0.026555754348278122,0.0678595962,0.09441535054827813,6785959620.0,112.0,97.0,500.0,999.0,8706560.0,5612776.0,3980,16,0.003880415687723822,1000,0.001,,NN6,32,64,T,,,
F200,RRM,-1,"[200, 200, 200, 200, 200, 200, 200, 10]",0.007833502945649874,0.00778730690681749,3.595603883238294e-05,2.003523166595629e-05,1.5920807166426647e-05,1.024e-05,3.8601229878902775e-06,0.0003522315286746206,0.004633411379200001,0.00371308039623804,0.008702583427100551,0.0678595962,0.07656217962710055,6785959620.0,28.0,25.0,399.0,200.0,8706560.0,3121904.0,5620,2,0.0021057425169756887,1000,0.0,,NN6,32,64,T,,,
BESTFIX,RRM,-1,"[1000, 1000, 1000, 1000, 1000, 1000, 1000, 10]",0.0038906556877238213,0.0038490998187488998,3.131586897492147e-05,1.738544989473626e-05,1.3930419080185212e-05,1.024e-05,4.2006385724612e-06,0.0019044401425245667,0.022802942771200003,0.0018441707959810912,0.026555754348278122,0.0678595962,0.09441535054827813,6785959620.0,112.0,97.0,500.0,999.0,8706560.0,5612776.0,3980,16,0.003880415687723822,1000,0.001,,NN6,32,64,T,,,1000
MAX,ORRM,-1,"[1000, 1000, 1000, 1000, 1000, 1000, 1000, 10]",0.0038906555994627614,0.0038490998187488998,3.131578071386188e-05,1.738536163367667e-05,1.3930419080185212e-05,1.024e-05,4.2006309820100755e-06,0.0019044401022464555,0.022802942771200003,0.0018441707541453488,0.02655575425857382,0.0678595962,0.09441535045857381,6785959620.0,112.0,97.0,500.0,999.0,8706560.0,5612776.0,3980,16,0.0038804155994627623,1000,0.001,,NN6,32,64,T,,,
F200,ORRM,-1,"[200, 200, 200, 200, 200, 200, 200, 10]",0.00783347752646471,0.00778730690681749,3.593061964722118e-05,2.0022398507891985e-05,1.5908221139329194e-05,1.024e-05,3.857396421941777e-06,0.0003514311972954755,0.0046265460736,0.003713068347544273,0.00869490301486169,0.0678595962,0.07655449921486168,6785959620.0,28.0,25.0,340.0,200.0,8706560.0,3121904.0,4164,4,0.0021926008604787424,1000,0.0015213815789473684,,NN6,32,64,T,,,
BESTFIX,ORRM,-1,"[1000, 1000, 1000, 1000, 1000, 1000, 1000, 10]",0.0038906555994627614,0.0038490998187488998,3.131578071386188e-05,1.738536163367667e-05,1.3930419080185212e-05,1.024e-05,4.2006309820100755e-06,0.0019044401022464555,0.022802942771200003,0.0018441707541453488,0.02655575425857382,0.0678595962,0.09441535045857381,6785959620.0,112.0,97.0,500.0,999.0,8706560.0,5612776.0,3980,16,0.0038804155994627623,1000,0.001,,NN6,32,64,T,,,1000
